obs_id,point_id,lat,lon
marida_48MYU_2019-12-01,marida_48MYU_2019-12-01_P0001,-6.298315507412215,106.59634514583671
marida_48MYU_2019-12-01,marida_48MYU_2019-12-01_P0002,-5.6892057965703735,106.59634514583671
marida_48MYU_2019-12-01,marida_48MYU_2019-12-01_P0003,-5.6892057965703735,107.18537478631985
marida_48MYU_2019-12-01,marida_48MYU_2019-12-01_P0004,-6.298315507412215,107.18537478631985
marida_48MYU_2019-12-01,marida_48MYU_2019-12-01_P0005,-6.298315507412215,106.59634514583671
marida_19QDA_2019-01-11,marida_19QDA_2019-01-11_P0001,18.146211909978078,-70.207300051098
marida_19QDA_2019-01-11,marida_19QDA_2019-01-11_P0002,18.75543875001606,-70.207300051098
marida_19QDA_2019-01-11,marida_19QDA_2019-01-11_P0003,18.75543875001606,-69.54144165609097
marida_19QDA_2019-01-11,marida_19QDA_2019-01-11_P0004,18.146211909978078,-69.54144165609097
marida_19QDA_2019-01-11,marida_19QDA_2019-01-11_P0005,18.146211909978078,-70.207300051098
marida_16PCC_2018-06-11,marida_16PCC_2018-06-11_P0001,15.426424951066076,-88.92506914823514
marida_16PCC_2018-06-11,marida_16PCC_2018-06-11_P0002,16.290854433977543,-88.92506914823514
marida_16PCC_2018-06-11,marida_16PCC_2018-06-11_P0003,16.290854433977543,-87.78930562046315
marida_16PCC_2018-06-11,marida_16PCC_2018-06-11_P0004,15.426424951066076,-87.78930562046315
marida_16PCC_2018-06-11,marida_16PCC_2018-06-11_P0005,15.426424951066076,-88.92506914823514
marida_16PCC_2017-01-12,marida_16PCC_2017-01-12_P0001,15.432940089936547,-88.68372029347597
marida_16PCC_2017-01-12,marida_16PCC_2017-01-12_P0002,16.20418545678826,-88.68372029347597
marida_16PCC_2017-01-12,marida_16PCC_2017-01-12_P0003,16.20418545678826,-87.78786065877492
marida_16PCC_2017-01-12,marida_16PCC_2017-01-12_P0004,15.432940089936547,-87.78786065877492
marida_16PCC_2017-01-12,marida_16PCC_2017-01-12_P0005,15.432940089936547,-88.68372029347597
marida_16PEC_2017-01-12,marida_16PEC_2017-01-12_P0001,15.501038661295068,-87.27693311285574
marida_16PEC_2017-01-12,marida_16PEC_2017-01-12_P0002,16.48065644573778,-87.27693311285574
marida_16PEC_2017-01-12,marida_16PEC_2017-01-12_P0003,16.48065644573778,-85.94967278139299
marida_16PEC_2017-01-12,marida_16PEC_2017-01-12_P0004,15.501038661295068,-85.94967278139299
marida_16PEC_2017-01-12,marida_16PEC_2017-01-12_P0005,15.501038661295068,-87.27693311285574
marida_16PEC_2019-01-12,marida_16PEC_2019-01-12_P0001,15.483434423638773,-87.28082151836338
marida_16PEC_2019-01-12,marida_16PEC_2019-01-12_P0002,16.548161550600565,-87.28082151836338
marida_16PEC_2019-01-12,marida_16PEC_2019-01-12_P0003,16.548161550600565,-85.86093641026656
marida_16PEC_2019-01-12,marida_16PEC_2019-01-12_P0004,15.483434423638773,-85.86093641026656
marida_16PEC_2019-01-12,marida_16PEC_2019-01-12_P0005,15.483434423638773,-87.28082151836338
marida_16PCC_2020-12-12,marida_16PCC_2020-12-12_P0001,15.432105956397908,-88.61539939609482
marida_16PCC_2020-12-12,marida_16PCC_2020-12-12_P0002,16.29494273170535,-88.61539939609482
marida_16PCC_2020-12-12,marida_16PCC_2020-12-12_P0003,16.29494273170535,-87.7421567366746
marida_16PCC_2020-12-12,marida_16PCC_2020-12-12_P0004,15.432105956397908,-87.7421567366746
marida_16PCC_2020-12-12,marida_16PCC_2020-12-12_P0005,15.432105956397908,-88.61539939609482
marida_16PCC_2018-12-13,marida_16PCC_2018-12-13_P0001,15.429631746356055,-88.70064744912774
marida_16PCC_2018-12-13,marida_16PCC_2018-12-13_P0002,16.362713456090944,-88.70064744912774
marida_16PCC_2018-12-13,marida_16PCC_2018-12-13_P0003,16.362713456090944,-87.63690015406618
marida_16PCC_2018-12-13,marida_16PCC_2018-12-13_P0004,15.429631746356055,-87.63690015406618
marida_16PCC_2018-12-13,marida_16PCC_2018-12-13_P0005,15.429631746356055,-88.70064744912774
marida_48PZC_2018-11-14,marida_48PZC_2018-11-14_P0001,15.557777837184348,108.10198238242465
marida_48PZC_2018-11-14,marida_48PZC_2018-11-14_P0002,16.282947904820777,108.10198238242465
marida_48PZC_2018-11-14,marida_48PZC_2018-11-14_P0003,16.282947904820777,108.90298869896542
marida_48PZC_2018-11-14,marida_48PZC_2018-11-14_P0004,15.557777837184348,108.90298869896542
marida_48PZC_2018-11-14,marida_48PZC_2018-11-14_P0005,15.557777837184348,108.10198238242465
marida_18QYF_2020-12-14,marida_18QYF_2020-12-14_P0001,18.269838830895736,-72.68846630812828
marida_18QYF_2020-12-14,marida_18QYF_2020-12-14_P0002,18.856331091960612,-72.68846630812828
marida_18QYF_2020-12-14,marida_18QYF_2020-12-14_P0003,18.856331091960612,-72.07008425365548
marida_18QYF_2020-12-14,marida_18QYF_2020-12-14_P0004,18.269838830895736,-72.07008425365548
marida_18QYF_2020-12-14,marida_18QYF_2020-12-14_P0005,18.269838830895736,-72.68846630812828
marida_18QYF_2020-03-14,marida_18QYF_2020-03-14_P0001,18.27793478854745,-72.79608552152192
marida_18QYF_2020-03-14,marida_18QYF_2020-03-14_P0002,18.865731657663794,-72.79608552152192
marida_18QYF_2020-03-14,marida_18QYF_2020-03-14_P0003,18.865731657663794,-72.08074576226645
marida_18QYF_2020-03-14,marida_18QYF_2020-03-14_P0004,18.27793478854745,-72.08074576226645
marida_18QYF_2020-03-14,marida_18QYF_2020-03-14_P0005,18.27793478854745,-72.79608552152192
marida_16PCC_2018-09-14,marida_16PCC_2018-09-14_P0001,15.429508187789656,-88.65531445477787
marida_16PCC_2018-09-14,marida_16PCC_2018-09-14_P0002,16.40967732786872,-88.65531445477787
marida_16PCC_2018-09-14,marida_16PCC_2018-09-14_P0003,16.40967732786872,-87.56820989120449
marida_16PCC_2018-09-14,marida_16PCC_2018-09-14_P0004,15.429508187789656,-87.56820989120449
marida_16PCC_2018-09-14,marida_16PCC_2018-09-14_P0005,15.429508187789656,-88.65531445477787
marida_18QYF_2020-10-15,marida_18QYF_2020-10-15_P0001,17.873969398640305,-72.82837059132989
marida_18QYF_2020-10-15,marida_18QYF_2020-10-15_P0002,19.02058628655016,-72.82837059132989
marida_18QYF_2020-10-15,marida_18QYF_2020-10-15_P0003,19.02058628655016,-72.02044523420787
marida_18QYF_2020-10-15,marida_18QYF_2020-10-15_P0004,17.873969398640305,-72.02044523420787
marida_18QYF_2020-10-15,marida_18QYF_2020-10-15_P0005,17.873969398640305,-72.82837059132989
marida_16PCC_2020-11-15,marida_16PCC_2020-11-15_P0001,15.47836360881221,-89.13635018225041
marida_16PCC_2020-11-15,marida_16PCC_2020-11-15_P0002,16.296268842723173,-89.13635018225041
marida_16PCC_2020-11-15,marida_16PCC_2020-11-15_P0003,16.296268842723173,-88.23983088899658
marida_16PCC_2020-11-15,marida_16PCC_2020-11-15_P0004,15.47836360881221,-88.23983088899658
marida_16PCC_2020-11-15,marida_16PCC_2020-11-15_P0005,15.47836360881221,-89.13635018225041
marida_18QYF_2020-09-15,marida_18QYF_2020-09-15_P0001,18.36527251569919,-72.99903346981881
marida_18QYF_2020-09-15,marida_18QYF_2020-09-15_P0002,19.06639016403939,-72.99903346981881
marida_18QYF_2020-09-15,marida_18QYF_2020-09-15_P0003,19.06639016403939,-72.23317179325079
marida_18QYF_2020-09-15,marida_18QYF_2020-09-15_P0004,18.36527251569919,-72.23317179325079
marida_18QYF_2020-09-15,marida_18QYF_2020-09-15_P0005,18.36527251569919,-72.99903346981881
marida_16PEC_2018-02-16,marida_16PEC_2018-02-16_P0001,15.5168702981655,-87.2599424969865
marida_16PEC_2018-02-16,marida_16PEC_2018-02-16_P0002,16.241527436717575,-87.2599424969865
marida_16PEC_2018-02-16,marida_16PEC_2018-02-16_P0003,16.241527436717575,-85.98152009921802
marida_16PEC_2018-02-16,marida_16PEC_2018-02-16_P0004,15.5168702981655,-85.98152009921802
marida_16PEC_2018-02-16,marida_16PEC_2018-02-16_P0005,15.5168702981655,-87.2599424969865
marida_51PTS_2016-07-17,marida_51PTS_2016-07-17_P0001,14.312803332492509,120.44606199137566
marida_51PTS_2016-07-17,marida_51PTS_2016-07-17_P0002,14.921780589692686,120.44606199137566
marida_51PTS_2016-07-17,marida_51PTS_2016-07-17_P0003,14.921780589692686,121.05191442595834
marida_51PTS_2016-07-17,marida_51PTS_2016-07-17_P0004,14.312803332492509,121.05191442595834
marida_51PTS_2016-07-17,marida_51PTS_2016-07-17_P0005,14.312803332492509,120.44606199137566
marida_48PZC_2018-01-18,marida_48PZC_2018-01-18_P0001,15.400281859026315,108.0325801923376
marida_48PZC_2018-01-18,marida_48PZC_2018-01-18_P0002,16.36003032419651,108.0325801923376
marida_48PZC_2018-01-18,marida_48PZC_2018-01-18_P0003,16.36003032419651,109.08328601032197
marida_48PZC_2018-01-18,marida_48PZC_2018-01-18_P0004,15.400281859026315,109.08328601032197
marida_48PZC_2018-01-18,marida_48PZC_2018-01-18_P0005,15.400281859026315,108.0325801923376
marida_51PTS_2019-05-18,marida_51PTS_2019-05-18_P0001,14.278765713638155,120.55915900901023
marida_51PTS_2019-05-18,marida_51PTS_2019-05-18_P0002,14.86505284634532,120.55915900901023
marida_51PTS_2019-05-18,marida_51PTS_2019-05-18_P0003,14.86505284634532,121.16462961303142
marida_51PTS_2019-05-18,marida_51PTS_2019-05-18_P0004,14.278765713638155,121.16462961303142
marida_51PTS_2019-05-18,marida_51PTS_2019-05-18_P0005,14.278765713638155,120.55915900901023
marida_16PCC_2020-09-18,marida_16PCC_2020-09-18_P0001,15.420044665976238,-89.00791569797673
marida_16PCC_2020-09-18,marida_16PCC_2020-09-18_P0002,16.424479927854403,-89.00791569797673
marida_16PCC_2020-09-18,marida_16PCC_2020-09-18_P0003,16.424479927854403,-87.5789101772353
marida_16PCC_2020-09-18,marida_16PCC_2020-09-18_P0004,15.420044665976238,-87.5789101772353
marida_16PCC_2020-09-18,marida_16PCC_2020-09-18_P0005,15.420044665976238,-89.00791569797673
marida_16PDC_2020-09-18,marida_16PDC_2020-09-18_P0001,15.58162894057788,-88.21521306513152
marida_16PDC_2020-09-18,marida_16PDC_2020-09-18_P0002,16.514410934575267,-88.21521306513152
marida_16PDC_2020-09-18,marida_16PDC_2020-09-18_P0003,16.514410934575267,-87.29519769056276
marida_16PDC_2020-09-18,marida_16PDC_2020-09-18_P0004,15.58162894057788,-87.29519769056276
marida_16PDC_2020-09-18,marida_16PDC_2020-09-18_P0005,15.58162894057788,-88.21521306513152
marida_18QYF_2020-03-19,marida_18QYF_2020-03-19_P0001,18.27577260118829,-72.8323967957257
marida_18QYF_2020-03-19,marida_18QYF_2020-03-19_P0002,19.023724671109115,-72.8323967957257
marida_18QYF_2020-03-19,marida_18QYF_2020-03-19_P0003,19.023724671109115,-72.09229261724646
marida_18QYF_2020-03-19,marida_18QYF_2020-03-19_P0004,18.27577260118829,-72.09229261724646
marida_18QYF_2020-03-19,marida_18QYF_2020-03-19_P0005,18.27577260118829,-72.8323967957257
marida_16PCC_2018-09-19,marida_16PCC_2018-09-19_P0001,15.41339734763452,-88.67932118630156
marida_16PCC_2018-09-19,marida_16PCC_2018-09-19_P0002,16.277063479116407,-88.67932118630156
marida_16PCC_2018-09-19,marida_16PCC_2018-09-19_P0003,16.277063479116407,-87.7823737421857
marida_16PCC_2018-09-19,marida_16PCC_2018-09-19_P0004,15.41339734763452,-87.7823737421857
marida_16PCC_2018-09-19,marida_16PCC_2018-09-19_P0005,15.41339734763452,-88.67932118630156
marida_16PDC_2018-09-19,marida_16PDC_2018-09-19_P0001,15.616422407791138,-88.14407145879967
marida_16PDC_2018-09-19,marida_16PDC_2018-09-19_P0002,16.411658058576737,-88.14407145879967
marida_16PDC_2018-09-19,marida_16PDC_2018-09-19_P0003,16.411658058576737,-87.15198970590268
marida_16PDC_2018-09-19,marida_16PDC_2018-09-19_P0004,15.616422407791138,-87.15198970590268
marida_16PDC_2018-09-19,marida_16PDC_2018-09-19_P0005,15.616422407791138,-88.14407145879967
marida_18QYF_2020-10-20,marida_18QYF_2020-10-20_P0001,18.40624009472405,-72.92936207717048
marida_18QYF_2020-10-20,marida_18QYF_2020-10-20_P0002,19.03922974072818,-72.92936207717048
marida_18QYF_2020-10-20,marida_18QYF_2020-10-20_P0003,19.03922974072818,-72.28716527758603
marida_18QYF_2020-10-20,marida_18QYF_2020-10-20_P0004,18.40624009472405,-72.28716527758603
marida_18QYF_2020-10-20,marida_18QYF_2020-10-20_P0005,18.40624009472405,-72.92936207717048
marida_30VWH_2018-04-20,marida_30VWH_2018-04-20_P0001,55.88277008742356,-3.0916771517868495
marida_30VWH_2018-04-20,marida_30VWH_2018-04-20_P0002,56.6759945638542,-3.0916771517868495
marida_30VWH_2018-04-20,marida_30VWH_2018-04-20_P0003,56.6759945638542,-1.8316652509012754
marida_30VWH_2018-04-20,marida_30VWH_2018-04-20_P0004,55.88277008742356,-1.8316652509012754
marida_30VWH_2018-04-20,marida_30VWH_2018-04-20_P0005,55.88277008742356,-3.0916771517868495
marida_16PCC_2017-02-21,marida_16PCC_2017-02-21_P0001,15.436349379632823,-88.99828576409824
marida_16PCC_2017-02-21,marida_16PCC_2017-02-21_P0002,16.255066250263045,-88.99828576409824
marida_16PCC_2017-02-21,marida_16PCC_2017-02-21_P0003,16.255066250263045,-87.62527367600113
marida_16PCC_2017-02-21,marida_16PCC_2017-02-21_P0004,15.436349379632823,-87.62527367600113
marida_16PCC_2017-02-21,marida_16PCC_2017-02-21_P0005,15.436349379632823,-88.99828576409824
marida_16PCC_2018-02-21,marida_16PCC_2018-02-21_P0001,15.427338855980462,-88.60607258960503
marida_16PCC_2018-02-21,marida_16PCC_2018-02-21_P0002,16.17492831758835,-88.60607258960503
marida_16PCC_2018-02-21,marida_16PCC_2018-02-21_P0003,16.17492831758835,-87.78238175839385
marida_16PCC_2018-02-21,marida_16PCC_2018-02-21_P0004,15.427338855980462,-87.78238175839385
marida_16PCC_2018-02-21,marida_16PCC_2018-02-21_P0005,15.427338855980462,-88.60607258960503
marida_18QYF_2020-12-22,marida_18QYF_2020-12-22_P0001,18.569103211565835,-73.11825528096993
marida_18QYF_2020-12-22,marida_18QYF_2020-12-22_P0002,19.132386933789796,-73.11825528096993
marida_18QYF_2020-12-22,marida_18QYF_2020-12-22_P0003,19.132386933789796,-72.49921343323014
marida_18QYF_2020-12-22,marida_18QYF_2020-12-22_P0004,18.569103211565835,-72.49921343323014
marida_18QYF_2020-12-22,marida_18QYF_2020-12-22_P0005,18.569103211565835,-73.11825528096993
marida_18QWF_2020-03-22,marida_18QWF_2020-03-22_P0001,17.816422379138885,-74.59566810847481
marida_18QWF_2020-03-22,marida_18QWF_2020-03-22_P0002,18.40246717662286,-74.59566810847481
marida_18QWF_2020-03-22,marida_18QWF_2020-03-22_P0003,18.40246717662286,-73.90676930853418
marida_18QWF_2020-03-22,marida_18QWF_2020-03-22_P0004,17.816422379138885,-73.90676930853418
marida_18QWF_2020-03-22,marida_18QWF_2020-03-22_P0005,17.816422379138885,-74.59566810847481
marida_18QYF_2021-01-23,marida_18QYF_2021-01-23_P0001,18.22013207215569,-73.16094683322115
marida_18QYF_2021-01-23,marida_18QYF_2021-01-23_P0002,18.829918786848076,-73.16094683322115
marida_18QYF_2021-01-23,marida_18QYF_2021-01-23_P0003,18.829918786848076,-72.49491174223697
marida_18QYF_2021-01-23,marida_18QYF_2021-01-23_P0004,18.22013207215569,-72.49491174223697
marida_18QYF_2021-01-23,marida_18QYF_2021-01-23_P0005,18.22013207215569,-73.16094683322115
marida_16PCC_2020-09-23,marida_16PCC_2020-09-23_P0001,15.418594736601083,-88.98317144600617
marida_16PCC_2020-09-23,marida_16PCC_2020-09-23_P0002,16.385414900050385,-88.98317144600617
marida_16PCC_2020-09-23,marida_16PCC_2020-09-23_P0003,16.385414900050385,-87.62583427310246
marida_16PCC_2020-09-23,marida_16PCC_2020-09-23_P0004,15.418594736601083,-87.62583427310246
marida_16PCC_2020-09-23,marida_16PCC_2020-09-23_P0005,15.418594736601083,-88.98317144600617
marida_16PDC_2018-10-24,marida_16PDC_2018-10-24_P0001,15.510012501189664,-87.66862529456117
marida_16PDC_2018-10-24,marida_16PDC_2018-10-24_P0002,16.211548205414488,-87.66862529456117
marida_16PDC_2018-10-24,marida_16PDC_2018-10-24_P0003,16.211548205414488,-86.70101982505304
marida_16PDC_2018-10-24,marida_16PDC_2018-10-24_P0004,15.510012501189664,-86.70101982505304
marida_16PDC_2018-10-24,marida_16PDC_2018-10-24_P0005,15.510012501189664,-87.66862529456117
marida_48PZC_2019-11-24,marida_48PZC_2019-11-24_P0001,15.575200580569357,108.08995715199609
marida_48PZC_2019-11-24,marida_48PZC_2019-11-24_P0002,16.18599324805109,108.08995715199609
marida_48PZC_2019-11-24,marida_48PZC_2019-11-24_P0003,16.18599324805109,108.77031675852164
marida_48PZC_2019-11-24,marida_48PZC_2019-11-24_P0004,15.575200580569357,108.77031675852164
marida_48PZC_2019-11-24,marida_48PZC_2019-11-24_P0005,15.575200580569357,108.08995715199609
marida_18QYF_2020-03-24,marida_18QYF_2020-03-24_P0001,18.155642876777886,-73.12906737168358
marida_18QYF_2020-03-24,marida_18QYF_2020-03-24_P0002,18.741754430469108,-73.12906737168358
marida_18QYF_2020-03-24,marida_18QYF_2020-03-24_P0003,18.741754430469108,-72.53543439981976
marida_18QYF_2020-03-24,marida_18QYF_2020-03-24_P0004,18.155642876777886,-72.53543439981976
marida_18QYF_2020-03-24,marida_18QYF_2020-03-24_P0005,18.155642876777886,-73.12906737168358
marida_36JUN_2019-04-24,marida_36JUN_2019-04-24_P0001,-30.167131256164215,30.739805072597687
marida_36JUN_2019-04-24,marida_36JUN_2019-04-24_P0002,-29.397736983462092,30.739805072597687
marida_36JUN_2019-04-24,marida_36JUN_2019-04-24_P0003,-29.397736983462092,31.62929856566948
marida_36JUN_2019-04-24,marida_36JUN_2019-04-24_P0004,-30.167131256164215,31.62929856566948
marida_36JUN_2019-04-24,marida_36JUN_2019-04-24_P0005,-30.167131256164215,30.739805072597687
marida_16PCC_2020-08-24,marida_16PCC_2020-08-24_P0001,15.444856997037268,-88.57407998512478
marida_16PCC_2020-08-24,marida_16PCC_2020-08-24_P0002,16.37919385297826,-88.57407998512478
marida_16PCC_2020-08-24,marida_16PCC_2020-08-24_P0003,16.37919385297826,-87.60610749585878
marida_16PCC_2020-08-24,marida_16PCC_2020-08-24_P0004,15.444856997037268,-87.60610749585878
marida_16PCC_2020-08-24,marida_16PCC_2020-08-24_P0005,15.444856997037268,-88.57407998512478
marida_48MXU_2019-05-25,marida_48MXU_2019-05-25_P0001,-6.17011202183607,105.70522786164302
marida_48MXU_2019-05-25,marida_48MXU_2019-05-25_P0002,-5.560929326351743,105.70522786164302
marida_48MXU_2019-05-25,marida_48MXU_2019-05-25_P0003,-5.560929326351743,106.31705785525205
marida_48MXU_2019-05-25,marida_48MXU_2019-05-25_P0004,-6.17011202183607,106.31705785525205
marida_48MXU_2019-05-25,marida_48MXU_2019-05-25_P0005,-6.17011202183607,105.70522786164302
marida_16PCC_2018-02-26,marida_16PCC_2018-02-26_P0001,15.481845519673744,-88.99828141759606
marida_16PCC_2018-02-26,marida_16PCC_2018-02-26_P0002,16.275951477555537,-88.99828141759606
marida_16PCC_2018-02-26,marida_16PCC_2018-02-26_P0003,16.275951477555537,-87.67256236109466
marida_16PCC_2018-02-26,marida_16PCC_2018-02-26_P0004,15.481845519673744,-87.67256236109466
marida_16PCC_2018-02-26,marida_16PCC_2018-02-26_P0005,15.481845519673744,-88.99828141759606
marida_16PCC_2019-01-27,marida_16PCC_2019-01-27_P0001,15.425402896348986,-88.70280563239048
marida_16PCC_2019-01-27,marida_16PCC_2019-01-27_P0002,16.312333376804624,-88.70280563239048
marida_16PCC_2019-01-27,marida_16PCC_2019-01-27_P0003,16.312333376804624,-87.78257225418079
marida_16PCC_2019-01-27,marida_16PCC_2019-01-27_P0004,15.425402896348986,-87.78257225418079
marida_16PCC_2019-01-27,marida_16PCC_2019-01-27_P0005,15.425402896348986,-88.70280563239048
marida_16QED_2019-01-27,marida_16QED_2019-01-27_P0001,15.98193151520465,-86.93953933272977
marida_16QED_2019-01-27,marida_16QED_2019-01-27_P0002,16.6604201129641,-86.93953933272977
marida_16QED_2019-01-27,marida_16QED_2019-01-27_P0003,16.6604201129641,-86.20942935759209
marida_16QED_2019-01-27,marida_16QED_2019-01-27_P0004,15.98193151520465,-86.20942935759209
marida_16QED_2019-01-27,marida_16QED_2019-01-27_P0005,15.98193151520465,-86.93953933272977
marida_16PCC_2020-09-28,marida_16PCC_2020-09-28_P0001,15.433704116539841,-88.99317464767664
marida_16PCC_2020-09-28,marida_16PCC_2020-09-28_P0002,16.158373308289764,-88.99317464767664
marida_16PCC_2020-09-28,marida_16PCC_2020-09-28_P0003,16.158373308289764,-88.28845731301371
marida_16PCC_2020-09-28,marida_16PCC_2020-09-28_P0004,15.433704116539841,-88.28845731301371
marida_16PCC_2020-09-28,marida_16PCC_2020-09-28_P0005,15.433704116539841,-88.99317464767664
marida_16PDC_2020-09-28,marida_16PDC_2020-09-28_P0001,15.616631072445491,-88.12033502989732
marida_16PDC_2020-09-28,marida_16PDC_2020-09-28_P0002,16.526564282806053,-88.12033502989732
marida_16PDC_2020-09-28,marida_16PDC_2020-09-28_P0003,16.526564282806053,-86.98468575387243
marida_16PDC_2020-09-28,marida_16PDC_2020-09-28_P0004,15.616631072445491,-86.98468575387243
marida_16PDC_2020-09-28,marida_16PDC_2020-09-28_P0005,15.616631072445491,-88.12033502989732
marida_16PEC_2015-11-29,marida_16PEC_2015-11-29_P0001,15.765907623235464,-87.05579818523492
marida_16PEC_2015-11-29,marida_16PEC_2015-11-29_P0002,16.375672544401436,-87.05579818523492
marida_16PEC_2015-11-29,marida_16PEC_2015-11-29_P0003,16.375672544401436,-86.03939690571751
marida_16PEC_2015-11-29,marida_16PEC_2015-11-29_P0004,15.765907623235464,-86.03939690571751
marida_16PEC_2015-11-29,marida_16PEC_2015-11-29_P0005,15.765907623235464,-87.05579818523492
marida_18QYF_2020-11-29,marida_18QYF_2020-11-29_P0001,18.28438026775529,-73.05260117156757
marida_18QYF_2020-11-29,marida_18QYF_2020-11-29_P0002,19.15635774201786,-73.05260117156757
marida_18QYF_2020-11-29,marida_18QYF_2020-11-29_P0003,19.15635774201786,-72.18188737632832
marida_18QYF_2020-11-29,marida_18QYF_2020-11-29_P0004,18.28438026775529,-72.18188737632832
marida_18QYF_2020-11-29,marida_18QYF_2020-11-29_P0005,18.28438026775529,-73.05260117156757
marida_18QYF_2020-12-29,marida_18QYF_2020-12-29_P0001,18.414138899633645,-72.92665441133552
marida_18QYF_2020-12-29,marida_18QYF_2020-12-29_P0002,19.048411846187207,-72.92665441133552
marida_18QYF_2020-12-29,marida_18QYF_2020-12-29_P0003,19.048411846187207,-72.1877111654643
marida_18QYF_2020-12-29,marida_18QYF_2020-12-29_P0004,18.414138899633645,-72.1877111654643
marida_18QYF_2020-12-29,marida_18QYF_2020-12-29_P0005,18.414138899633645,-72.92665441133552
marida_51RVQ_2017-08-29,marida_51RVQ_2017-08-29_P0001,30.56782151319128,122.33063081547832
marida_51RVQ_2017-08-29,marida_51RVQ_2017-08-29_P0002,31.22339758433958,122.33063081547832
marida_51RVQ_2017-08-29,marida_51RVQ_2017-08-29_P0003,31.22339758433958,123.38782925865151
marida_51RVQ_2017-08-29,marida_51RVQ_2017-08-29_P0004,30.56782151319128,123.38782925865151
marida_51RVQ_2017-08-29,marida_51RVQ_2017-08-29_P0005,30.56782151319128,122.33063081547832
marida_18QYF_2021-01-03,marida_18QYF_2021-01-03_P0001,18.52057325774453,-72.99997931410972
marida_18QYF_2021-01-03,marida_18QYF_2021-01-03_P0002,19.153544521771277,-72.99997931410972
marida_18QYF_2021-01-03,marida_18QYF_2021-01-03_P0003,19.153544521771277,-72.35704617791419
marida_18QYF_2021-01-03,marida_18QYF_2021-01-03_P0004,18.52057325774453,-72.35704617791419
marida_18QYF_2021-01-03,marida_18QYF_2021-01-03_P0005,18.52057325774453,-72.99997931410972
marida_16PDC_2016-11-03,marida_16PDC_2016-11-03_P0001,15.505058106930921,-87.7290962206553
marida_16PDC_2016-11-03,marida_16PDC_2016-11-03_P0002,16.41502594952044,-87.7290962206553
marida_16PDC_2016-11-03,marida_16PDC_2016-11-03_P0003,16.41502594952044,-86.66582529923707
marida_16PDC_2016-11-03,marida_16PDC_2016-11-03_P0004,15.505058106930921,-86.66582529923707
marida_16PDC_2016-11-03,marida_16PDC_2016-11-03_P0005,15.505058106930921,-87.7290962206553
marida_16PDC_2018-11-03,marida_16PDC_2018-11-03_P0001,15.495906252688863,-87.88662541653615
marida_16PDC_2018-11-03,marida_16PDC_2018-11-03_P0002,16.35951780776982,-87.88662541653615
marida_16PDC_2018-11-03,marida_16PDC_2018-11-03_P0003,16.35951780776982,-86.65532978871016
marida_16PDC_2018-11-03,marida_16PDC_2018-11-03_P0004,15.495906252688863,-86.65532978871016
marida_16PDC_2018-11-03,marida_16PDC_2018-11-03_P0005,15.495906252688863,-87.88662541653615
marida_16PCC_2017-08-30,marida_16PCC_2017-08-30_P0001,15.435198827060422,-88.69926225115887
marida_16PCC_2017-08-30,marida_16PCC_2017-08-30_P0002,16.11415234940613,-88.69926225115887
marida_16PCC_2017-08-30,marida_16PCC_2017-08-30_P0003,16.11415234940613,-87.85103079123297
marida_16PCC_2017-08-30,marida_16PCC_2017-08-30_P0004,15.435198827060422,-87.85103079123297
marida_16PCC_2017-08-30,marida_16PCC_2017-08-30_P0005,15.435198827060422,-88.69926225115887
marida_16PCC_2018-08-30,marida_16PCC_2018-08-30_P0001,15.457917400456523,-88.9944093306455
marida_16PCC_2018-08-30,marida_16PCC_2018-08-30_P0002,16.32478044665864,-88.9944093306455
marida_16PCC_2018-08-30,marida_16PCC_2018-08-30_P0003,16.32478044665864,-87.78910353984975
marida_16PCC_2018-08-30,marida_16PCC_2018-08-30_P0004,15.457917400456523,-87.78910353984975
marida_16PCC_2018-08-30,marida_16PCC_2018-08-30_P0005,15.457917400456523,-88.9944093306455
marida_18QYF_2020-12-04,marida_18QYF_2020-12-04_P0001,18.475170280876764,-73.0181461769482
marida_18QYF_2020-12-04,marida_18QYF_2020-12-04_P0002,19.10909326797683,-73.0181461769482
marida_18QYF_2020-12-04,marida_18QYF_2020-12-04_P0003,19.10909326797683,-72.2540135475134
marida_18QYF_2020-12-04,marida_18QYF_2020-12-04_P0004,18.475170280876764,-72.2540135475134
marida_18QYF_2020-12-04,marida_18QYF_2020-12-04_P0005,18.475170280876764,-73.0181461769482
marida_50LLR_2018-03-04,marida_50LLR_2018-03-04_P0001,-9.35541258776083,114.91314823657177
marida_50LLR_2018-03-04,marida_50LLR_2018-03-04_P0002,-8.398207345008178,114.91314823657177
marida_50LLR_2018-03-04,marida_50LLR_2018-03-04_P0003,-8.398207345008178,116.05268680232034
marida_50LLR_2018-03-04,marida_50LLR_2018-03-04_P0004,-9.35541258776083,116.05268680232034
marida_50LLR_2018-03-04,marida_50LLR_2018-03-04_P0005,-9.35541258776083,114.91314823657177
marida_16PCC_2016-09-04,marida_16PCC_2016-09-04_P0001,15.455072416862608,-88.70967414863163
marida_16PCC_2016-09-04,marida_16PCC_2016-09-04_P0002,16.342673023067363,-88.70967414863163
marida_16PCC_2016-09-04,marida_16PCC_2016-09-04_P0003,16.342673023067363,-87.71701545919103
marida_16PCC_2016-09-04,marida_16PCC_2016-09-04_P0004,15.455072416862608,-87.71701545919103
marida_16PCC_2016-09-04,marida_16PCC_2016-09-04_P0005,15.455072416862608,-88.70967414863163
marida_16PCC_2019-09-04,marida_16PCC_2019-09-04_P0001,15.464831642212344,-88.75863700318718
marida_16PCC_2019-09-04,marida_16PCC_2019-09-04_P0002,16.422330637617485,-88.75863700318718
marida_16PCC_2019-09-04,marida_16PCC_2019-09-04_P0003,16.422330637617485,-87.64577879111988
marida_16PCC_2019-09-04,marida_16PCC_2019-09-04_P0004,15.464831642212344,-87.64577879111988
marida_16PCC_2019-09-04,marida_16PCC_2019-09-04_P0005,15.464831642212344,-88.75863700318718
marida_48MYU_2017-12-06,marida_48MYU_2017-12-06_P0001,-6.279836778584312,106.57674634207596
marida_48MYU_2017-12-06,marida_48MYU_2017-12-06_P0002,-5.716940365005332,106.57674634207596
marida_48MYU_2017-12-06,marida_48MYU_2017-12-06_P0003,-5.716940365005332,107.16562704746244
marida_48MYU_2017-12-06,marida_48MYU_2017-12-06_P0004,-6.279836778584312,107.16562704746244
marida_48MYU_2017-12-06,marida_48MYU_2017-12-06_P0005,-6.279836778584312,106.57674634207596
marida_48MXU_2018-12-06,marida_48MXU_2018-12-06_P0001,-6.331647542467543,105.63198164369601
marida_48MXU_2018-12-06,marida_48MXU_2018-12-06_P0002,-5.516636071469265,105.63198164369601
marida_48MXU_2018-12-06,marida_48MXU_2018-12-06_P0003,-5.516636071469265,107.13829599129815
marida_48MXU_2018-12-06,marida_48MXU_2018-12-06_P0004,-6.331647542467543,107.13829599129815
marida_48MXU_2018-12-06,marida_48MXU_2018-12-06_P0005,-6.331647542467543,105.63198164369601
marida_52SDD_2018-10-07,marida_52SDD_2018-10-07_P0001,34.603869879583826,128.54889244266232
marida_52SDD_2018-10-07,marida_52SDD_2018-10-07_P0002,35.3281998162761,128.54889244266232
marida_52SDD_2018-10-07,marida_52SDD_2018-10-07_P0003,35.3281998162761,129.4037323573255
marida_52SDD_2018-10-07,marida_52SDD_2018-10-07_P0004,34.603869879583826,129.4037323573255
marida_52SDD_2018-10-07,marida_52SDD_2018-10-07_P0005,34.603869879583826,128.54889244266232
marida_18QYG_2020-03-07,marida_18QYG_2020-03-07_P0001,18.864281716310675,-73.20446484484968
marida_18QYG_2020-03-07,marida_18QYG_2020-03-07_P0002,19.61341350581909,-73.20446484484968
marida_18QYG_2020-03-07,marida_18QYG_2020-03-07_P0003,19.61341350581909,-72.43952114124637
marida_18QYG_2020-03-07,marida_18QYG_2020-03-07_P0004,18.864281716310675,-72.43952114124637
marida_18QYG_2020-03-07,marida_18QYG_2020-03-07_P0005,18.864281716310675,-73.20446484484968
marida_16PEC_2018-03-08,marida_16PEC_2018-03-08_P0001,15.894311642371544,-87.10381100690624
marida_16PEC_2018-03-08,marida_16PEC_2018-03-08_P0002,16.550385896174937,-87.10381100690624
marida_16PEC_2018-03-08,marida_16PEC_2018-03-08_P0003,16.550385896174937,-86.06285171757402
marida_16PEC_2018-03-08,marida_16PEC_2018-03-08_P0004,15.894311642371544,-86.06285171757402
marida_16PEC_2018-03-08,marida_16PEC_2018-03-08_P0005,15.894311642371544,-87.10381100690624
marida_16QED_2018-03-08,marida_16QED_2018-03-08_P0001,15.972237427503405,-86.96134710844277
marida_16QED_2018-03-08,marida_16QED_2018-03-08_P0002,16.79022858181322,-86.96134710844277
marida_16QED_2018-03-08,marida_16QED_2018-03-08_P0003,16.79022858181322,-85.8479711322903
marida_16QED_2018-03-08,marida_16QED_2018-03-08_P0004,15.972237427503405,-85.8479711322903
marida_16QED_2018-03-08,marida_16QED_2018-03-08_P0005,15.972237427503405,-86.96134710844277
marida_16PEC_2017-10-09,marida_16PEC_2017-10-09_P0001,15.503781752356959,-87.15469688242257
marida_16PEC_2017-10-09,marida_16PEC_2017-10-09_P0002,16.39056443247488,-87.15469688242257
marida_16PEC_2017-10-09,marida_16PEC_2017-10-09_P0003,16.39056443247488,-85.85120450054686
marida_16PEC_2017-10-09,marida_16PEC_2017-10-09_P0004,15.503781752356959,-85.85120450054686
marida_16PEC_2017-10-09,marida_16PEC_2017-10-09_P0005,15.503781752356959,-87.15469688242257
nasa_planetscope_20160928_153233_0e16,nasa_planetscope_20160928_153233_0e16_P0001,15.628146291904729,-87.90752857083109
nasa_planetscope_20160928_153233_0e16,nasa_planetscope_20160928_153233_0e16_P0002,16.246968730750165,-87.90752857083109
nasa_planetscope_20160928_153233_0e16,nasa_planetscope_20160928_153233_0e16_P0003,16.246968730750165,-87.23651439791891
nasa_planetscope_20160928_153233_0e16,nasa_planetscope_20160928_153233_0e16_P0004,15.628146291904729,-87.23651439791891
nasa_planetscope_20160928_153233_0e16,nasa_planetscope_20160928_153233_0e16_P0005,15.628146291904729,-87.90752857083109
nasa_planetscope_20161008_153104_0e3a,nasa_planetscope_20161008_153104_0e3a_P0001,15.649277408865064,-87.95701751426795
nasa_planetscope_20161008_153104_0e3a,nasa_planetscope_20161008_153104_0e3a_P0002,16.27337184299868,-87.95701751426795
nasa_planetscope_20161008_153104_0e3a,nasa_planetscope_20161008_153104_0e3a_P0003,16.27337184299868,-87.31336822791955
nasa_planetscope_20161008_153104_0e3a,nasa_planetscope_20161008_153104_0e3a_P0004,15.649277408865064,-87.31336822791955
nasa_planetscope_20161008_153104_0e3a,nasa_planetscope_20161008_153104_0e3a_P0005,15.649277408865064,-87.95701751426795
nasa_planetscope_20161008_153105_0e3a,nasa_planetscope_20161008_153105_0e3a_P0001,15.733779624763958,-87.4407494181284
nasa_planetscope_20161008_153105_0e3a,nasa_planetscope_20161008_153105_0e3a_P0002,16.342003592438537,-87.4407494181284
nasa_planetscope_20161008_153105_0e3a,nasa_planetscope_20161008_153105_0e3a_P0003,16.342003592438537,-86.6595923787466
nasa_planetscope_20161008_153105_0e3a,nasa_planetscope_20161008_153105_0e3a_P0004,15.733779624763958,-86.6595923787466
nasa_planetscope_20161008_153105_0e3a,nasa_planetscope_20161008_153105_0e3a_P0005,15.733779624763958,-87.4407494181284
nasa_planetscope_20170227_203307_0c37,nasa_planetscope_20170227_203307_0c37_P0001,16.329549616732024,-88.17215743268305
nasa_planetscope_20170227_203307_0c37,nasa_planetscope_20170227_203307_0c37_P0002,16.874406003915485,-88.17215743268305
nasa_planetscope_20170227_203307_0c37,nasa_planetscope_20170227_203307_0c37_P0003,16.874406003915485,-87.60359940325445
nasa_planetscope_20170227_203307_0c37,nasa_planetscope_20170227_203307_0c37_P0004,16.329549616732024,-87.60359940325445
nasa_planetscope_20170227_203307_0c37,nasa_planetscope_20170227_203307_0c37_P0005,16.329549616732024,-88.17215743268305
nasa_planetscope_20170227_203600_1,nasa_planetscope_20170227_203600_1_P0001,15.607012955029402,-87.5119601668675
nasa_planetscope_20170227_203600_1,nasa_planetscope_20170227_203600_1_P0002,16.17302149759974,-87.5119601668675
nasa_planetscope_20170227_203600_1,nasa_planetscope_20170227_203600_1_P0003,16.17302149759974,-86.868532997195
nasa_planetscope_20170227_203600_1,nasa_planetscope_20170227_203600_1_P0004,15.607012955029402,-86.868532997195
nasa_planetscope_20170227_203600_1,nasa_planetscope_20170227_203600_1_P0005,15.607012955029402,-87.5119601668675
nasa_planetscope_20170227_203601_0c46,nasa_planetscope_20170227_203601_0c46_P0001,15.612296497220793,-87.43505587052402
nasa_planetscope_20170227_203601_0c46,nasa_planetscope_20170227_203601_0c46_P0002,16.16773851013945,-87.43505587052402
nasa_planetscope_20170227_203601_0c46,nasa_planetscope_20170227_203601_0c46_P0003,16.16773851013945,-86.86303983260098
nasa_planetscope_20170227_203601_0c46,nasa_planetscope_20170227_203601_0c46_P0004,15.612296497220793,-86.86303983260098
nasa_planetscope_20170227_203601_0c46,nasa_planetscope_20170227_203601_0c46_P0005,15.612296497220793,-87.43505587052402
nasa_planetscope_20170322_153132_0e0f,nasa_planetscope_20170322_153132_0e0f_P0001,15.770738118862404,-86.2488121772458
nasa_planetscope_20170322_153132_0e0f,nasa_planetscope_20170322_153132_0e0f_P0002,16.400058121152117,-86.2488121772458
nasa_planetscope_20170322_153132_0e0f,nasa_planetscope_20170322_153132_0e0f_P0003,16.400058121152117,-85.5553870415042
nasa_planetscope_20170322_153132_0e0f,nasa_planetscope_20170322_153132_0e0f_P0004,15.770738118862404,-85.5553870415042
nasa_planetscope_20170322_153132_0e0f,nasa_planetscope_20170322_153132_0e0f_P0005,15.770738118862404,-86.2488121772458
nasa_planetscope_20170323_152750_0e20,nasa_planetscope_20170323_152750_0e20_P0001,15.79185418239922,-85.3643907561948
nasa_planetscope_20170323_152750_0e20,nasa_planetscope_20170323_152750_0e20_P0002,16.357838329266173,-85.3643907561948
nasa_planetscope_20170323_152750_0e20,nasa_planetscope_20170323_152750_0e20_P0003,16.357838329266173,-84.6600233063052
nasa_planetscope_20170323_152750_0e20,nasa_planetscope_20170323_152750_0e20_P0004,15.79185418239922,-84.6600233063052
nasa_planetscope_20170323_152750_0e20,nasa_planetscope_20170323_152750_0e20_P0005,15.79185418239922,-85.3643907561948
nasa_planetscope_20170326_153233_0e26,nasa_planetscope_20170326_153233_0e26_P0001,16.087242641794415,-86.58432225556588
nasa_planetscope_20170326_153233_0e26,nasa_planetscope_20170326_153233_0e26_P0002,16.67953604249511,-86.58432225556588
nasa_planetscope_20170326_153233_0e26,nasa_planetscope_20170326_153233_0e26_P0003,16.67953604249511,-85.95046778349662
nasa_planetscope_20170326_153233_0e26,nasa_planetscope_20170326_153233_0e26_P0004,16.087242641794415,-85.95046778349662
nasa_planetscope_20170326_153233_0e26,nasa_planetscope_20170326_153233_0e26_P0005,16.087242641794415,-86.58432225556588
nasa_planetscope_20170326_153234_0e26,nasa_planetscope_20170326_153234_0e26_P0001,16.002891165647615,-86.639157068329
nasa_planetscope_20170326_153234_0e26,nasa_planetscope_20170326_153234_0e26_P0002,16.653187232725756,-86.639157068329
nasa_planetscope_20170326_153234_0e26,nasa_planetscope_20170326_153234_0e26_P0003,16.653187232725756,-85.9176056269835
nasa_planetscope_20170326_153234_0e26,nasa_planetscope_20170326_153234_0e26_P0004,16.002891165647615,-85.9176056269835
nasa_planetscope_20170326_153234_0e26,nasa_planetscope_20170326_153234_0e26_P0005,16.002891165647615,-86.639157068329
nasa_planetscope_20170326_153239_0e26,nasa_planetscope_20170326_153239_0e26_P0001,15.712657413856142,-86.78704925521293
nasa_planetscope_20170326_153239_0e26,nasa_planetscope_20170326_153239_0e26_P0002,16.33672506656747,-86.78704925521293
nasa_planetscope_20170326_153239_0e26,nasa_planetscope_20170326_153239_0e26_P0003,16.33672506656747,-86.15423492447457
nasa_planetscope_20170326_153239_0e26,nasa_planetscope_20170326_153239_0e26_P0004,15.712657413856142,-86.15423492447457
nasa_planetscope_20170326_153239_0e26,nasa_planetscope_20170326_153239_0e26_P0005,15.712657413856142,-86.78704925521293
nasa_planetscope_20170326_154021_0e2f,nasa_planetscope_20170326_154021_0e2f_P0001,16.292696399257515,-88.31495657200425
nasa_planetscope_20170326_154021_0e2f,nasa_planetscope_20170326_154021_0e2f_P0002,16.879670028641545,-88.31495657200425
nasa_planetscope_20170326_154021_0e2f,nasa_planetscope_20170326_154021_0e2f_P0003,16.879670028641545,-87.57615670924575
nasa_planetscope_20170326_154021_0e2f,nasa_planetscope_20170326_154021_0e2f_P0004,16.292696399257515,-87.57615670924575
nasa_planetscope_20170326_154021_0e2f,nasa_planetscope_20170326_154021_0e2f_P0005,16.292696399257515,-88.31495657200425
nasa_planetscope_20170826_154046_100c,nasa_planetscope_20170826_154046_100c_P0001,15.839357130102101,-88.16597691337944
nasa_planetscope_20170826_154046_100c,nasa_planetscope_20170826_154046_100c_P0002,16.41061166439338,-88.16597691337944
nasa_planetscope_20170826_154046_100c,nasa_planetscope_20170826_154046_100c_P0003,16.41061166439338,-87.58780726630806
nasa_planetscope_20170826_154046_100c,nasa_planetscope_20170826_154046_100c_P0004,15.839357130102101,-87.58780726630806
nasa_planetscope_20170826_154046_100c,nasa_planetscope_20170826_154046_100c_P0005,15.839357130102101,-88.16597691337944
nasa_planetscope_20170826_154047_100c,nasa_planetscope_20170826_154047_100c_P0001,15.828801901184526,-88.1604597266601
nasa_planetscope_20170826_154047_100c,nasa_planetscope_20170826_154047_100c_P0002,16.384226752229686,-88.1604597266601
nasa_planetscope_20170826_154047_100c,nasa_planetscope_20170826_154047_100c_P0003,16.384226752229686,-87.5768449608399
nasa_planetscope_20170826_154047_100c,nasa_planetscope_20170826_154047_100c_P0004,15.828801901184526,-87.5768449608399
nasa_planetscope_20170826_154047_100c,nasa_planetscope_20170826_154047_100c_P0005,15.828801901184526,-88.1604597266601
nasa_planetscope_20170927_154610_0e14,nasa_planetscope_20170927_154610_0e14_P0001,15.5753087931561,-88.3633831606111
nasa_planetscope_20170927_154610_0e14,nasa_planetscope_20170927_154610_0e14_P0002,16.188869627099788,-88.3633831606111
nasa_planetscope_20170927_154610_0e14,nasa_planetscope_20170927_154610_0e14_P0003,16.188869627099788,-87.7529498472014
nasa_planetscope_20170927_154610_0e14,nasa_planetscope_20170927_154610_0e14_P0004,15.5753087931561,-87.7529498472014
nasa_planetscope_20170927_154610_0e14,nasa_planetscope_20170927_154610_0e14_P0005,15.5753087931561,-88.3633831606111
nasa_planetscope_20170927_154611_0e14,nasa_planetscope_20170927_154611_0e14_P0001,15.533028832295825,-88.37430180321874
nasa_planetscope_20170927_154611_0e14,nasa_planetscope_20170927_154611_0e14_P0002,16.125469619116043,-88.37430180321874
nasa_planetscope_20170927_154611_0e14,nasa_planetscope_20170927_154611_0e14_P0003,16.125469619116043,-87.74203120459376
nasa_planetscope_20170927_154611_0e14,nasa_planetscope_20170927_154611_0e14_P0004,15.533028832295825,-87.74203120459376
nasa_planetscope_20170927_154611_0e14,nasa_planetscope_20170927_154611_0e14_P0005,15.533028832295825,-88.37430180321874
nasa_planetscope_20171007_161314_1,nasa_planetscope_20171007_161314_1_P0001,15.802411374203814,-88.16041282432768
nasa_planetscope_20171007_161314_1,nasa_planetscope_20171007_161314_1_P0002,16.347281978206063,-88.16041282432768
nasa_planetscope_20171007_161314_1,nasa_planetscope_20171007_161314_1_P0003,16.347281978206063,-87.56590553504732
nasa_planetscope_20171007_161314_1,nasa_planetscope_20171007_161314_1_P0004,15.802411374203814,-87.56590553504732
nasa_planetscope_20171007_161314_1,nasa_planetscope_20171007_161314_1_P0005,15.802411374203814,-88.16041282432768
nasa_planetscope_20171007_161315_0c65,nasa_planetscope_20171007_161315_0c65_P0001,15.802411374203814,-88.13844389514922
nasa_planetscope_20171007_161315_0c65,nasa_planetscope_20171007_161315_0c65_P0002,16.352560223828963,-88.13844389514922
nasa_planetscope_20171007_161315_0c65,nasa_planetscope_20171007_161315_0c65_P0003,16.352560223828963,-87.51646333141328
nasa_planetscope_20171007_161315_0c65,nasa_planetscope_20171007_161315_0c65_P0004,15.802411374203814,-87.51646333141328
nasa_planetscope_20171007_161315_0c65,nasa_planetscope_20171007_161315_0c65_P0005,15.802411374203814,-88.13844389514922
nasa_planetscope_20171015_153720_100c,nasa_planetscope_20171015_153720_100c_P0001,15.70209547181161,-87.10012517620135
nasa_planetscope_20171015_153720_100c,nasa_planetscope_20171015_153720_100c_P0002,16.29449182080267,-87.10012517620135
nasa_planetscope_20171015_153720_100c,nasa_planetscope_20171015_153720_100c_P0003,16.29449182080267,-86.44540705036115
nasa_planetscope_20171015_153720_100c,nasa_planetscope_20171015_153720_100c_P0004,15.70209547181161,-86.44540705036115
nasa_planetscope_20171015_153720_100c,nasa_planetscope_20171015_153720_100c_P0005,15.70209547181161,-87.10012517620135
nasa_planetscope_20180107_153415_1032,nasa_planetscope_20180107_153415_1032_P0001,15.70209547181161,-85.62793386263698
nasa_planetscope_20180107_153415_1032,nasa_planetscope_20180107_153415_1032_P0002,16.26281101651811,-85.62793386263698
nasa_planetscope_20180107_153415_1032,nasa_planetscope_20180107_153415_1032_P0003,16.26281101651811,-84.97326242642552
nasa_planetscope_20180107_153415_1032,nasa_planetscope_20180107_153415_1032_P0004,15.70209547181161,-84.97326242642552
nasa_planetscope_20180107_153415_1032,nasa_planetscope_20180107_153415_1032_P0005,15.70209547181161,-85.62793386263698
nasa_planetscope_20180224_153958_0f1b,nasa_planetscope_20180224_153958_0f1b_P0001,16.240036717788485,-86.38677875244993
nasa_planetscope_20180224_153958_0f1b,nasa_planetscope_20180224_153958_0f1b_P0002,16.821757831089872,-86.38677875244993
nasa_planetscope_20180224_153958_0f1b,nasa_planetscope_20180224_153958_0f1b_P0003,16.821757831089872,-85.75250347411257
nasa_planetscope_20180224_153958_0f1b,nasa_planetscope_20180224_153958_0f1b_P0004,16.240036717788485,-85.75250347411257
nasa_planetscope_20180224_153958_0f1b,nasa_planetscope_20180224_153958_0f1b_P0005,16.240036717788485,-86.38677875244993
nasa_planetscope_20180224_153959_0f1b,nasa_planetscope_20180224_153959_0f1b_P0001,16.213701493530767,-86.43068463158465
nasa_planetscope_20180224_153959_0f1b,nasa_planetscope_20180224_153959_0f1b_P0002,16.795428348986636,-86.43068463158465
nasa_planetscope_20180224_153959_0f1b,nasa_planetscope_20180224_153959_0f1b_P0003,16.795428348986636,-85.77451556372785
nasa_planetscope_20180224_153959_0f1b,nasa_planetscope_20180224_153959_0f1b_P0004,16.213701493530767,-85.77451556372785
nasa_planetscope_20180224_153959_0f1b,nasa_planetscope_20180224_153959_0f1b_P0005,16.213701493530767,-86.43068463158465
nasa_planetscope_20180224_162902_0f2b,nasa_planetscope_20180224_162902_0f2b_P0001,16.182094496299715,-86.1395012250352
nasa_planetscope_20180224_162902_0f2b,nasa_planetscope_20180224_162902_0f2b_P0002,16.758561043359435,-86.1395012250352
nasa_planetscope_20180224_162902_0f2b,nasa_planetscope_20180224_162902_0f2b_P0003,16.758561043359435,-85.4614509234023
nasa_planetscope_20180224_162902_0f2b,nasa_planetscope_20180224_162902_0f2b_P0004,16.182094496299715,-85.4614509234023
nasa_planetscope_20180224_162902_0f2b,nasa_planetscope_20180224_162902_0f2b_P0005,16.182094496299715,-86.1395012250352
nasa_planetscope_20180313_154258_1008,nasa_planetscope_20180313_154258_1008_P0001,16.213701493530767,-86.78775740775541
nasa_planetscope_20180313_154258_1008,nasa_planetscope_20180313_154258_1008_P0002,16.821757831089872,-86.78775740775541
nasa_planetscope_20180313_154258_1008,nasa_planetscope_20180313_154258_1008_P0003,16.821757831089872,-86.17549942818209
nasa_planetscope_20180313_154258_1008,nasa_planetscope_20180313_154258_1008_P0004,16.213701493530767,-86.17549942818209
nasa_planetscope_20180313_154258_1008,nasa_planetscope_20180313_154258_1008_P0005,16.213701493530767,-86.78775740775541
nasa_planetscope_20180313_154259_1008,nasa_planetscope_20180313_154259_1008_P0001,16.150482349408236,-86.78215304916245
nasa_planetscope_20180313_154259_1008,nasa_planetscope_20180313_154259_1008_P0002,16.74275861874831,-86.78215304916245
nasa_planetscope_20180313_154259_1008,nasa_planetscope_20180313_154259_1008_P0003,16.74275861874831,-86.18110378677505
nasa_planetscope_20180313_154259_1008,nasa_planetscope_20180313_154259_1008_P0004,16.150482349408236,-86.18110378677505
nasa_planetscope_20180313_154259_1008,nasa_planetscope_20180313_154259_1008_P0005,16.150482349408236,-86.78215304916245
nasa_planetscope_20180313_154300_1008,nasa_planetscope_20180313_154300_1008_P0001,16.087242641794415,-86.88094720990502
nasa_planetscope_20180313_154300_1008,nasa_planetscope_20180313_154300_1008_P0002,16.674266565819785,-86.88094720990502
nasa_planetscope_20180313_154300_1008,nasa_planetscope_20180313_154300_1008_P0003,16.674266565819785,-86.20865239946998
nasa_planetscope_20180313_154300_1008,nasa_planetscope_20180313_154300_1008_P0004,16.087242641794415,-86.20865239946998
nasa_planetscope_20180313_154300_1008,nasa_planetscope_20180313_154300_1008_P0005,16.087242641794415,-86.88094720990502
nasa_planetscope_20180313_154301_1008,nasa_planetscope_20180313_154301_1008_P0001,16.07670069623697,-86.88640597218371
nasa_planetscope_20180313_154301_1008,nasa_planetscope_20180313_154301_1008_P0002,16.637376236333147,-86.88640597218371
nasa_planetscope_20180313_154301_1008,nasa_planetscope_20180313_154301_1008_P0003,16.637376236333147,-86.29657742625379
nasa_planetscope_20180313_154301_1008,nasa_planetscope_20180313_154301_1008_P0004,16.07670069623697,-86.29657742625379
nasa_planetscope_20180313_154301_1008,nasa_planetscope_20180313_154301_1008_P0005,16.07670069623697,-86.88640597218371
nasa_planetscope_20180607_082852_1012,nasa_planetscope_20180607_082852_1012_P0001,38.834692700323124,26.21725414897716
nasa_planetscope_20180607_082852_1012,nasa_planetscope_20180607_082852_1012_P0002,39.37854746847594,26.21725414897716
nasa_planetscope_20180607_082852_1012,nasa_planetscope_20180607_082852_1012_P0003,39.37854746847594,26.91812182758534
nasa_planetscope_20180607_082852_1012,nasa_planetscope_20180607_082852_1012_P0004,38.834692700323124,26.91812182758534
nasa_planetscope_20180607_082852_1012,nasa_planetscope_20180607_082852_1012_P0005,38.834692700323124,26.21725414897716
nasa_planetscope_20180919_155029_1044,nasa_planetscope_20180919_155029_1044_P0001,16.071429510090123,-87.28191662799772
nasa_planetscope_20180919_155029_1044,nasa_planetscope_20180919_155029_1044_P0002,16.67953604249511,-87.28191662799772
nasa_planetscope_20180919_155029_1044,nasa_planetscope_20180919_155029_1044_P0003,16.67953604249511,-86.52179430950228
nasa_planetscope_20180919_155029_1044,nasa_planetscope_20180919_155029_1044_P0004,16.071429510090123,-86.52179430950228
nasa_planetscope_20180919_155029_1044,nasa_planetscope_20180919_155029_1044_P0005,16.071429510090123,-87.28191662799772
nasa_planetscope_20180919_160750_1020,nasa_planetscope_20180919_160750_1020_P0001,15.548884853762235,-88.33037334862885
nasa_planetscope_20180919_160750_1020,nasa_planetscope_20180919_160750_1020_P0002,16.125469619116043,-88.33037334862885
nasa_planetscope_20180919_160750_1020,nasa_planetscope_20180919_160750_1020_P0003,16.125469619116043,-87.73652118262115
nasa_planetscope_20180919_160750_1020,nasa_planetscope_20180919_160750_1020_P0004,15.548884853762235,-87.73652118262115
nasa_planetscope_20180919_160750_1020,nasa_planetscope_20180919_160750_1020_P0005,15.548884853762235,-88.33037334862885
nasa_planetscope_20181022_155353_100a,nasa_planetscope_20181022_155353_100a_P0001,15.649277408865064,-87.95701966034683
nasa_planetscope_20181022_155353_100a,nasa_planetscope_20181022_155353_100a_P0002,16.27337184299868,-87.95701966034683
nasa_planetscope_20181022_155353_100a,nasa_planetscope_20181022_155353_100a_P0003,16.27337184299868,-87.31336608184067
nasa_planetscope_20181022_155353_100a,nasa_planetscope_20181022_155353_100a_P0004,15.649277408865064,-87.31336608184067
nasa_planetscope_20181022_155353_100a,nasa_planetscope_20181022_155353_100a_P0005,15.649277408865064,-87.95701966034683
nasa_planetscope_20181022_155659_101e,nasa_planetscope_20181022_155659_101e_P0001,15.548884853762235,-88.55008641703952
nasa_planetscope_20181022_155659_101e,nasa_planetscope_20181022_155659_101e_P0002,16.114901011390824,-88.55008641703952
nasa_planetscope_20181022_155659_101e,nasa_planetscope_20181022_155659_101e_P0003,16.114901011390824,-87.95076807514798
nasa_planetscope_20181022_155659_101e,nasa_planetscope_20181022_155659_101e_P0004,15.548884853762235,-87.95076807514798
nasa_planetscope_20181022_155659_101e,nasa_planetscope_20181022_155659_101e_P0005,15.548884853762235,-88.55008641703952
nasa_planetscope_20181023_155746_0f34,nasa_planetscope_20181023_155746_0f34_P0001,15.67040630326967,-88.48983043725814
nasa_planetscope_20181023_155746_0f34,nasa_planetscope_20181023_155746_0f34_P0002,16.236406510020547,-88.48983043725814
nasa_planetscope_20181023_155746_0f34,nasa_planetscope_20181023_155746_0f34_P0003,16.236406510020547,-87.83524280492936
nasa_planetscope_20181023_155746_0f34,nasa_planetscope_20181023_155746_0f34_P0004,15.67040630326967,-87.83524280492936
nasa_planetscope_20181023_155746_0f34,nasa_planetscope_20181023_155746_0f34_P0005,15.67040630326967,-88.48983043725814
nasa_planetscope_20181023_155747_0f34,nasa_planetscope_20181023_155747_0f34_P0001,15.58587740088132,-88.57768078407254
nasa_planetscope_20181023_155747_0f34,nasa_planetscope_20181023_155747_0f34_P0002,16.22056213442347,-88.57768078407254
nasa_planetscope_20181023_155747_0f34,nasa_planetscope_20181023_155747_0f34_P0003,16.22056213442347,-87.86274890342746
nasa_planetscope_20181023_155747_0f34,nasa_planetscope_20181023_155747_0f34_P0004,15.58587740088132,-87.86274890342746
nasa_planetscope_20181023_155747_0f34,nasa_planetscope_20181023_155747_0f34_P0005,15.58587740088132,-88.57768078407254
nasa_planetscope_20181024_160201_0f3b,nasa_planetscope_20181024_160201_0f3b_P0001,15.680969916188747,-87.98996878019608
nasa_planetscope_20181024_160201_0f3b,nasa_planetscope_20181024_160201_0f3b_P0002,16.241687690046334,-87.98996878019608
nasa_planetscope_20181024_160201_0f3b,nasa_planetscope_20181024_160201_0f3b_P0003,16.241687690046334,-87.39028024324142
nasa_planetscope_20181024_160201_0f3b,nasa_planetscope_20181024_160201_0f3b_P0004,15.680969916188747,-87.39028024324142
nasa_planetscope_20181024_160201_0f3b,nasa_planetscope_20181024_160201_0f3b_P0005,15.680969916188747,-87.98996878019608
nasa_planetscope_20181024_160202_0f3b,nasa_planetscope_20181024_160202_0f3b_P0001,15.696814291785826,-88.1712654044532
nasa_planetscope_20181024_160202_0f3b,nasa_planetscope_20181024_160202_0f3b_P0002,16.26281101651811,-88.1712654044532
nasa_planetscope_20181024_160202_0f3b,nasa_planetscope_20181024_160202_0f3b_P0003,16.26281101651811,-87.4506828377343
nasa_planetscope_20181024_160202_0f3b,nasa_planetscope_20181024_160202_0f3b_P0004,15.696814291785826,-87.4506828377343
nasa_planetscope_20181024_160202_0f3b,nasa_planetscope_20181024_160202_0f3b_P0005,15.696814291785826,-88.1712654044532
nasa_planetscope_20181031_095925_103b,nasa_planetscope_20181031_095925_103b_P0001,5.198567640563485,-0.606123857414741
nasa_planetscope_20181031_095925_103b,nasa_planetscope_20181031_095925_103b_P0002,5.776435783472247,-0.606123857414741
nasa_planetscope_20181031_095925_103b,nasa_planetscope_20181031_095925_103b_P0003,5.776435783472247,0.06230061522724106
nasa_planetscope_20181031_095925_103b,nasa_planetscope_20181031_095925_103b_P0004,5.198567640563485,0.06230061522724106
nasa_planetscope_20181031_095925_103b,nasa_planetscope_20181031_095925_103b_P0005,5.198567640563485,-0.606123857414741
nasa_planetscope_20181124_155713_1049,nasa_planetscope_20181124_155713_1049_P0001,16.218968825124712,-88.20499590936336
nasa_planetscope_20181124_155713_1049,nasa_planetscope_20181124_155713_1049_P0002,16.816492222142106,-88.20499590936336
nasa_planetscope_20181124_155713_1049,nasa_planetscope_20181124_155713_1049_P0003,16.816492222142106,-87.57625409063664
nasa_planetscope_20181124_155713_1049,nasa_planetscope_20181124_155713_1049_P0004,16.218968825124712,-87.57625409063664
nasa_planetscope_20181124_155713_1049,nasa_planetscope_20181124_155713_1049_P0005,16.218968825124712,-88.20499590936336
nasa_planetscope_20181124_155714_1049,nasa_planetscope_20181124_155714_1049_P0001,16.276900003907382,-88.2160657510023
nasa_planetscope_20181124_155714_1049,nasa_planetscope_20181124_155714_1049_P0002,16.890197645263697,-88.2160657510023
nasa_planetscope_20181124_155714_1049,nasa_planetscope_20181124_155714_1049_P0003,16.890197645263697,-87.5816637411852
nasa_planetscope_20181124_155714_1049,nasa_planetscope_20181124_155714_1049_P0004,16.276900003907382,-87.5816637411852
nasa_planetscope_20181124_155714_1049,nasa_planetscope_20181124_155714_1049_P0005,16.276900003907382,-88.2160657510023
nasa_planetscope_20181124_155715_1049,nasa_planetscope_20181124_155715_1049_P0001,16.361132466274725,-88.24364127930568
nasa_planetscope_20181124_155715_1049,nasa_planetscope_20181124_155715_1049_P0002,16.942827061256224,-88.24364127930568
nasa_planetscope_20181124_155715_1049,nasa_planetscope_20181124_155715_1049_P0003,16.942827061256224,-87.58704719725682
nasa_planetscope_20181124_155715_1049,nasa_planetscope_20181124_155715_1049_P0004,16.361132466274725,-87.58704719725682
nasa_planetscope_20181124_155715_1049,nasa_planetscope_20181124_155715_1049_P0005,16.361132466274725,-88.24364127930568
nasa_planetscope_20181124_155716_1049,nasa_planetscope_20181124_155716_1049_P0001,16.4032348430215,-88.22175238805798
nasa_planetscope_20181124_155716_1049,nasa_planetscope_20181124_155716_1049_P0002,17.005963250102578,-88.22175238805798
nasa_planetscope_20181124_155716_1049,nasa_planetscope_20181124_155716_1049_P0003,17.005963250102578,-87.63090874475452
nasa_planetscope_20181124_155716_1049,nasa_planetscope_20181124_155716_1049_P0004,16.4032348430215,-87.63090874475452
nasa_planetscope_20181124_155716_1049,nasa_planetscope_20181124_155716_1049_P0005,16.4032348430215,-88.22175238805798
nasa_planetscope_20181215_075902_103e,nasa_planetscope_20181215_075902_103e_P0001,32.66052208995318,34.19758487233208
nasa_planetscope_20181215_075902_103e,nasa_planetscope_20181215_075902_103e_P0002,33.20933500789575,34.19758487233208
nasa_planetscope_20181215_075902_103e,nasa_planetscope_20181215_075902_103e_P0003,33.20933500789575,34.85148739329292
nasa_planetscope_20181215_075902_103e,nasa_planetscope_20181215_075902_103e_P0004,32.66052208995318,34.85148739329292
nasa_planetscope_20181215_075902_103e,nasa_planetscope_20181215_075902_103e_P0005,32.66052208995318,34.19758487233208
nasa_planetscope_20190418_074358_0f3c,nasa_planetscope_20190418_074358_0f3c_P0001,38.834692700323124,26.21725414897716
nasa_planetscope_20190418_074358_0f3c,nasa_planetscope_20190418_074358_0f3c_P0002,39.37854746847594,26.21725414897716
nasa_planetscope_20190418_074358_0f3c,nasa_planetscope_20190418_074358_0f3c_P0003,39.37854746847594,26.91812182758534
nasa_planetscope_20190418_074358_0f3c,nasa_planetscope_20190418_074358_0f3c_P0004,38.834692700323124,26.91812182758534
nasa_planetscope_20190418_074358_0f3c,nasa_planetscope_20190418_074358_0f3c_P0005,38.834692700323124,26.21725414897716
ghana_drift_57bbff03-21eb-54de-9d18-d8a65b256bd5,ghana_drift_57bbff03-21eb-54de-9d18-d8a65b256bd5_P0001,5.225793890882638,-0.47376111869291126
ghana_drift_57bbff03-21eb-54de-9d18-d8a65b256bd5,ghana_drift_57bbff03-21eb-54de-9d18-d8a65b256bd5_P0002,5.810306109117362,-0.47376111869291126
ghana_drift_57bbff03-21eb-54de-9d18-d8a65b256bd5,ghana_drift_57bbff03-21eb-54de-9d18-d8a65b256bd5_P0003,5.810306109117362,0.18101111869291123
ghana_drift_57bbff03-21eb-54de-9d18-d8a65b256bd5,ghana_drift_57bbff03-21eb-54de-9d18-d8a65b256bd5_P0004,5.225793890882638,0.18101111869291123
ghana_drift_57bbff03-21eb-54de-9d18-d8a65b256bd5,ghana_drift_57bbff03-21eb-54de-9d18-d8a65b256bd5_P0005,5.225793890882638,-0.47376111869291126
ghana_drift_91ea9edc-67b4-4211-8532-35deec4a3148,ghana_drift_91ea9edc-67b4-4211-8532-35deec4a3148_P0001,4.893513890882638,-1.0331626422487206
ghana_drift_91ea9edc-67b4-4211-8532-35deec4a3148,ghana_drift_91ea9edc-67b4-4211-8532-35deec4a3148_P0002,5.958506109117362,-1.0331626422487206
ghana_drift_91ea9edc-67b4-4211-8532-35deec4a3148,ghana_drift_91ea9edc-67b4-4211-8532-35deec4a3148_P0003,5.958506109117362,0.4087926422487206
ghana_drift_91ea9edc-67b4-4211-8532-35deec4a3148,ghana_drift_91ea9edc-67b4-4211-8532-35deec4a3148_P0004,4.893513890882638,0.4087926422487206
ghana_drift_91ea9edc-67b4-4211-8532-35deec4a3148,ghana_drift_91ea9edc-67b4-4211-8532-35deec4a3148_P0005,4.893513890882638,-1.0331626422487206
ghana_drift_cd77705c-782d-5b99-935f-405bfd905cbf,ghana_drift_cd77705c-782d-5b99-935f-405bfd905cbf_P0001,5.345193890882639,0.06271566522881988
ghana_drift_cd77705c-782d-5b99-935f-405bfd905cbf,ghana_drift_cd77705c-782d-5b99-935f-405bfd905cbf_P0002,6.216906109117362,0.06271566522881988
ghana_drift_cd77705c-782d-5b99-935f-405bfd905cbf,ghana_drift_cd77705c-782d-5b99-935f-405bfd905cbf_P0003,6.216906109117362,1.5059543347711801
ghana_drift_cd77705c-782d-5b99-935f-405bfd905cbf,ghana_drift_cd77705c-782d-5b99-935f-405bfd905cbf_P0004,5.345193890882639,1.5059543347711801
ghana_drift_cd77705c-782d-5b99-935f-405bfd905cbf,ghana_drift_cd77705c-782d-5b99-935f-405bfd905cbf_P0005,5.345193890882639,0.06271566522881988
ghana_drift_d918b4e9-16ac-5c30-830f-6945943e1d9e,ghana_drift_d918b4e9-16ac-5c30-830f-6945943e1d9e_P0001,4.849953890882638,-1.1242990069158756
ghana_drift_d918b4e9-16ac-5c30-830f-6945943e1d9e,ghana_drift_d918b4e9-16ac-5c30-830f-6945943e1d9e_P0002,5.615016109117362,-1.1242990069158756
ghana_drift_d918b4e9-16ac-5c30-830f-6945943e1d9e,ghana_drift_d918b4e9-16ac-5c30-830f-6945943e1d9e_P0003,5.615016109117362,-0.23240099308412443
ghana_drift_d918b4e9-16ac-5c30-830f-6945943e1d9e,ghana_drift_d918b4e9-16ac-5c30-830f-6945943e1d9e_P0004,4.849953890882638,-0.23240099308412443
ghana_drift_d918b4e9-16ac-5c30-830f-6945943e1d9e,ghana_drift_d918b4e9-16ac-5c30-830f-6945943e1d9e_P0005,4.849953890882638,-1.1242990069158756
ghana_drift_d9db6dd4-4db8-5723-96ba-57d182cda0b7,ghana_drift_d9db6dd4-4db8-5723-96ba-57d182cda0b7_P0001,4.873413890882638,-1.1803313878794701
ghana_drift_d9db6dd4-4db8-5723-96ba-57d182cda0b7,ghana_drift_d9db6dd4-4db8-5723-96ba-57d182cda0b7_P0002,6.150516109117362,-1.1803313878794701
ghana_drift_d9db6dd4-4db8-5723-96ba-57d182cda0b7,ghana_drift_d9db6dd4-4db8-5723-96ba-57d182cda0b7_P0003,6.150516109117362,1.3519913878794703
ghana_drift_d9db6dd4-4db8-5723-96ba-57d182cda0b7,ghana_drift_d9db6dd4-4db8-5723-96ba-57d182cda0b7_P0004,4.873413890882638,1.3519913878794703
ghana_drift_d9db6dd4-4db8-5723-96ba-57d182cda0b7,ghana_drift_d9db6dd4-4db8-5723-96ba-57d182cda0b7_P0005,4.873413890882638,-1.1803313878794701
greece_sentinel2_S2A_MSIL2A_20210701T085601_N0500_R007_T35SMD_20230222T113007,greece_sentinel2_S2A_MSIL2A_20210701T085601_N0500_R007_T35SMD_20230222T113007_P0001,38.74289588343527,26.080745731343445
greece_sentinel2_S2A_MSIL2A_20210701T085601_N0500_R007_T35SMD_20230222T113007,greece_sentinel2_S2A_MSIL2A_20210701T085601_N0500_R007_T35SMD_20230222T113007_P0002,39.39742803281211,26.080745731343445
greece_sentinel2_S2A_MSIL2A_20210701T085601_N0500_R007_T35SMD_20230222T113007,greece_sentinel2_S2A_MSIL2A_20210701T085601_N0500_R007_T35SMD_20230222T113007_P0003,39.39742803281211,26.890336283855408
greece_sentinel2_S2A_MSIL2A_20210701T085601_N0500_R007_T35SMD_20230222T113007,greece_sentinel2_S2A_MSIL2A_20210701T085601_N0500_R007_T35SMD_20230222T113007_P0004,38.74289588343527,26.890336283855408
greece_sentinel2_S2A_MSIL2A_20210701T085601_N0500_R007_T35SMD_20230222T113007,greece_sentinel2_S2A_MSIL2A_20210701T085601_N0500_R007_T35SMD_20230222T113007_P0005,38.74289588343527,26.080745731343445
greece_sentinel2_S2B_MSIL1C_20210626T085559_N0500_R007_T35SMD_20230318T094507,greece_sentinel2_S2B_MSIL1C_20210626T085559_N0500_R007_T35SMD_20230318T094507_P0001,38.74289588343527,26.080745731343445
greece_sentinel2_S2B_MSIL1C_20210626T085559_N0500_R007_T35SMD_20230318T094507,greece_sentinel2_S2B_MSIL1C_20210626T085559_N0500_R007_T35SMD_20230318T094507_P0002,39.39742803281211,26.080745731343445
greece_sentinel2_S2B_MSIL1C_20210626T085559_N0500_R007_T35SMD_20230318T094507,greece_sentinel2_S2B_MSIL1C_20210626T085559_N0500_R007_T35SMD_20230318T094507_P0003,39.39742803281211,26.890336283855408
greece_sentinel2_S2B_MSIL1C_20210626T085559_N0500_R007_T35SMD_20230318T094507,greece_sentinel2_S2B_MSIL1C_20210626T085559_N0500_R007_T35SMD_20230318T094507_P0004,38.74289588343527,26.890336283855408
greece_sentinel2_S2B_MSIL1C_20210626T085559_N0500_R007_T35SMD_20230318T094507,greece_sentinel2_S2B_MSIL1C_20210626T085559_N0500_R007_T35SMD_20230318T094507_P0005,38.74289588343527,26.080745731343445
greece_sentinel2_S2B_MSIL2A_20240630T085559_N0510_R007_T35SMD_20240630T105345,greece_sentinel2_S2B_MSIL2A_20240630T085559_N0510_R007_T35SMD_20240630T105345_P0001,38.74289588343527,26.080745731343445
greece_sentinel2_S2B_MSIL2A_20240630T085559_N0510_R007_T35SMD_20240630T105345,greece_sentinel2_S2B_MSIL2A_20240630T085559_N0510_R007_T35SMD_20240630T105345_P0002,39.39742803281211,26.080745731343445
greece_sentinel2_S2B_MSIL2A_20240630T085559_N0510_R007_T35SMD_20240630T105345,greece_sentinel2_S2B_MSIL2A_20240630T085559_N0510_R007_T35SMD_20240630T105345_P0003,39.39742803281211,26.890336283855408
greece_sentinel2_S2B_MSIL2A_20240630T085559_N0510_R007_T35SMD_20240630T105345,greece_sentinel2_S2B_MSIL2A_20240630T085559_N0510_R007_T35SMD_20240630T105345_P0004,38.74289588343527,26.890336283855408
greece_sentinel2_S2B_MSIL2A_20240630T085559_N0510_R007_T35SMD_20240630T105345,greece_sentinel2_S2B_MSIL2A_20240630T085559_N0510_R007_T35SMD_20240630T105345_P0005,38.74289588343527,26.080745731343445
greece_sentinel2_S2A_MSIL2A_20240705T085601_N0510_R007_T35SMD_20240705T131959,greece_sentinel2_S2A_MSIL2A_20240705T085601_N0510_R007_T35SMD_20240705T131959_P0001,38.74289588343527,26.080745731343445
greece_sentinel2_S2A_MSIL2A_20240705T085601_N0510_R007_T35SMD_20240705T131959,greece_sentinel2_S2A_MSIL2A_20240705T085601_N0510_R007_T35SMD_20240705T131959_P0002,39.39742803281211,26.080745731343445
greece_sentinel2_S2A_MSIL2A_20240705T085601_N0510_R007_T35SMD_20240705T131959,greece_sentinel2_S2A_MSIL2A_20240705T085601_N0510_R007_T35SMD_20240705T131959_P0003,39.39742803281211,26.890336283855408
greece_sentinel2_S2A_MSIL2A_20240705T085601_N0510_R007_T35SMD_20240705T131959,greece_sentinel2_S2A_MSIL2A_20240705T085601_N0510_R007_T35SMD_20240705T131959_P0004,38.74289588343527,26.890336283855408
greece_sentinel2_S2A_MSIL2A_20240705T085601_N0510_R007_T35SMD_20240705T131959,greece_sentinel2_S2A_MSIL2A_20240705T085601_N0510_R007_T35SMD_20240705T131959_P0005,38.74289588343527,26.080745731343445
jamila_floating_debris_accra_20181031,jamila_floating_debris_accra_20181031_P0001,5.1881103975561675,-0.5634425736658398
jamila_floating_debris_accra_20181031,jamila_floating_debris_accra_20181031_P0002,6.054294468055685,-0.5634425736658398
jamila_floating_debris_accra_20181031,jamila_floating_debris_accra_20181031_P0003,6.054294468055685,0.7552701394192275
jamila_floating_debris_accra_20181031,jamila_floating_debris_accra_20181031_P0004,5.1881103975561675,0.7552701394192275
jamila_floating_debris_accra_20181031,jamila_floating_debris_accra_20181031_P0005,5.1881103975561675,-0.5634425736658398
jamila_floating_debris_biscay_20180419,jamila_floating_debris_biscay_20180419_P0001,43.24243745009708,-2.5624417696388893
jamila_floating_debris_biscay_20180419,jamila_floating_debris_biscay_20180419_P0002,44.51347328289935,-2.5624417696388893
jamila_floating_debris_biscay_20180419,jamila_floating_debris_biscay_20180419_P0003,44.51347328289935,-1.259041158529437
jamila_floating_debris_biscay_20180419,jamila_floating_debris_biscay_20180419_P0004,43.24243745009708,-1.259041158529437
jamila_floating_debris_biscay_20180419,jamila_floating_debris_biscay_20180419_P0005,43.24243745009708,-2.5624417696388893
jamila_floating_debris_danang_20181005,jamila_floating_debris_danang_20181005_P0001,15.897603770373408,107.53799767215756
jamila_floating_debris_danang_20181005,jamila_floating_debris_danang_20181005_P0002,16.827199239832208,107.53799767215756
jamila_floating_debris_danang_20181005,jamila_floating_debris_danang_20181005_P0003,16.827199239832208,108.60481918951795
jamila_floating_debris_danang_20181005,jamila_floating_debris_danang_20181005_P0004,15.897603770373408,108.60481918951795
jamila_floating_debris_danang_20181005,jamila_floating_debris_danang_20181005_P0005,15.897603770373408,107.53799767215756
jamila_floating_debris_kentpointfarm_20180710,jamila_floating_debris_kentpointfarm_20180710_P0001,38.528351298098556,-76.6784017995868
jamila_floating_debris_kentpointfarm_20180710,jamila_floating_debris_kentpointfarm_20180710_P0002,39.16016057758789,-76.6784017995868
jamila_floating_debris_kentpointfarm_20180710,jamila_floating_debris_kentpointfarm_20180710_P0003,39.16016057758789,-75.920765874987
jamila_floating_debris_kentpointfarm_20180710,jamila_floating_debris_kentpointfarm_20180710_P0004,38.528351298098556,-75.920765874987
jamila_floating_debris_kentpointfarm_20180710,jamila_floating_debris_kentpointfarm_20180710_P0005,38.528351298098556,-76.6784017995868
jamila_floating_debris_kolkata_20201115,jamila_floating_debris_kolkata_20201115_P0001,20.454192223867363,87.87638912004874
jamila_floating_debris_kolkata_20201115,jamila_floating_debris_kolkata_20201115_P0002,21.034074973927773,87.87638912004874
jamila_floating_debris_kolkata_20201115,jamila_floating_debris_kolkata_20201115_P0003,21.034074973927773,88.80523351427952
jamila_floating_debris_kolkata_20201115,jamila_floating_debris_kolkata_20201115_P0004,20.454192223867363,88.80523351427952
jamila_floating_debris_kolkata_20201115,jamila_floating_debris_kolkata_20201115_P0005,20.454192223867363,87.87638912004874
jamila_floating_debris_lagos_20190101,jamila_floating_debris_lagos_20190101_P0001,6.051408079175023,3.4424186785747706
jamila_floating_debris_lagos_20190101,jamila_floating_debris_lagos_20190101_P0002,6.656995584898281,3.4424186785747706
jamila_floating_debris_lagos_20190101,jamila_floating_debris_lagos_20190101_P0003,6.656995584898281,4.215045295799187
jamila_floating_debris_lagos_20190101,jamila_floating_debris_lagos_20190101_P0004,6.051408079175023,4.215045295799187
jamila_floating_debris_lagos_20190101,jamila_floating_debris_lagos_20190101_P0005,6.051408079175023,3.4424186785747706
jamila_floating_debris_lagos_20200505,jamila_floating_debris_lagos_20200505_P0001,5.813958669402245,2.7287621213232076
jamila_floating_debris_lagos_20200505,jamila_floating_debris_lagos_20200505_P0002,6.595717364916774,2.7287621213232076
jamila_floating_debris_lagos_20200505,jamila_floating_debris_lagos_20200505_P0003,6.595717364916774,4.263339381384517
jamila_floating_debris_lagos_20200505,jamila_floating_debris_lagos_20200505_P0004,5.813958669402245,4.263339381384517
jamila_floating_debris_lagos_20200505,jamila_floating_debris_lagos_20200505_P0005,5.813958669402245,2.7287621213232076
jamila_floating_debris_london_20180611,jamila_floating_debris_london_20180611_P0001,51.118148290007184,0.12839805253897096
jamila_floating_debris_london_20180611,jamila_floating_debris_london_20180611_P0002,51.71514181666781,0.12839805253897096
jamila_floating_debris_london_20180611,jamila_floating_debris_london_20180611_P0003,51.71514181666781,1.1699298549125965
jamila_floating_debris_london_20180611,jamila_floating_debris_london_20180611_P0004,51.118148290007184,1.1699298549125965
jamila_floating_debris_london_20180611,jamila_floating_debris_london_20180611_P0005,51.118148290007184,0.12839805253897096
jamila_floating_debris_longxuyen_20181102,jamila_floating_debris_longxuyen_20181102_P0001,9.684865327309415,104.63647762998869
jamila_floating_debris_longxuyen_20181102,jamila_floating_debris_longxuyen_20181102_P0002,10.353027031306867,104.63647762998869
jamila_floating_debris_longxuyen_20181102,jamila_floating_debris_longxuyen_20181102_P0003,10.353027031306867,105.26990656687748
jamila_floating_debris_longxuyen_20181102,jamila_floating_debris_longxuyen_20181102_P0004,9.684865327309415,105.26990656687748
jamila_floating_debris_longxuyen_20181102,jamila_floating_debris_longxuyen_20181102_P0005,9.684865327309415,104.63647762998869
jamila_floating_debris_mandaluyong_20180314,jamila_floating_debris_mandaluyong_20180314_P0001,14.183321430024677,120.29088255283926
jamila_floating_debris_mandaluyong_20180314,jamila_floating_debris_mandaluyong_20180314_P0002,15.00656014889414,120.29088255283926
jamila_floating_debris_mandaluyong_20180314,jamila_floating_debris_mandaluyong_20180314_P0003,15.00656014889414,121.16158363229276
jamila_floating_debris_mandaluyong_20180314,jamila_floating_debris_mandaluyong_20180314_P0004,14.183321430024677,121.16158363229276
jamila_floating_debris_mandaluyong_20180314,jamila_floating_debris_mandaluyong_20180314_P0005,14.183321430024677,120.29088255283926
jamila_floating_debris_neworleans_20200202,jamila_floating_debris_neworleans_20200202_P0001,29.510122421460625,-89.39174656449161
jamila_floating_debris_neworleans_20200202,jamila_floating_debris_neworleans_20200202_P0002,30.84222913242199,-89.39174656449161
jamila_floating_debris_neworleans_20200202,jamila_floating_debris_neworleans_20200202_P0003,30.84222913242199,-87.62389218879746
jamila_floating_debris_neworleans_20200202,jamila_floating_debris_neworleans_20200202_P0004,29.510122421460625,-87.62389218879746
jamila_floating_debris_neworleans_20200202,jamila_floating_debris_neworleans_20200202_P0005,29.510122421460625,-89.39174656449161
jamila_floating_debris_panama_20190425,jamila_floating_debris_panama_20190425_P0001,8.342106189986184,-79.88581498270344
jamila_floating_debris_panama_20190425,jamila_floating_debris_panama_20190425_P0002,9.072249915853359,-79.88581498270344
jamila_floating_debris_panama_20190425,jamila_floating_debris_panama_20190425_P0003,9.072249915853359,-79.2320547757028
jamila_floating_debris_panama_20190425,jamila_floating_debris_panama_20190425_P0004,8.342106189986184,-79.2320547757028
jamila_floating_debris_panama_20190425,jamila_floating_debris_panama_20190425_P0005,8.342106189986184,-79.88581498270344
jamila_floating_debris_portalfredSouthAfrica_20180601,jamila_floating_debris_portalfredSouthAfrica_20180601_P0001,-34.196140776716085,26.687720568638046
jamila_floating_debris_portalfredSouthAfrica_20180601,jamila_floating_debris_portalfredSouthAfrica_20180601_P0002,-33.22093818341919,26.687720568638046
jamila_floating_debris_portalfredSouthAfrica_20180601,jamila_floating_debris_portalfredSouthAfrica_20180601_P0003,-33.22093818341919,27.652368883507936
jamila_floating_debris_portalfredSouthAfrica_20180601,jamila_floating_debris_portalfredSouthAfrica_20180601_P0004,-34.196140776716085,27.652368883507936
jamila_floating_debris_portalfredSouthAfrica_20180601,jamila_floating_debris_portalfredSouthAfrica_20180601_P0005,-34.196140776716085,26.687720568638046
jamila_floating_debris_riodejaneiro_20180504,jamila_floating_debris_riodejaneiro_20180504_P0001,-23.055511973186395,-43.498563436049686
jamila_floating_debris_riodejaneiro_20180504,jamila_floating_debris_riodejaneiro_20180504_P0002,-22.448208696658583,-43.498563436049686
jamila_floating_debris_riodejaneiro_20180504,jamila_floating_debris_riodejaneiro_20180504_P0003,-22.448208696658583,-42.749637860124
jamila_floating_debris_riodejaneiro_20180504,jamila_floating_debris_riodejaneiro_20180504_P0004,-23.055511973186395,-42.749637860124
jamila_floating_debris_riodejaneiro_20180504,jamila_floating_debris_riodejaneiro_20180504_P0005,-23.055511973186395,-43.498563436049686
jamila_floating_debris_sandiego_20180804,jamila_floating_debris_sandiego_20180804_P0001,32.30073890262826,-117.63200525665438
jamila_floating_debris_sandiego_20180804,jamila_floating_debris_sandiego_20180804_P0002,33.13063177427715,-117.63200525665438
jamila_floating_debris_sandiego_20180804,jamila_floating_debris_sandiego_20180804_P0003,33.13063177427715,-116.83021147631514
jamila_floating_debris_sandiego_20180804,jamila_floating_debris_sandiego_20180804_P0004,32.30073890262826,-116.83021147631514
jamila_floating_debris_sandiego_20180804,jamila_floating_debris_sandiego_20180804_P0005,32.30073890262826,-117.63200525665438
jamila_floating_debris_sanfrancisco_20190219,jamila_floating_debris_sanfrancisco_20190219_P0001,37.374900486123494,-122.97369783355518
jamila_floating_debris_sanfrancisco_20190219,jamila_floating_debris_sanfrancisco_20190219_P0002,38.197070835527356,-122.97369783355518
jamila_floating_debris_sanfrancisco_20190219,jamila_floating_debris_sanfrancisco_20190219_P0003,38.197070835527356,-121.93955567999045
jamila_floating_debris_sanfrancisco_20190219,jamila_floating_debris_sanfrancisco_20190219_P0004,37.374900486123494,-121.93955567999045
jamila_floating_debris_sanfrancisco_20190219,jamila_floating_debris_sanfrancisco_20190219_P0005,37.374900486123494,-122.97369783355518
jamila_floating_debris_shengsi_20190615,jamila_floating_debris_shengsi_20190615_P0001,30.010392646991168,122.16436030364493
jamila_floating_debris_shengsi_20190615,jamila_floating_debris_shengsi_20190615_P0002,30.761379193845944,122.16436030364493
jamila_floating_debris_shengsi_20190615,jamila_floating_debris_shengsi_20190615_P0003,30.761379193845944,123.11980565968918
jamila_floating_debris_shengsi_20190615,jamila_floating_debris_shengsi_20190615_P0004,30.010392646991168,123.11980565968918
jamila_floating_debris_shengsi_20190615,jamila_floating_debris_shengsi_20190615_P0005,30.010392646991168,122.16436030364493
jamila_floating_debris_suez_20200403,jamila_floating_debris_suez_20200403_P0001,29.667456723950433,32.189570088044384
jamila_floating_debris_suez_20200403,jamila_floating_debris_suez_20200403_P0002,30.21418846653042,32.189570088044384
jamila_floating_debris_suez_20200403,jamila_floating_debris_suez_20200403_P0003,30.21418846653042,32.82172739231901
jamila_floating_debris_suez_20200403,jamila_floating_debris_suez_20200403_P0004,29.667456723950433,32.82172739231901
jamila_floating_debris_suez_20200403,jamila_floating_debris_suez_20200403_P0005,29.667456723950433,32.189570088044384
jamila_floating_debris_tangshan_20180130,jamila_floating_debris_tangshan_20180130_P0001,38.70230734331049,118.46629667928268
jamila_floating_debris_tangshan_20180130,jamila_floating_debris_tangshan_20180130_P0002,39.585861045756474,118.46629667928268
jamila_floating_debris_tangshan_20180130,jamila_floating_debris_tangshan_20180130_P0003,39.585861045756474,119.7282429190877
jamila_floating_debris_tangshan_20180130,jamila_floating_debris_tangshan_20180130_P0004,38.70230734331049,119.7282429190877
jamila_floating_debris_tangshan_20180130,jamila_floating_debris_tangshan_20180130_P0005,38.70230734331049,118.46629667928268
jamila_floating_debris_toledo_20191221,jamila_floating_debris_toledo_20191221_P0001,41.211760186353224,-83.75255759072081
jamila_floating_debris_toledo_20191221,jamila_floating_debris_toledo_20191221_P0002,42.088296742621765,-83.75255759072081
jamila_floating_debris_toledo_20191221,jamila_floating_debris_toledo_20191221_P0003,42.088296742621765,-82.31259463676002
jamila_floating_debris_toledo_20191221,jamila_floating_debris_toledo_20191221_P0004,41.211760186353224,-82.31259463676002
jamila_floating_debris_toledo_20191221,jamila_floating_debris_toledo_20191221_P0005,41.211760186353224,-83.75255759072081
jamila_floating_debris_tungchungChina_20190922,jamila_floating_debris_tungchungChina_20190922_P0001,22.027357552081597,113.62367119383474
jamila_floating_debris_tungchungChina_20190922,jamila_floating_debris_tungchungChina_20190922_P0002,22.634541303549998,113.62367119383474
jamila_floating_debris_tungchungChina_20190922,jamila_floating_debris_tungchungChina_20190922_P0003,22.634541303549998,114.26972674988438
jamila_floating_debris_tungchungChina_20190922,jamila_floating_debris_tungchungChina_20190922_P0004,22.027357552081597,114.26972674988438
jamila_floating_debris_tungchungChina_20190922,jamila_floating_debris_tungchungChina_20190922_P0005,22.027357552081597,113.62367119383474
jamila_floating_debris_tunisia_20180715,jamila_floating_debris_tunisia_20180715_P0001,33.35523012833409,10.299786176299502
jamila_floating_debris_tunisia_20180715,jamila_floating_debris_tunisia_20180715_P0002,34.02209855971775,10.299786176299502
jamila_floating_debris_tunisia_20180715,jamila_floating_debris_tunisia_20180715_P0003,34.02209855971775,11.152036355944878
jamila_floating_debris_tunisia_20180715,jamila_floating_debris_tunisia_20180715_P0004,33.35523012833409,11.152036355944878
jamila_floating_debris_tunisia_20180715,jamila_floating_debris_tunisia_20180715_P0005,33.35523012833409,10.299786176299502
jamila_floating_debris_turkmenistan_20181030,jamila_floating_debris_turkmenistan_20181030_P0001,40.54164593868443,52.64633501629971
jamila_floating_debris_turkmenistan_20181030,jamila_floating_debris_turkmenistan_20181030_P0002,41.650155498931575,52.64633501629971
jamila_floating_debris_turkmenistan_20181030,jamila_floating_debris_turkmenistan_20181030_P0003,41.650155498931575,53.83850931551919
jamila_floating_debris_turkmenistan_20181030,jamila_floating_debris_turkmenistan_20181030_P0004,40.54164593868443,53.83850931551919
jamila_floating_debris_turkmenistan_20181030,jamila_floating_debris_turkmenistan_20181030_P0005,40.54164593868443,52.64633501629971
jamila_floating_debris_venice_20180630,jamila_floating_debris_venice_20180630_P0001,44.78408213611255,11.86883520484123
jamila_floating_debris_venice_20180630,jamila_floating_debris_venice_20180630_P0002,45.80418659703606,11.86883520484123
jamila_floating_debris_venice_20180630,jamila_floating_debris_venice_20180630_P0003,45.80418659703606,13.185237844803243
jamila_floating_debris_venice_20180630,jamila_floating_debris_venice_20180630_P0004,44.78408213611255,13.185237844803243
jamila_floating_debris_venice_20180630,jamila_floating_debris_venice_20180630_P0005,44.78408213611255,11.86883520484123
jamila_floating_debris_venice_20180928,jamila_floating_debris_venice_20180928_P0001,45.10751293091907,12.322340568091738
jamila_floating_debris_venice_20180928,jamila_floating_debris_venice_20180928_P0002,46.01549397856318,12.322340568091738
jamila_floating_debris_venice_20180928,jamila_floating_debris_venice_20180928_P0003,46.01549397856318,13.935503566840127
jamila_floating_debris_venice_20180928,jamila_floating_debris_venice_20180928_P0004,45.10751293091907,13.935503566840127
jamila_floating_debris_venice_20180928,jamila_floating_debris_venice_20180928_P0005,45.10751293091907,12.322340568091738
jamila_floating_debris_vungtau_20180423,jamila_floating_debris_vungtau_20180423_P0001,8.718818785866947,106.54860157513289
jamila_floating_debris_vungtau_20180423,jamila_floating_debris_vungtau_20180423_P0002,10.14940219868367,106.54860157513289
jamila_floating_debris_vungtau_20180423,jamila_floating_debris_vungtau_20180423_P0003,10.14940219868367,108.09373091222673
jamila_floating_debris_vungtau_20180423,jamila_floating_debris_vungtau_20180423_P0004,8.718818785866947,108.09373091222673
jamila_floating_debris_vungtau_20180423,jamila_floating_debris_vungtau_20180423_P0005,8.718818785866947,106.54860157513289
