target_id,obs_id,source_dataset,source_group_id,area,date,reference_time,timestamp_source,role,selection_rank,granule_name,acquisition_start,delta_h,scene_coverage_ratio,coverage_set_ratio,coverage_complete,download_group_key,aoi_buffer_km,association_count
S1_S1A_IW_SLC__1SDV_20160716T214630_20160716T214657_012179_012E3A_DCAE:scene,S1_S1A_IW_SLC__1SDV_20160716T214630_20160716T214657_012179_012E3A_DCAE,deduplicated_global_s1,S1A_IW_SLC__1SDV_20160716T214630_20160716T214657_012179_012E3A_DCAE,Global_S1,2016-07-16,2016-07-16T21:46:30Z,s1_catalogue,scene,1,S1A_IW_SLC__1SDV_20160716T214630_20160716T214657_012179_012E3A_DCAE.SAFE,2016-07-16T21:46:30Z,0,1,1,True,S1A_IW_SLC__1SDV_20160716T214630_20160716T214657_012179_012E3A_DCAE,30.0,1
S1_S1A_IW_SLC__1SDV_20161005T235752_20161005T235819_013362_015506_6040:scene,S1_S1A_IW_SLC__1SDV_20161005T235752_20161005T235819_013362_015506_6040,deduplicated_global_s1,S1A_IW_SLC__1SDV_20161005T235752_20161005T235819_013362_015506_6040,Global_S1,2016-10-05,2016-10-05T23:57:52Z,s1_catalogue,scene,1,S1A_IW_SLC__1SDV_20161005T235752_20161005T235819_013362_015506_6040.SAFE,2016-10-05T23:57:52Z,0,1,1,True,S1A_IW_SLC__1SDV_20161005T235752_20161005T235819_013362_015506_6040,30.0,2
S1_S1A_IW_SLC__1SDV_20170109T235749_20170109T235816_014762_01808F_7B6A:scene,S1_S1A_IW_SLC__1SDV_20170109T235749_20170109T235816_014762_01808F_7B6A,deduplicated_global_s1,S1A_IW_SLC__1SDV_20170109T235749_20170109T235816_014762_01808F_7B6A,Global_S1,2017-01-09,2017-01-09T23:57:49Z,s1_catalogue,scene,1,S1A_IW_SLC__1SDV_20170109T235749_20170109T235816_014762_01808F_7B6A.SAFE,2017-01-09T23:57:49Z,0,1,1,True,S1A_IW_SLC__1SDV_20170109T235749_20170109T235816_014762_01808F_7B6A,30.0,1
S1_S1A_IW_SLC__1SDV_20170224T114518_20170224T114545_015425_019521_64D3:scene,S1_S1A_IW_SLC__1SDV_20170224T114518_20170224T114545_015425_019521_64D3,deduplicated_global_s1,S1A_IW_SLC__1SDV_20170224T114518_20170224T114545_015425_019521_64D3,Global_S1,2017-02-24,2017-02-24T11:45:18Z,s1_catalogue,scene,1,S1A_IW_SLC__1SDV_20170224T114518_20170224T114545_015425_019521_64D3.SAFE,2017-02-24T11:45:18Z,0,1,1,True,S1A_IW_SLC__1SDV_20170224T114518_20170224T114545_015425_019521_64D3,30.0,1
S1_S1A_IW_SLC__1SDV_20170224T114543_20170224T114610_015425_019521_2ED5:scene,S1_S1A_IW_SLC__1SDV_20170224T114543_20170224T114610_015425_019521_2ED5,deduplicated_global_s1,S1A_IW_SLC__1SDV_20170224T114543_20170224T114610_015425_019521_2ED5,Global_S1,2017-02-24,2017-02-24T11:45:43Z,s1_catalogue,scene,1,S1A_IW_SLC__1SDV_20170224T114543_20170224T114610_015425_019521_2ED5.SAFE,2017-02-24T11:45:43Z,0,1,1,True,S1A_IW_SLC__1SDV_20170224T114543_20170224T114610_015425_019521_2ED5,30.0,1
S1_S1A_IW_SLC__1SDV_20170226T235743_20170226T235810_015462_019635_9564:scene,S1_S1A_IW_SLC__1SDV_20170226T235743_20170226T235810_015462_019635_9564,deduplicated_global_s1,S1A_IW_SLC__1SDV_20170226T235743_20170226T235810_015462_019635_9564,Global_S1,2017-02-26,2017-02-26T23:57:43Z,s1_catalogue,scene,1,S1A_IW_SLC__1SDV_20170226T235743_20170226T235810_015462_019635_9564.SAFE,2017-02-26T23:57:43Z,0,1,1,True,S1A_IW_SLC__1SDV_20170226T235743_20170226T235810_015462_019635_9564,30.0,2
S1_S1A_IW_SLC__1SDV_20170226T235808_20170226T235835_015462_019635_27A8:scene,S1_S1A_IW_SLC__1SDV_20170226T235808_20170226T235835_015462_019635_27A8,deduplicated_global_s1,S1A_IW_SLC__1SDV_20170226T235808_20170226T235835_015462_019635_27A8,Global_S1,2017-02-26,2017-02-26T23:58:08Z,s1_catalogue,scene,1,S1A_IW_SLC__1SDV_20170226T235808_20170226T235835_015462_019635_27A8.SAFE,2017-02-26T23:58:08Z,0,1,1,True,S1A_IW_SLC__1SDV_20170226T235808_20170226T235835_015462_019635_27A8,30.0,3
S1_S1A_IW_SLC__1SDV_20170322T112901_20170322T112931_015804_01A07E_E746:scene,S1_S1A_IW_SLC__1SDV_20170322T112901_20170322T112931_015804_01A07E_E746,deduplicated_global_s1,S1A_IW_SLC__1SDV_20170322T112901_20170322T112931_015804_01A07E_E746,Global_S1,2017-03-22,2017-03-22T11:29:01Z,s1_catalogue,scene,1,S1A_IW_SLC__1SDV_20170322T112901_20170322T112931_015804_01A07E_E746.SAFE,2017-03-22T11:29:01Z,0,1,1,True,S1A_IW_SLC__1SDV_20170322T112901_20170322T112931_015804_01A07E_E746,30.0,1
S1_S1A_IW_SLC__1SDV_20170327T113700_20170327T113730_015877_01A2B2_6471:scene,S1_S1A_IW_SLC__1SDV_20170327T113700_20170327T113730_015877_01A2B2_6471,deduplicated_global_s1,S1A_IW_SLC__1SDV_20170327T113700_20170327T113730_015877_01A2B2_6471,Global_S1,2017-03-27,2017-03-27T11:37:00Z,s1_catalogue,scene,1,S1A_IW_SLC__1SDV_20170327T113700_20170327T113730_015877_01A2B2_6471.SAFE,2017-03-27T11:37:00Z,0,1,1,True,S1A_IW_SLC__1SDV_20170327T113700_20170327T113730_015877_01A2B2_6471,30.0,3
S1_S1A_IW_SLC__1SDV_20170825T235751_20170825T235818_018087_01E5F9_D3CA:scene,S1_S1A_IW_SLC__1SDV_20170825T235751_20170825T235818_018087_01E5F9_D3CA,deduplicated_global_s1,S1A_IW_SLC__1SDV_20170825T235751_20170825T235818_018087_01E5F9_D3CA,Global_S1,2017-08-25,2017-08-25T23:57:51Z,s1_catalogue,scene,1,S1A_IW_SLC__1SDV_20170825T235751_20170825T235818_018087_01E5F9_D3CA.SAFE,2017-08-25T23:57:51Z,0,1,1,True,S1A_IW_SLC__1SDV_20170825T235751_20170825T235818_018087_01E5F9_D3CA,30.0,2
S1_S1A_IW_SLC__1SDV_20170825T235816_20170825T235843_018087_01E5F9_252D:scene,S1_S1A_IW_SLC__1SDV_20170825T235816_20170825T235843_018087_01E5F9_252D,deduplicated_global_s1,S1A_IW_SLC__1SDV_20170825T235816_20170825T235843_018087_01E5F9_252D,Global_S1,2017-08-25,2017-08-25T23:58:16Z,s1_catalogue,scene,1,S1A_IW_SLC__1SDV_20170825T235816_20170825T235843_018087_01E5F9_252D.SAFE,2017-08-25T23:58:16Z,0,1,1,True,S1A_IW_SLC__1SDV_20170825T235816_20170825T235843_018087_01E5F9_252D,30.0,2
S1_S1A_IW_SLC__1SDV_20170831T000618_20170831T000645_018160_01E82D_DFF8:scene,S1_S1A_IW_SLC__1SDV_20170831T000618_20170831T000645_018160_01E82D_DFF8,deduplicated_global_s1,S1A_IW_SLC__1SDV_20170831T000618_20170831T000645_018160_01E82D_DFF8,Global_S1,2017-08-31,2017-08-31T00:06:18Z,s1_catalogue,scene,1,S1A_IW_SLC__1SDV_20170831T000618_20170831T000645_018160_01E82D_DFF8.SAFE,2017-08-31T00:06:18Z,0,1,1,True,S1A_IW_SLC__1SDV_20170831T000618_20170831T000645_018160_01E82D_DFF8,30.0,1
S1_S1A_IW_SLC__1SDV_20170928T114527_20170928T114554_018575_01F501_6D3A:scene,S1_S1A_IW_SLC__1SDV_20170928T114527_20170928T114554_018575_01F501_6D3A,deduplicated_global_s1,S1A_IW_SLC__1SDV_20170928T114527_20170928T114554_018575_01F501_6D3A,Global_S1,2017-09-28,2017-09-28T11:45:27Z,s1_catalogue,scene,1,S1A_IW_SLC__1SDV_20170928T114527_20170928T114554_018575_01F501_6D3A.SAFE,2017-09-28T11:45:27Z,0,1,1,True,S1A_IW_SLC__1SDV_20170928T114527_20170928T114554_018575_01F501_6D3A,30.0,2
S1_S1A_IW_SLC__1SDV_20171010T114528_20171010T114555_018750_01FA56_DC8A:scene,S1_S1A_IW_SLC__1SDV_20171010T114528_20171010T114555_018750_01FA56_DC8A,deduplicated_global_s1,S1A_IW_SLC__1SDV_20171010T114528_20171010T114555_018750_01FA56_DC8A,Global_S1,2017-10-10,2017-10-10T11:45:28Z,s1_catalogue,scene,1,S1A_IW_SLC__1SDV_20171010T114528_20171010T114555_018750_01FA56_DC8A.SAFE,2017-10-10T11:45:28Z,0,1,1,True,S1A_IW_SLC__1SDV_20171010T114528_20171010T114555_018750_01FA56_DC8A,30.0,2
S1_S1A_IW_SLC__1SDV_20171012T235753_20171012T235820_018787_01FB66_F901:scene,S1_S1A_IW_SLC__1SDV_20171012T235753_20171012T235820_018787_01FB66_F901,deduplicated_global_s1,S1A_IW_SLC__1SDV_20171012T235753_20171012T235820_018787_01FB66_F901,Global_S1,2017-10-12,2017-10-12T23:57:53Z,s1_catalogue,scene,1,S1A_IW_SLC__1SDV_20171012T235753_20171012T235820_018787_01FB66_F901.SAFE,2017-10-12T23:57:53Z,0,1,1,True,S1A_IW_SLC__1SDV_20171012T235753_20171012T235820_018787_01FB66_F901,30.0,1
S1_S1A_IW_SLC__1SDV_20171012T235817_20171012T235844_018787_01FB66_2AB4:scene,S1_S1A_IW_SLC__1SDV_20171012T235817_20171012T235844_018787_01FB66_2AB4,deduplicated_global_s1,S1A_IW_SLC__1SDV_20171012T235817_20171012T235844_018787_01FB66_2AB4,Global_S1,2017-10-12,2017-10-12T23:58:17Z,s1_catalogue,scene,1,S1A_IW_SLC__1SDV_20171012T235817_20171012T235844_018787_01FB66_2AB4.SAFE,2017-10-12T23:58:17Z,0,1,1,True,S1A_IW_SLC__1SDV_20171012T235817_20171012T235844_018787_01FB66_2AB4,30.0,1
S1_S1A_IW_SLC__1SDV_20171017T113709_20171017T113739_018852_01FD74_F01C:scene,S1_S1A_IW_SLC__1SDV_20171017T113709_20171017T113739_018852_01FD74_F01C,deduplicated_global_s1,S1A_IW_SLC__1SDV_20171017T113709_20171017T113739_018852_01FD74_F01C,Global_S1,2017-10-17,2017-10-17T11:37:09Z,s1_catalogue,scene,1,S1A_IW_SLC__1SDV_20171017T113709_20171017T113739_018852_01FD74_F01C.SAFE,2017-10-17T11:37:09Z,0,1,1,True,S1A_IW_SLC__1SDV_20171017T113709_20171017T113739_018852_01FD74_F01C,30.0,1
S1_S1A_IW_SLC__1SDV_20171203T223313_20171203T223341_019544_0212E6_4612:scene,S1_S1A_IW_SLC__1SDV_20171203T223313_20171203T223341_019544_0212E6_4612,deduplicated_global_s1,S1A_IW_SLC__1SDV_20171203T223313_20171203T223341_019544_0212E6_4612,Global_S1,2017-12-03,2017-12-03T22:33:13Z,s1_catalogue,scene,1,S1A_IW_SLC__1SDV_20171203T223313_20171203T223341_019544_0212E6_4612.SAFE,2017-12-03T22:33:13Z,0,1,1,True,S1A_IW_SLC__1SDV_20171203T223313_20171203T223341_019544_0212E6_4612,30.0,1
S1_S1A_IW_SLC__1SDV_20171203T223338_20171203T223406_019544_0212E6_3713:scene,S1_S1A_IW_SLC__1SDV_20171203T223338_20171203T223406_019544_0212E6_3713,deduplicated_global_s1,S1A_IW_SLC__1SDV_20171203T223338_20171203T223406_019544_0212E6_3713,Global_S1,2017-12-03,2017-12-03T22:33:38Z,s1_catalogue,scene,1,S1A_IW_SLC__1SDV_20171203T223338_20171203T223406_019544_0212E6_3713.SAFE,2017-12-03T22:33:38Z,0,1,1,True,S1A_IW_SLC__1SDV_20171203T223338_20171203T223406_019544_0212E6_3713,30.0,1
S1_S1A_IW_SLC__1SDV_20171207T111502_20171207T111530_019595_021487_BBD3:scene,S1_S1A_IW_SLC__1SDV_20171207T111502_20171207T111530_019595_021487_BBD3,deduplicated_global_s1,S1A_IW_SLC__1SDV_20171207T111502_20171207T111530_019595_021487_BBD3,Global_S1,2017-12-07,2017-12-07T11:15:02Z,s1_catalogue,scene,1,S1A_IW_SLC__1SDV_20171207T111502_20171207T111530_019595_021487_BBD3.SAFE,2017-12-07T11:15:02Z,0,1,1,True,S1A_IW_SLC__1SDV_20171207T111502_20171207T111530_019595_021487_BBD3,30.0,1
S1_S1A_IW_SLC__1SDV_20180214T113706_20180214T113736_020602_02344F_F816:scene,S1_S1A_IW_SLC__1SDV_20180214T113706_20180214T113736_020602_02344F_F816,deduplicated_global_s1,S1A_IW_SLC__1SDV_20180214T113706_20180214T113736_020602_02344F_F816,Global_S1,2018-02-14,2018-02-14T11:37:06Z,s1_catalogue,scene,1,S1A_IW_SLC__1SDV_20180214T113706_20180214T113736_020602_02344F_F816.SAFE,2018-02-14T11:37:06Z,0,1,1,True,S1A_IW_SLC__1SDV_20180214T113706_20180214T113736_020602_02344F_F816,30.0,1
S1_S1A_IW_SLC__1SDV_20180214T113734_20180214T113802_020602_02344F_9E31:scene,S1_S1A_IW_SLC__1SDV_20180214T113734_20180214T113802_020602_02344F_9E31,deduplicated_global_s1,S1A_IW_SLC__1SDV_20180214T113734_20180214T113802_020602_02344F_9E31,Global_S1,2018-02-14,2018-02-14T11:37:34Z,s1_catalogue,scene,1,S1A_IW_SLC__1SDV_20180214T113734_20180214T113802_020602_02344F_9E31.SAFE,2018-02-14T11:37:34Z,0,1,1,True,S1A_IW_SLC__1SDV_20180214T113734_20180214T113802_020602_02344F_9E31,30.0,1
S1_S1A_IW_SLC__1SDV_20180219T114524_20180219T114551_020675_0236A3_8FAB:scene,S1_S1A_IW_SLC__1SDV_20180219T114524_20180219T114551_020675_0236A3_8FAB,deduplicated_global_s1,S1A_IW_SLC__1SDV_20180219T114524_20180219T114551_020675_0236A3_8FAB,Global_S1,2018-02-19,2018-02-19T11:45:24Z,s1_catalogue,scene,1,S1A_IW_SLC__1SDV_20180219T114524_20180219T114551_020675_0236A3_8FAB.SAFE,2018-02-19T11:45:24Z,0,1,1,True,S1A_IW_SLC__1SDV_20180219T114524_20180219T114551_020675_0236A3_8FAB,30.0,1
S1_S1A_IW_SLC__1SDV_20180219T114549_20180219T114616_020675_0236A3_1819:scene,S1_S1A_IW_SLC__1SDV_20180219T114549_20180219T114616_020675_0236A3_1819,deduplicated_global_s1,S1A_IW_SLC__1SDV_20180219T114549_20180219T114616_020675_0236A3_1819,Global_S1,2018-02-19,2018-02-19T11:45:49Z,s1_catalogue,scene,1,S1A_IW_SLC__1SDV_20180219T114549_20180219T114616_020675_0236A3_1819.SAFE,2018-02-19T11:45:49Z,0,1,1,True,S1A_IW_SLC__1SDV_20180219T114549_20180219T114616_020675_0236A3_1819,30.0,1
S1_S1A_IW_SLC__1SDV_20180226T113706_20180226T113736_020777_0239E5_1314:scene,S1_S1A_IW_SLC__1SDV_20180226T113706_20180226T113736_020777_0239E5_1314,deduplicated_global_s1,S1A_IW_SLC__1SDV_20180226T113706_20180226T113736_020777_0239E5_1314,Global_S1,2018-02-26,2018-02-26T11:37:06Z,s1_catalogue,scene,1,S1A_IW_SLC__1SDV_20180226T113706_20180226T113736_020777_0239E5_1314.SAFE,2018-02-26T11:37:06Z,0,1,1,True,S1A_IW_SLC__1SDV_20180226T113706_20180226T113736_020777_0239E5_1314,30.0,3
S1_S1A_IW_SLC__1SDV_20180305T104110_20180305T104140_020878_023D06_07A9:scene,S1_S1A_IW_SLC__1SDV_20180305T104110_20180305T104140_020878_023D06_07A9,deduplicated_global_s1,S1A_IW_SLC__1SDV_20180305T104110_20180305T104140_020878_023D06_07A9,Global_S1,2018-03-05,2018-03-05T10:41:10Z,s1_catalogue,scene,1,S1A_IW_SLC__1SDV_20180305T104110_20180305T104140_020878_023D06_07A9.SAFE,2018-03-05T10:41:10Z,0,1,1,True,S1A_IW_SLC__1SDV_20180305T104110_20180305T104140_020878_023D06_07A9,30.0,1
S1_S1A_IW_SLC__1SDV_20180305T235749_20180305T235816_020887_023D47_BD35:scene,S1_S1A_IW_SLC__1SDV_20180305T235749_20180305T235816_020887_023D47_BD35,deduplicated_global_s1,S1A_IW_SLC__1SDV_20180305T235749_20180305T235816_020887_023D47_BD35,Global_S1,2018-03-05,2018-03-05T23:57:49Z,s1_catalogue,scene,1,S1A_IW_SLC__1SDV_20180305T235749_20180305T235816_020887_023D47_BD35.SAFE,2018-03-05T23:57:49Z,0,1,1,True,S1A_IW_SLC__1SDV_20180305T235749_20180305T235816_020887_023D47_BD35,30.0,1
S1_S1A_IW_SLC__1SDV_20180305T235814_20180305T235841_020887_023D47_F0AD:scene,S1_S1A_IW_SLC__1SDV_20180305T235814_20180305T235841_020887_023D47_F0AD,deduplicated_global_s1,S1A_IW_SLC__1SDV_20180305T235814_20180305T235841_020887_023D47_F0AD,Global_S1,2018-03-05,2018-03-05T23:58:14Z,s1_catalogue,scene,1,S1A_IW_SLC__1SDV_20180305T235814_20180305T235841_020887_023D47_F0AD.SAFE,2018-03-05T23:58:14Z,0,1,1,True,S1A_IW_SLC__1SDV_20180305T235814_20180305T235841_020887_023D47_F0AD,30.0,1
S1_S1A_IW_SLC__1SDV_20180310T113706_20180310T113736_020952_023F65_5F7F:scene,S1_S1A_IW_SLC__1SDV_20180310T113706_20180310T113736_020952_023F65_5F7F,deduplicated_global_s1,S1A_IW_SLC__1SDV_20180310T113706_20180310T113736_020952_023F65_5F7F,Global_S1,2018-03-10,2018-03-10T11:37:06Z,s1_catalogue,scene,1,S1A_IW_SLC__1SDV_20180310T113706_20180310T113736_020952_023F65_5F7F.SAFE,2018-03-10T11:37:06Z,0,1,1,True,S1A_IW_SLC__1SDV_20180310T113706_20180310T113736_020952_023F65_5F7F,30.0,2
S1_S1A_IW_SLC__1SDV_20180417T061638_20180417T061705_021503_0250BC_6CFA:scene,S1_S1A_IW_SLC__1SDV_20180417T061638_20180417T061705_021503_0250BC_6CFA,deduplicated_global_s1,S1A_IW_SLC__1SDV_20180417T061638_20180417T061705_021503_0250BC_6CFA,Global_S1,2018-04-17,2018-04-17T06:16:38Z,s1_catalogue,scene,1,S1A_IW_SLC__1SDV_20180417T061638_20180417T061705_021503_0250BC_6CFA.SAFE,2018-04-17T06:16:38Z,0,1,1,True,S1A_IW_SLC__1SDV_20180417T061638_20180417T061705_021503_0250BC_6CFA,30.0,1
S1_S1A_IW_SLC__1SDV_20180417T061703_20180417T061730_021503_0250BC_1820:scene,S1_S1A_IW_SLC__1SDV_20180417T061703_20180417T061730_021503_0250BC_1820,deduplicated_global_s1,S1A_IW_SLC__1SDV_20180417T061703_20180417T061730_021503_0250BC_1820,Global_S1,2018-04-17,2018-04-17T06:17:03Z,s1_catalogue,scene,1,S1A_IW_SLC__1SDV_20180417T061703_20180417T061730_021503_0250BC_1820.SAFE,2018-04-17T06:17:03Z,0,1,1,True,S1A_IW_SLC__1SDV_20180417T061703_20180417T061730_021503_0250BC_1820,30.0,1
S1_S1A_IW_SLC__1SDV_20180420T175048_20180420T175115_021554_02524F_11F3:scene,S1_S1A_IW_SLC__1SDV_20180420T175048_20180420T175115_021554_02524F_11F3,deduplicated_global_s1,S1A_IW_SLC__1SDV_20180420T175048_20180420T175115_021554_02524F_11F3,Global_S1,2018-04-20,2018-04-20T17:50:48Z,s1_catalogue,scene,1,S1A_IW_SLC__1SDV_20180420T175048_20180420T175115_021554_02524F_11F3.SAFE,2018-04-20T17:50:48Z,0,1,1,True,S1A_IW_SLC__1SDV_20180420T175048_20180420T175115_021554_02524F_11F3,30.0,1
S1_S1A_IW_SLC__1SDV_20180530T165236_20180530T165306_022136_0264C5_5103:scene,S1_S1A_IW_SLC__1SDV_20180530T165236_20180530T165306_022136_0264C5_5103,deduplicated_global_s1,S1A_IW_SLC__1SDV_20180530T165236_20180530T165306_022136_0264C5_5103,Global_S1,2018-05-30,2018-05-30T16:52:36Z,s1_catalogue,scene,1,S1A_IW_SLC__1SDV_20180530T165236_20180530T165306_022136_0264C5_5103.SAFE,2018-05-30T16:52:36Z,0,1,1,True,S1A_IW_SLC__1SDV_20180530T165236_20180530T165306_022136_0264C5_5103,30.0,1
S1_S1A_IW_SLC__1SDV_20180530T165304_20180530T165332_022136_0264C5_57B3:scene,S1_S1A_IW_SLC__1SDV_20180530T165304_20180530T165332_022136_0264C5_57B3,deduplicated_global_s1,S1A_IW_SLC__1SDV_20180530T165304_20180530T165332_022136_0264C5_57B3,Global_S1,2018-05-30,2018-05-30T16:53:04Z,s1_catalogue,scene,1,S1A_IW_SLC__1SDV_20180530T165304_20180530T165332_022136_0264C5_57B3.SAFE,2018-05-30T16:53:04Z,0,1,1,True,S1A_IW_SLC__1SDV_20180530T165304_20180530T165332_022136_0264C5_57B3,30.0,1
S1_S1A_IW_SLC__1SDV_20180607T160715_20180607T160742_022253_02686F_1B45:scene,S1_S1A_IW_SLC__1SDV_20180607T160715_20180607T160742_022253_02686F_1B45,deduplicated_global_s1,S1A_IW_SLC__1SDV_20180607T160715_20180607T160742_022253_02686F_1B45,Global_S1,2018-06-07,2018-06-07T16:07:15Z,s1_catalogue,scene,1,S1A_IW_SLC__1SDV_20180607T160715_20180607T160742_022253_02686F_1B45.SAFE,2018-06-07T16:07:15Z,0,1,1,True,S1A_IW_SLC__1SDV_20180607T160715_20180607T160742_022253_02686F_1B45,30.0,1
S1_S1A_IW_SLC__1SDV_20180611T060624_20180611T060651_022305_026A07_2143:scene,S1_S1A_IW_SLC__1SDV_20180611T060624_20180611T060651_022305_026A07_2143,deduplicated_global_s1,S1A_IW_SLC__1SDV_20180611T060624_20180611T060651_022305_026A07_2143,Global_S1,2018-06-11,2018-06-11T06:06:24Z,s1_catalogue,scene,1,S1A_IW_SLC__1SDV_20180611T060624_20180611T060651_022305_026A07_2143.SAFE,2018-06-11T06:06:24Z,0,1,1,True,S1A_IW_SLC__1SDV_20180611T060624_20180611T060651_022305_026A07_2143,30.0,1
S1_S1A_IW_SLC__1SDV_20180611T060649_20180611T060716_022305_026A07_EF2B:scene,S1_S1A_IW_SLC__1SDV_20180611T060649_20180611T060716_022305_026A07_EF2B,deduplicated_global_s1,S1A_IW_SLC__1SDV_20180611T060649_20180611T060716_022305_026A07_EF2B,Global_S1,2018-06-11,2018-06-11T06:06:49Z,s1_catalogue,scene,1,S1A_IW_SLC__1SDV_20180611T060649_20180611T060716_022305_026A07_EF2B.SAFE,2018-06-11T06:06:49Z,0,1,1,True,S1A_IW_SLC__1SDV_20180611T060649_20180611T060716_022305_026A07_EF2B,30.0,1
S1_S1A_IW_SLC__1SDV_20180629T051852_20180629T051919_022567_0271CF_EE7D:scene,S1_S1A_IW_SLC__1SDV_20180629T051852_20180629T051919_022567_0271CF_EE7D,deduplicated_global_s1,S1A_IW_SLC__1SDV_20180629T051852_20180629T051919_022567_0271CF_EE7D,Global_S1,2018-06-29,2018-06-29T05:18:52Z,s1_catalogue,scene,1,S1A_IW_SLC__1SDV_20180629T051852_20180629T051919_022567_0271CF_EE7D.SAFE,2018-06-29T05:18:52Z,0,1,1,True,S1A_IW_SLC__1SDV_20180629T051852_20180629T051919_022567_0271CF_EE7D,30.0,1
S1_S1A_IW_SLC__1SDV_20180630T170626_20180630T170653_022589_02727A_F0C9:scene,S1_S1A_IW_SLC__1SDV_20180630T170626_20180630T170653_022589_02727A_F0C9,deduplicated_global_s1,S1A_IW_SLC__1SDV_20180630T170626_20180630T170653_022589_02727A_F0C9,Global_S1,2018-06-30,2018-06-30T17:06:26Z,s1_catalogue,scene,1,S1A_IW_SLC__1SDV_20180630T170626_20180630T170653_022589_02727A_F0C9.SAFE,2018-06-30T17:06:26Z,0,1,1,True,S1A_IW_SLC__1SDV_20180630T170626_20180630T170653_022589_02727A_F0C9,30.0,1
S1_S1A_IW_SLC__1SDV_20180711T225836_20180711T225903_022753_027755_DA41:scene,S1_S1A_IW_SLC__1SDV_20180711T225836_20180711T225903_022753_027755_DA41,deduplicated_global_s1,S1A_IW_SLC__1SDV_20180711T225836_20180711T225903_022753_027755_DA41,Global_S1,2018-07-11,2018-07-11T22:58:36Z,s1_catalogue,scene,1,S1A_IW_SLC__1SDV_20180711T225836_20180711T225903_022753_027755_DA41.SAFE,2018-07-11T22:58:36Z,0,1,1,True,S1A_IW_SLC__1SDV_20180711T225836_20180711T225903_022753_027755_DA41,30.0,1
S1_S1A_IW_SLC__1SDV_20180802T135244_20180802T135311_023068_028123_A301:scene,S1_S1A_IW_SLC__1SDV_20180802T135244_20180802T135311_023068_028123_A301,deduplicated_global_s1,S1A_IW_SLC__1SDV_20180802T135244_20180802T135311_023068_028123_A301,Global_S1,2018-08-02,2018-08-02T13:52:44Z,s1_catalogue,scene,1,S1A_IW_SLC__1SDV_20180802T135244_20180802T135311_023068_028123_A301.SAFE,2018-08-02T13:52:44Z,0,1,1,True,S1A_IW_SLC__1SDV_20180802T135244_20180802T135311_023068_028123_A301,30.0,1
S1_S1A_IW_SLC__1SDV_20180830T114533_20180830T114600_023475_028E42_1ED7:scene,S1_S1A_IW_SLC__1SDV_20180830T114533_20180830T114600_023475_028E42_1ED7,deduplicated_global_s1,S1A_IW_SLC__1SDV_20180830T114533_20180830T114600_023475_028E42_1ED7,Global_S1,2018-08-30,2018-08-30T11:45:33Z,s1_catalogue,scene,1,S1A_IW_SLC__1SDV_20180830T114533_20180830T114600_023475_028E42_1ED7.SAFE,2018-08-30T11:45:33Z,0,1,1,True,S1A_IW_SLC__1SDV_20180830T114533_20180830T114600_023475_028E42_1ED7,30.0,1
S1_S1A_IW_SLC__1SDV_20180830T114558_20180830T114625_023475_028E42_5A19:scene,S1_S1A_IW_SLC__1SDV_20180830T114558_20180830T114625_023475_028E42_5A19,deduplicated_global_s1,S1A_IW_SLC__1SDV_20180830T114558_20180830T114625_023475_028E42_5A19,Global_S1,2018-08-30,2018-08-30T11:45:58Z,s1_catalogue,scene,1,S1A_IW_SLC__1SDV_20180830T114558_20180830T114625_023475_028E42_5A19.SAFE,2018-08-30T11:45:58Z,0,1,1,True,S1A_IW_SLC__1SDV_20180830T114558_20180830T114625_023475_028E42_5A19,30.0,1
S1_S1A_IW_SLC__1SDV_20180918T113716_20180918T113745_023752_02971C_2F2E:scene,S1_S1A_IW_SLC__1SDV_20180918T113716_20180918T113745_023752_02971C_2F2E,deduplicated_global_s1,S1A_IW_SLC__1SDV_20180918T113716_20180918T113745_023752_02971C_2F2E,Global_S1,2018-09-18,2018-09-18T11:37:16Z,s1_catalogue,scene,1,S1A_IW_SLC__1SDV_20180918T113716_20180918T113745_023752_02971C_2F2E.SAFE,2018-09-18T11:37:16Z,0,1,1,True,S1A_IW_SLC__1SDV_20180918T113716_20180918T113745_023752_02971C_2F2E,30.0,1
S1_S1A_IW_SLC__1SDV_20180929T165813_20180929T165840_023916_029C64_EDCF:scene,S1_S1A_IW_SLC__1SDV_20180929T165813_20180929T165840_023916_029C64_EDCF,deduplicated_global_s1,S1A_IW_SLC__1SDV_20180929T165813_20180929T165840_023916_029C64_EDCF,Global_S1,2018-09-29,2018-09-29T16:58:13Z,s1_catalogue,scene,1,S1A_IW_SLC__1SDV_20180929T165813_20180929T165840_023916_029C64_EDCF.SAFE,2018-09-29T16:58:13Z,0,1,1,True,S1A_IW_SLC__1SDV_20180929T165813_20180929T165840_023916_029C64_EDCF,30.0,1
S1_S1A_IW_SLC__1SDV_20180929T165838_20180929T165905_023916_029C64_E479:scene,S1_S1A_IW_SLC__1SDV_20180929T165838_20180929T165905_023916_029C64_E479,deduplicated_global_s1,S1A_IW_SLC__1SDV_20180929T165838_20180929T165905_023916_029C64_E479,Global_S1,2018-09-29,2018-09-29T16:58:38Z,s1_catalogue,scene,1,S1A_IW_SLC__1SDV_20180929T165838_20180929T165905_023916_029C64_E479.SAFE,2018-09-29T16:58:38Z,0,1,1,True,S1A_IW_SLC__1SDV_20180929T165838_20180929T165905_023916_029C64_E479,30.0,1
S1_S1A_IW_SLC__1SDV_20181018T181758_20181018T181828_024194_02A587_7BBC:scene,S1_S1A_IW_SLC__1SDV_20181018T181758_20181018T181828_024194_02A587_7BBC,deduplicated_global_s1,S1A_IW_SLC__1SDV_20181018T181758_20181018T181828_024194_02A587_7BBC,Global_S1,2018-10-18,2018-10-18T18:17:58Z,s1_catalogue,scene,1,S1A_IW_SLC__1SDV_20181018T181758_20181018T181828_024194_02A587_7BBC.SAFE,2018-10-18T18:17:58Z,0,1,1,True,S1A_IW_SLC__1SDV_20181018T181758_20181018T181828_024194_02A587_7BBC,30.0,1
S1_S1A_IW_SLC__1SDV_20181019T235759_20181019T235826_024212_02A61B_13F2:scene,S1_S1A_IW_SLC__1SDV_20181019T235759_20181019T235826_024212_02A61B_13F2,deduplicated_global_s1,S1A_IW_SLC__1SDV_20181019T235759_20181019T235826_024212_02A61B_13F2,Global_S1,2018-10-19,2018-10-19T23:57:59Z,s1_catalogue,scene,1,S1A_IW_SLC__1SDV_20181019T235759_20181019T235826_024212_02A61B_13F2.SAFE,2018-10-19T23:57:59Z,0,1,1,True,S1A_IW_SLC__1SDV_20181019T235759_20181019T235826_024212_02A61B_13F2,30.0,1
S1_S1A_IW_SLC__1SDV_20181019T235824_20181019T235851_024212_02A61B_5E38:scene,S1_S1A_IW_SLC__1SDV_20181019T235824_20181019T235851_024212_02A61B_5E38,deduplicated_global_s1,S1A_IW_SLC__1SDV_20181019T235824_20181019T235851_024212_02A61B_5E38,Global_S1,2018-10-19,2018-10-19T23:58:24Z,s1_catalogue,scene,1,S1A_IW_SLC__1SDV_20181019T235824_20181019T235851_024212_02A61B_5E38.SAFE,2018-10-19T23:58:24Z,0,1,1,True,S1A_IW_SLC__1SDV_20181019T235824_20181019T235851_024212_02A61B_5E38,30.0,1
S1_S1A_IW_SLC__1SDV_20181024T113716_20181024T113746_024277_02A836_7D74:scene,S1_S1A_IW_SLC__1SDV_20181024T113716_20181024T113746_024277_02A836_7D74,deduplicated_global_s1,S1A_IW_SLC__1SDV_20181024T113716_20181024T113746_024277_02A836_7D74,Global_S1,2018-10-24,2018-10-24T11:37:16Z,s1_catalogue,scene,1,S1A_IW_SLC__1SDV_20181024T113716_20181024T113746_024277_02A836_7D74.SAFE,2018-10-24T11:37:16Z,0,1,1,True,S1A_IW_SLC__1SDV_20181024T113716_20181024T113746_024277_02A836_7D74,30.0,1
S1_S1A_IW_SLC__1SDV_20181024T113744_20181024T113812_024277_02A836_EC6E:scene,S1_S1A_IW_SLC__1SDV_20181024T113744_20181024T113812_024277_02A836_EC6E,deduplicated_global_s1,S1A_IW_SLC__1SDV_20181024T113744_20181024T113812_024277_02A836_EC6E,Global_S1,2018-10-24,2018-10-24T11:37:44Z,s1_catalogue,scene,1,S1A_IW_SLC__1SDV_20181024T113744_20181024T113812_024277_02A836_EC6E.SAFE,2018-10-24T11:37:44Z,0,1,1,True,S1A_IW_SLC__1SDV_20181024T113744_20181024T113812_024277_02A836_EC6E,30.0,1
S1_S1A_IW_SLC__1SDV_20181025T000626_20181025T000653_024285_02A86D_2AFA:scene,S1_S1A_IW_SLC__1SDV_20181025T000626_20181025T000653_024285_02A86D_2AFA,deduplicated_global_s1,S1A_IW_SLC__1SDV_20181025T000626_20181025T000653_024285_02A86D_2AFA,Global_S1,2018-10-25,2018-10-25T00:06:26Z,s1_catalogue,scene,1,S1A_IW_SLC__1SDV_20181025T000626_20181025T000653_024285_02A86D_2AFA.SAFE,2018-10-25T00:06:26Z,0,1,1,True,S1A_IW_SLC__1SDV_20181025T000626_20181025T000653_024285_02A86D_2AFA,30.0,2
S1_S1A_IW_SLC__1SDV_20181030T181758_20181030T181828_024369_02AB27_32F5:scene,S1_S1A_IW_SLC__1SDV_20181030T181758_20181030T181828_024369_02AB27_32F5,deduplicated_global_s1,S1A_IW_SLC__1SDV_20181030T181758_20181030T181828_024369_02AB27_32F5,Global_S1,2018-10-30,2018-10-30T18:17:58Z,s1_catalogue,scene,1,S1A_IW_SLC__1SDV_20181030T181758_20181030T181828_024369_02AB27_32F5.SAFE,2018-10-30T18:17:58Z,0,1,1,True,S1A_IW_SLC__1SDV_20181030T181758_20181030T181828_024369_02AB27_32F5,30.0,2
S1_S1A_IW_SLC__1SDV_20181031T235759_20181031T235826_024387_02ABCE_2AF4:scene,S1_S1A_IW_SLC__1SDV_20181031T235759_20181031T235826_024387_02ABCE_2AF4,deduplicated_global_s1,S1A_IW_SLC__1SDV_20181031T235759_20181031T235826_024387_02ABCE_2AF4,Global_S1,2018-10-31,2018-10-31T23:57:59Z,s1_catalogue,scene,1,S1A_IW_SLC__1SDV_20181031T235759_20181031T235826_024387_02ABCE_2AF4.SAFE,2018-10-31T23:57:59Z,0,1,1,True,S1A_IW_SLC__1SDV_20181031T235759_20181031T235826_024387_02ABCE_2AF4,30.0,1
S1_S1A_IW_SLC__1SDV_20181031T235824_20181031T235851_024387_02ABCE_8A7F:scene,S1_S1A_IW_SLC__1SDV_20181031T235824_20181031T235851_024387_02ABCE_8A7F,deduplicated_global_s1,S1A_IW_SLC__1SDV_20181031T235824_20181031T235851_024387_02ABCE_8A7F,Global_S1,2018-10-31,2018-10-31T23:58:24Z,s1_catalogue,scene,1,S1A_IW_SLC__1SDV_20181031T235824_20181031T235851_024387_02ABCE_8A7F.SAFE,2018-10-31T23:58:24Z,0,1,1,True,S1A_IW_SLC__1SDV_20181031T235824_20181031T235851_024387_02ABCE_8A7F,30.0,1
S1_S1A_IW_SLC__1SDV_20181102T224536_20181102T224603_024415_02ACCD_518F:scene,S1_S1A_IW_SLC__1SDV_20181102T224536_20181102T224603_024415_02ACCD_518F,deduplicated_global_s1,S1A_IW_SLC__1SDV_20181102T224536_20181102T224603_024415_02ACCD_518F,Global_S1,2018-11-02,2018-11-02T22:45:36Z,s1_catalogue,scene,1,S1A_IW_SLC__1SDV_20181102T224536_20181102T224603_024415_02ACCD_518F.SAFE,2018-11-02T22:45:36Z,0,1,1,True,S1A_IW_SLC__1SDV_20181102T224536_20181102T224603_024415_02ACCD_518F,30.0,1
S1_S1A_IW_SLC__1SDV_20181122T114534_20181122T114601_024700_02B757_C38C:scene,S1_S1A_IW_SLC__1SDV_20181122T114534_20181122T114601_024700_02B757_C38C,deduplicated_global_s1,S1A_IW_SLC__1SDV_20181122T114534_20181122T114601_024700_02B757_C38C,Global_S1,2018-11-22,2018-11-22T11:45:34Z,s1_catalogue,scene,1,S1A_IW_SLC__1SDV_20181122T114534_20181122T114601_024700_02B757_C38C.SAFE,2018-11-22T11:45:34Z,0,1,1,True,S1A_IW_SLC__1SDV_20181122T114534_20181122T114601_024700_02B757_C38C,30.0,4
S1_S1A_IW_SLC__1SDV_20181124T235823_20181124T235850_024737_02B8A0_9853:scene,S1_S1A_IW_SLC__1SDV_20181124T235823_20181124T235850_024737_02B8A0_9853,deduplicated_global_s1,S1A_IW_SLC__1SDV_20181124T235823_20181124T235850_024737_02B8A0_9853,Global_S1,2018-11-24,2018-11-24T23:58:23Z,s1_catalogue,scene,1,S1A_IW_SLC__1SDV_20181124T235823_20181124T235850_024737_02B8A0_9853.SAFE,2018-11-24T23:58:23Z,0,1,1,True,S1A_IW_SLC__1SDV_20181124T235823_20181124T235850_024737_02B8A0_9853,30.0,4
S1_S1A_IW_SLC__1SDV_20181214T034348_20181214T034415_025016_02C244_FD6C:scene,S1_S1A_IW_SLC__1SDV_20181214T034348_20181214T034415_025016_02C244_FD6C,deduplicated_global_s1,S1A_IW_SLC__1SDV_20181214T034348_20181214T034415_025016_02C244_FD6C,Global_S1,2018-12-14,2018-12-14T03:43:48Z,s1_catalogue,scene,1,S1A_IW_SLC__1SDV_20181214T034348_20181214T034415_025016_02C244_FD6C.SAFE,2018-12-14T03:43:48Z,0,1,1,True,S1A_IW_SLC__1SDV_20181214T034348_20181214T034415_025016_02C244_FD6C,30.0,1
S1_S1A_IW_SLC__1SDV_20181216T114533_20181216T114600_025050_02C392_0550:scene,S1_S1A_IW_SLC__1SDV_20181216T114533_20181216T114600_025050_02C392_0550,deduplicated_global_s1,S1A_IW_SLC__1SDV_20181216T114533_20181216T114600_025050_02C392_0550,Global_S1,2018-12-16,2018-12-16T11:45:33Z,s1_catalogue,scene,1,S1A_IW_SLC__1SDV_20181216T114533_20181216T114600_025050_02C392_0550.SAFE,2018-12-16T11:45:33Z,0,1,1,True,S1A_IW_SLC__1SDV_20181216T114533_20181216T114600_025050_02C392_0550,30.0,1
S1_S1A_IW_SLC__1SDV_20181216T114558_20181216T114625_025050_02C392_12CF:scene,S1_S1A_IW_SLC__1SDV_20181216T114558_20181216T114625_025050_02C392_12CF,deduplicated_global_s1,S1A_IW_SLC__1SDV_20181216T114558_20181216T114625_025050_02C392_12CF,Global_S1,2018-12-16,2018-12-16T11:45:58Z,s1_catalogue,scene,1,S1A_IW_SLC__1SDV_20181216T114558_20181216T114625_025050_02C392_12CF.SAFE,2018-12-16T11:45:58Z,0,1,1,True,S1A_IW_SLC__1SDV_20181216T114558_20181216T114625_025050_02C392_12CF,30.0,1
S1_S1A_IW_SLC__1SDV_20181231T180142_20181231T180209_025273_02CB84_4FA7:scene,S1_S1A_IW_SLC__1SDV_20181231T180142_20181231T180209_025273_02CB84_4FA7,deduplicated_global_s1,S1A_IW_SLC__1SDV_20181231T180142_20181231T180209_025273_02CB84_4FA7,Global_S1,2018-12-31,2018-12-31T18:01:42Z,s1_catalogue,scene,1,S1A_IW_SLC__1SDV_20181231T180142_20181231T180209_025273_02CB84_4FA7.SAFE,2018-12-31T18:01:42Z,0,1,1,True,S1A_IW_SLC__1SDV_20181231T180142_20181231T180209_025273_02CB84_4FA7,30.0,1
S1_S1A_IW_SLC__1SDV_20190111T235757_20190111T235824_025437_02D177_7CEB:scene,S1_S1A_IW_SLC__1SDV_20190111T235757_20190111T235824_025437_02D177_7CEB,deduplicated_global_s1,S1A_IW_SLC__1SDV_20190111T235757_20190111T235824_025437_02D177_7CEB,Global_S1,2019-01-11,2019-01-11T23:57:57Z,s1_catalogue,scene,1,S1A_IW_SLC__1SDV_20190111T235757_20190111T235824_025437_02D177_7CEB.SAFE,2019-01-11T23:57:57Z,0,1,1,True,S1A_IW_SLC__1SDV_20190111T235757_20190111T235824_025437_02D177_7CEB,30.0,1
S1_S1A_IW_SLC__1SDV_20190111T235822_20190111T235849_025437_02D177_4D98:scene,S1_S1A_IW_SLC__1SDV_20190111T235822_20190111T235849_025437_02D177_4D98,deduplicated_global_s1,S1A_IW_SLC__1SDV_20190111T235822_20190111T235849_025437_02D177_4D98,Global_S1,2019-01-11,2019-01-11T23:58:22Z,s1_catalogue,scene,1,S1A_IW_SLC__1SDV_20190111T235822_20190111T235849_025437_02D177_4D98.SAFE,2019-01-11T23:58:22Z,0,1,1,True,S1A_IW_SLC__1SDV_20190111T235822_20190111T235849_025437_02D177_4D98,30.0,1
S1_S1A_IW_SLC__1SDV_20190128T113713_20190128T113743_025677_02DA37_E9F7:scene,S1_S1A_IW_SLC__1SDV_20190128T113713_20190128T113743_025677_02DA37_E9F7,deduplicated_global_s1,S1A_IW_SLC__1SDV_20190128T113713_20190128T113743_025677_02DA37_E9F7,Global_S1,2019-01-28,2019-01-28T11:37:13Z,s1_catalogue,scene,1,S1A_IW_SLC__1SDV_20190128T113713_20190128T113743_025677_02DA37_E9F7.SAFE,2019-01-28T11:37:13Z,0,1,1,True,S1A_IW_SLC__1SDV_20190128T113713_20190128T113743_025677_02DA37_E9F7,30.0,1
S1_S1A_IW_SLC__1SDV_20190415T160718_20190415T160745_026803_03031C_CFBC:scene,S1_S1A_IW_SLC__1SDV_20190415T160718_20190415T160745_026803_03031C_CFBC,deduplicated_global_s1,S1A_IW_SLC__1SDV_20190415T160718_20190415T160745_026803_03031C_CFBC,Global_S1,2019-04-15,2019-04-15T16:07:18Z,s1_catalogue,scene,1,S1A_IW_SLC__1SDV_20190415T160718_20190415T160745_026803_03031C_CFBC.SAFE,2019-04-15T16:07:18Z,0,1,1,True,S1A_IW_SLC__1SDV_20190415T160718_20190415T160745_026803_03031C_CFBC,30.0,1
S1_S1A_IW_SLC__1SDV_20190420T161528_20190420T161555_026876_0305AB_1543:scene,S1_S1A_IW_SLC__1SDV_20190420T161528_20190420T161555_026876_0305AB_1543,deduplicated_global_s1,S1A_IW_SLC__1SDV_20190420T161528_20190420T161555_026876_0305AB_1543,Global_S1,2019-04-20,2019-04-20T16:15:28Z,s1_catalogue,scene,1,S1A_IW_SLC__1SDV_20190420T161528_20190420T161555_026876_0305AB_1543.SAFE,2019-04-20T16:15:28Z,0,1,1,True,S1A_IW_SLC__1SDV_20190420T161528_20190420T161555_026876_0305AB_1543,30.0,1
S1_S1A_IW_SLC__1SDV_20190421T163724_20190421T163751_026890_030629_56F9:scene,S1_S1A_IW_SLC__1SDV_20190421T163724_20190421T163751_026890_030629_56F9,deduplicated_global_s1,S1A_IW_SLC__1SDV_20190421T163724_20190421T163751_026890_030629_56F9,Global_S1,2019-04-21,2019-04-21T16:37:24Z,s1_catalogue,scene,1,S1A_IW_SLC__1SDV_20190421T163724_20190421T163751_026890_030629_56F9.SAFE,2019-04-21T16:37:24Z,0,1,1,True,S1A_IW_SLC__1SDV_20190421T163724_20190421T163751_026890_030629_56F9,30.0,1
S1_S1A_IW_SLC__1SDV_20190421T163748_20190421T163815_026890_030629_DE32:scene,S1_S1A_IW_SLC__1SDV_20190421T163748_20190421T163815_026890_030629_DE32,deduplicated_global_s1,S1A_IW_SLC__1SDV_20190421T163748_20190421T163815_026890_030629_DE32,Global_S1,2019-04-21,2019-04-21T16:37:48Z,s1_catalogue,scene,1,S1A_IW_SLC__1SDV_20190421T163748_20190421T163815_026890_030629_DE32.SAFE,2019-04-21T16:37:48Z,0,1,1,True,S1A_IW_SLC__1SDV_20190421T163748_20190421T163815_026890_030629_DE32,30.0,1
S1_S1A_IW_SLC__1SDV_20190426T110621_20190426T110651_026960_0308C0_B39F:scene,S1_S1A_IW_SLC__1SDV_20190426T110621_20190426T110651_026960_0308C0_B39F,deduplicated_global_s1,S1A_IW_SLC__1SDV_20190426T110621_20190426T110651_026960_0308C0_B39F,Global_S1,2019-04-26,2019-04-26T11:06:21Z,s1_catalogue,scene,1,S1A_IW_SLC__1SDV_20190426T110621_20190426T110651_026960_0308C0_B39F.SAFE,2019-04-26T11:06:21Z,0,1,1,True,S1A_IW_SLC__1SDV_20190426T110621_20190426T110651_026960_0308C0_B39F,30.0,1
S1_S1A_IW_SLC__1SDV_20190527T223319_20190527T223347_027419_0317D5_BA50:scene,S1_S1A_IW_SLC__1SDV_20190527T223319_20190527T223347_027419_0317D5_BA50,deduplicated_global_s1,S1A_IW_SLC__1SDV_20190527T223319_20190527T223347_027419_0317D5_BA50,Global_S1,2019-05-27,2019-05-27T22:33:19Z,s1_catalogue,scene,1,S1A_IW_SLC__1SDV_20190527T223319_20190527T223347_027419_0317D5_BA50.SAFE,2019-05-27T22:33:19Z,0,1,1,True,S1A_IW_SLC__1SDV_20190527T223319_20190527T223347_027419_0317D5_BA50,30.0,1
S1_S1A_IW_SLC__1SDV_20190527T223345_20190527T223413_027419_0317D5_8E7E:scene,S1_S1A_IW_SLC__1SDV_20190527T223345_20190527T223413_027419_0317D5_8E7E,deduplicated_global_s1,S1A_IW_SLC__1SDV_20190527T223345_20190527T223413_027419_0317D5_8E7E,Global_S1,2019-05-27,2019-05-27T22:33:45Z,s1_catalogue,scene,1,S1A_IW_SLC__1SDV_20190527T223345_20190527T223413_027419_0317D5_8E7E.SAFE,2019-05-27T22:33:45Z,0,1,1,True,S1A_IW_SLC__1SDV_20190527T223345_20190527T223413_027419_0317D5_8E7E,30.0,1
S1_S1A_IW_SLC__1SDV_20190617T095419_20190617T095447_027718_0320F1_8F93:scene,S1_S1A_IW_SLC__1SDV_20190617T095419_20190617T095447_027718_0320F1_8F93,deduplicated_global_s1,S1A_IW_SLC__1SDV_20190617T095419_20190617T095447_027718_0320F1_8F93,Global_S1,2019-06-17,2019-06-17T09:54:19Z,s1_catalogue,scene,1,S1A_IW_SLC__1SDV_20190617T095419_20190617T095447_027718_0320F1_8F93.SAFE,2019-06-17T09:54:19Z,0,1,1,True,S1A_IW_SLC__1SDV_20190617T095419_20190617T095447_027718_0320F1_8F93,30.0,1
S1_S1A_IW_SLC__1SDV_20190617T095445_20190617T095512_027718_0320F1_ACD6:scene,S1_S1A_IW_SLC__1SDV_20190617T095445_20190617T095512_027718_0320F1_ACD6,deduplicated_global_s1,S1A_IW_SLC__1SDV_20190617T095445_20190617T095512_027718_0320F1_ACD6,Global_S1,2019-06-17,2019-06-17T09:54:45Z,s1_catalogue,scene,1,S1A_IW_SLC__1SDV_20190617T095445_20190617T095512_027718_0320F1_ACD6.SAFE,2019-06-17T09:54:45Z,0,1,1,True,S1A_IW_SLC__1SDV_20190617T095445_20190617T095512_027718_0320F1_ACD6,30.0,1
S1_S1A_IW_SLC__1SDV_20190906T114540_20190906T114606_028900_0346B6_424B:scene,S1_S1A_IW_SLC__1SDV_20190906T114540_20190906T114606_028900_0346B6_424B,deduplicated_global_s1,S1A_IW_SLC__1SDV_20190906T114540_20190906T114606_028900_0346B6_424B,Global_S1,2019-09-06,2019-09-06T11:45:40Z,s1_catalogue,scene,1,S1A_IW_SLC__1SDV_20190906T114540_20190906T114606_028900_0346B6_424B.SAFE,2019-09-06T11:45:40Z,0,1,1,True,S1A_IW_SLC__1SDV_20190906T114540_20190906T114606_028900_0346B6_424B,30.0,1
S1_S1A_IW_SLC__1SDV_20190922T103325_20190922T103355_029133_034EA1_B6F2:scene,S1_S1A_IW_SLC__1SDV_20190922T103325_20190922T103355_029133_034EA1_B6F2,deduplicated_global_s1,S1A_IW_SLC__1SDV_20190922T103325_20190922T103355_029133_034EA1_B6F2,Global_S1,2019-09-22,2019-09-22T10:33:25Z,s1_catalogue,scene,1,S1A_IW_SLC__1SDV_20190922T103325_20190922T103355_029133_034EA1_B6F2.SAFE,2019-09-22T10:33:25Z,0,1,1,True,S1A_IW_SLC__1SDV_20190922T103325_20190922T103355_029133_034EA1_B6F2,30.0,1
S1_S1A_IW_SLC__1SDV_20191124T105634_20191124T105701_030052_036E82_3F33:scene,S1_S1A_IW_SLC__1SDV_20191124T105634_20191124T105701_030052_036E82_3F33,deduplicated_global_s1,S1A_IW_SLC__1SDV_20191124T105634_20191124T105701_030052_036E82_3F33,Global_S1,2019-11-24,2019-11-24T10:56:34Z,s1_catalogue,scene,1,S1A_IW_SLC__1SDV_20191124T105634_20191124T105701_030052_036E82_3F33.SAFE,2019-11-24T10:56:34Z,0,1,1,True,S1A_IW_SLC__1SDV_20191124T105634_20191124T105701_030052_036E82_3F33,30.0,1
S1_S1A_IW_SLC__1SDV_20200305T104657_20200305T104725_031539_03A224_FBCB:scene,S1_S1A_IW_SLC__1SDV_20200305T104657_20200305T104725_031539_03A224_FBCB,deduplicated_global_s1,S1A_IW_SLC__1SDV_20200305T104657_20200305T104725_031539_03A224_FBCB,Global_S1,2020-03-05,2020-03-05T10:46:57Z,s1_catalogue,scene,1,S1A_IW_SLC__1SDV_20200305T104657_20200305T104725_031539_03A224_FBCB.SAFE,2020-03-05T10:46:57Z,0,1,1,True,S1A_IW_SLC__1SDV_20200305T104657_20200305T104725_031539_03A224_FBCB,30.0,1
S1_S1A_IW_SLC__1SDV_20200305T104723_20200305T104749_031539_03A224_F776:scene,S1_S1A_IW_SLC__1SDV_20200305T104723_20200305T104749_031539_03A224_F776,deduplicated_global_s1,S1A_IW_SLC__1SDV_20200305T104723_20200305T104749_031539_03A224_F776,Global_S1,2020-03-05,2020-03-05T10:47:23Z,s1_catalogue,scene,1,S1A_IW_SLC__1SDV_20200305T104723_20200305T104749_031539_03A224_F776.SAFE,2020-03-05T10:47:23Z,0,1,1,True,S1A_IW_SLC__1SDV_20200305T104723_20200305T104749_031539_03A224_F776,30.0,1
S1_S1A_IW_SLC__1SDV_20200307T230120_20200307T230148_031576_03A353_2F7C:scene,S1_S1A_IW_SLC__1SDV_20200307T230120_20200307T230148_031576_03A353_2F7C,deduplicated_global_s1,S1A_IW_SLC__1SDV_20200307T230120_20200307T230148_031576_03A353_2F7C,Global_S1,2020-03-07,2020-03-07T23:01:20Z,s1_catalogue,scene,1,S1A_IW_SLC__1SDV_20200307T230120_20200307T230148_031576_03A353_2F7C.SAFE,2020-03-07T23:01:20Z,0,1,1,True,S1A_IW_SLC__1SDV_20200307T230120_20200307T230148_031576_03A353_2F7C,30.0,1
S1_S1A_IW_SLC__1SDV_20200307T230145_20200307T230212_031576_03A353_A3DE:scene,S1_S1A_IW_SLC__1SDV_20200307T230145_20200307T230212_031576_03A353_A3DE,deduplicated_global_s1,S1A_IW_SLC__1SDV_20200307T230145_20200307T230212_031576_03A353_A3DE,Global_S1,2020-03-07,2020-03-07T23:01:45Z,s1_catalogue,scene,1,S1A_IW_SLC__1SDV_20200307T230145_20200307T230212_031576_03A353_A3DE.SAFE,2020-03-07T23:01:45Z,0,1,1,True,S1A_IW_SLC__1SDV_20200307T230145_20200307T230212_031576_03A353_A3DE,30.0,1
S1_S1A_IW_SLC__1SDV_20200319T230120_20200319T230148_031751_03A974_084C:scene,S1_S1A_IW_SLC__1SDV_20200319T230120_20200319T230148_031751_03A974_084C,deduplicated_global_s1,S1A_IW_SLC__1SDV_20200319T230120_20200319T230148_031751_03A974_084C,Global_S1,2020-03-19,2020-03-19T23:01:20Z,s1_catalogue,scene,1,S1A_IW_SLC__1SDV_20200319T230120_20200319T230148_031751_03A974_084C.SAFE,2020-03-19T23:01:20Z,0,1,1,True,S1A_IW_SLC__1SDV_20200319T230120_20200319T230148_031751_03A974_084C,30.0,1
S1_S1A_IW_SLC__1SDV_20200324T230918_20200324T230945_031824_03AC13_825A:scene,S1_S1A_IW_SLC__1SDV_20200324T230918_20200324T230945_031824_03AC13_825A,deduplicated_global_s1,S1A_IW_SLC__1SDV_20200324T230918_20200324T230945_031824_03AC13_825A,Global_S1,2020-03-24,2020-03-24T23:09:18Z,s1_catalogue,scene,1,S1A_IW_SLC__1SDV_20200324T230918_20200324T230945_031824_03AC13_825A.SAFE,2020-03-24T23:09:18Z,0,1,1,True,S1A_IW_SLC__1SDV_20200324T230918_20200324T230945_031824_03AC13_825A,30.0,1
S1_S1A_IW_SLC__1SDV_20200404T155618_20200404T155645_031980_03B190_71E6:scene,S1_S1A_IW_SLC__1SDV_20200404T155618_20200404T155645_031980_03B190_71E6,deduplicated_global_s1,S1A_IW_SLC__1SDV_20200404T155618_20200404T155645_031980_03B190_71E6,Global_S1,2020-04-04,2020-04-04T15:56:18Z,s1_catalogue,scene,1,S1A_IW_SLC__1SDV_20200404T155618_20200404T155645_031980_03B190_71E6.SAFE,2020-04-04T15:56:18Z,0,1,1,True,S1A_IW_SLC__1SDV_20200404T155618_20200404T155645_031980_03B190_71E6,30.0,1
S1_S1A_IW_SLC__1SDV_20200404T155643_20200404T155710_031980_03B190_20B2:scene,S1_S1A_IW_SLC__1SDV_20200404T155643_20200404T155710_031980_03B190_20B2,deduplicated_global_s1,S1A_IW_SLC__1SDV_20200404T155643_20200404T155710_031980_03B190_20B2,Global_S1,2020-04-04,2020-04-04T15:56:43Z,s1_catalogue,scene,1,S1A_IW_SLC__1SDV_20200404T155643_20200404T155710_031980_03B190_20B2.SAFE,2020-04-04T15:56:43Z,0,1,1,True,S1A_IW_SLC__1SDV_20200404T155643_20200404T155710_031980_03B190_20B2,30.0,1
S1_S1A_IW_SLC__1SDV_20200506T180149_20200506T180216_032448_03C1F5_2D1D:scene,S1_S1A_IW_SLC__1SDV_20200506T180149_20200506T180216_032448_03C1F5_2D1D,deduplicated_global_s1,S1A_IW_SLC__1SDV_20200506T180149_20200506T180216_032448_03C1F5_2D1D,Global_S1,2020-05-06,2020-05-06T18:01:49Z,s1_catalogue,scene,1,S1A_IW_SLC__1SDV_20200506T180149_20200506T180216_032448_03C1F5_2D1D.SAFE,2020-05-06T18:01:49Z,0,1,1,True,S1A_IW_SLC__1SDV_20200506T180149_20200506T180216_032448_03C1F5_2D1D,30.0,1
S1_S1A_IW_SLC__1SDV_20200915T230129_20200915T230157_034376_03FF59_A9F7:scene,S1_S1A_IW_SLC__1SDV_20200915T230129_20200915T230157_034376_03FF59_A9F7,deduplicated_global_s1,S1A_IW_SLC__1SDV_20200915T230129_20200915T230157_034376_03FF59_A9F7,Global_S1,2020-09-15,2020-09-15T23:01:29Z,s1_catalogue,scene,1,S1A_IW_SLC__1SDV_20200915T230129_20200915T230157_034376_03FF59_A9F7.SAFE,2020-09-15T23:01:29Z,0,1,1,True,S1A_IW_SLC__1SDV_20200915T230129_20200915T230157_034376_03FF59_A9F7,30.0,1
S1_S1A_IW_SLC__1SDV_20200924T114547_20200924T114614_034500_0403CA_C05B:scene,S1_S1A_IW_SLC__1SDV_20200924T114547_20200924T114614_034500_0403CA_C05B,deduplicated_global_s1,S1A_IW_SLC__1SDV_20200924T114547_20200924T114614_034500_0403CA_C05B,Global_S1,2020-09-24,2020-09-24T11:45:47Z,s1_catalogue,scene,1,S1A_IW_SLC__1SDV_20200924T114547_20200924T114614_034500_0403CA_C05B.SAFE,2020-09-24T11:45:47Z,0,1,1,True,S1A_IW_SLC__1SDV_20200924T114547_20200924T114614_034500_0403CA_C05B,30.0,1
S1_S1A_IW_SLC__1SDV_20200924T114611_20200924T114638_034500_0403CA_2C6A:scene,S1_S1A_IW_SLC__1SDV_20200924T114611_20200924T114638_034500_0403CA_2C6A,deduplicated_global_s1,S1A_IW_SLC__1SDV_20200924T114611_20200924T114638_034500_0403CA_2C6A,Global_S1,2020-09-24,2020-09-24T11:46:11Z,s1_catalogue,scene,1,S1A_IW_SLC__1SDV_20200924T114611_20200924T114638_034500_0403CA_2C6A.SAFE,2020-09-24T11:46:11Z,0,1,1,True,S1A_IW_SLC__1SDV_20200924T114611_20200924T114638_034500_0403CA_2C6A,30.0,1
S1_S1A_IW_SLC__1SDV_20200926T235812_20200926T235839_034537_04050D_3686:scene,S1_S1A_IW_SLC__1SDV_20200926T235812_20200926T235839_034537_04050D_3686,deduplicated_global_s1,S1A_IW_SLC__1SDV_20200926T235812_20200926T235839_034537_04050D_3686,Global_S1,2020-09-26,2020-09-26T23:58:12Z,s1_catalogue,scene,1,S1A_IW_SLC__1SDV_20200926T235812_20200926T235839_034537_04050D_3686.SAFE,2020-09-26T23:58:12Z,0,1,1,True,S1A_IW_SLC__1SDV_20200926T235812_20200926T235839_034537_04050D_3686,30.0,1
S1_S1A_IW_SLC__1SDV_20200926T235837_20200926T235904_034537_04050D_97F3:scene,S1_S1A_IW_SLC__1SDV_20200926T235837_20200926T235904_034537_04050D_97F3,deduplicated_global_s1,S1A_IW_SLC__1SDV_20200926T235837_20200926T235904_034537_04050D_97F3,Global_S1,2020-09-26,2020-09-26T23:58:37Z,s1_catalogue,scene,1,S1A_IW_SLC__1SDV_20200926T235837_20200926T235904_034537_04050D_97F3.SAFE,2020-09-26T23:58:37Z,0,1,1,True,S1A_IW_SLC__1SDV_20200926T235837_20200926T235904_034537_04050D_97F3,30.0,1
S1_S1A_IW_SLC__1SDV_20201021T230129_20201021T230157_034901_0411BE_0FC7:scene,S1_S1A_IW_SLC__1SDV_20201021T230129_20201021T230157_034901_0411BE_0FC7,deduplicated_global_s1,S1A_IW_SLC__1SDV_20201021T230129_20201021T230157_034901_0411BE_0FC7,Global_S1,2020-10-21,2020-10-21T23:01:29Z,s1_catalogue,scene,1,S1A_IW_SLC__1SDV_20201021T230129_20201021T230157_034901_0411BE_0FC7.SAFE,2020-10-21T23:01:29Z,0,1,1,True,S1A_IW_SLC__1SDV_20201021T230129_20201021T230157_034901_0411BE_0FC7,30.0,1
S1_S1A_IW_SLC__1SDV_20201115T121211_20201115T121239_035259_041E24_CF73:scene,S1_S1A_IW_SLC__1SDV_20201115T121211_20201115T121239_035259_041E24_CF73,deduplicated_global_s1,S1A_IW_SLC__1SDV_20201115T121211_20201115T121239_035259_041E24_CF73,Global_S1,2020-11-15,2020-11-15T12:12:11Z,s1_catalogue,scene,1,S1A_IW_SLC__1SDV_20201115T121211_20201115T121239_035259_041E24_CF73.SAFE,2020-11-15T12:12:11Z,0,1,1,True,S1A_IW_SLC__1SDV_20201115T121211_20201115T121239_035259_041E24_CF73,30.0,1
S1_S1A_IW_SLC__1SDV_20201126T230129_20201126T230157_035426_0423E6_EF0A:scene,S1_S1A_IW_SLC__1SDV_20201126T230129_20201126T230157_035426_0423E6_EF0A,deduplicated_global_s1,S1A_IW_SLC__1SDV_20201126T230129_20201126T230157_035426_0423E6_EF0A,Global_S1,2020-11-26,2020-11-26T23:01:29Z,s1_catalogue,scene,1,S1A_IW_SLC__1SDV_20201126T230129_20201126T230157_035426_0423E6_EF0A.SAFE,2020-11-26T23:01:29Z,0,1,1,True,S1A_IW_SLC__1SDV_20201126T230129_20201126T230157_035426_0423E6_EF0A,30.0,1
S1_S1A_IW_SLC__1SDV_20201213T103905_20201213T103933_035666_042C30_CF3A:scene,S1_S1A_IW_SLC__1SDV_20201213T103905_20201213T103933_035666_042C30_CF3A,deduplicated_global_s1,S1A_IW_SLC__1SDV_20201213T103905_20201213T103933_035666_042C30_CF3A,Global_S1,2020-12-13,2020-12-13T10:39:05Z,s1_catalogue,scene,1,S1A_IW_SLC__1SDV_20201213T103905_20201213T103933_035666_042C30_CF3A.SAFE,2020-12-13T10:39:05Z,0,1,1,True,S1A_IW_SLC__1SDV_20201213T103905_20201213T103933_035666_042C30_CF3A,30.0,1
S1_S1A_IW_SLC__1SDV_20201213T103930_20201213T103957_035666_042C30_A1B7:scene,S1_S1A_IW_SLC__1SDV_20201213T103930_20201213T103957_035666_042C30_A1B7,deduplicated_global_s1,S1A_IW_SLC__1SDV_20201213T103930_20201213T103957_035666_042C30_A1B7,Global_S1,2020-12-13,2020-12-13T10:39:30Z,s1_catalogue,scene,1,S1A_IW_SLC__1SDV_20201213T103930_20201213T103957_035666_042C30_A1B7.SAFE,2020-12-13T10:39:30Z,0,1,1,True,S1A_IW_SLC__1SDV_20201213T103930_20201213T103957_035666_042C30_A1B7,30.0,1
S1_S1A_IW_SLC__1SDV_20201220T230128_20201220T230156_035776_042FF7_E623:scene,S1_S1A_IW_SLC__1SDV_20201220T230128_20201220T230156_035776_042FF7_E623,deduplicated_global_s1,S1A_IW_SLC__1SDV_20201220T230128_20201220T230156_035776_042FF7_E623,Global_S1,2020-12-20,2020-12-20T23:01:28Z,s1_catalogue,scene,1,S1A_IW_SLC__1SDV_20201220T230128_20201220T230156_035776_042FF7_E623.SAFE,2020-12-20T23:01:28Z,0,1,1,True,S1A_IW_SLC__1SDV_20201220T230128_20201220T230156_035776_042FF7_E623,30.0,1
S1_S1A_IW_SLC__1SDV_20210101T230127_20210101T230155_035951_04360B_049E:scene,S1_S1A_IW_SLC__1SDV_20210101T230127_20210101T230155_035951_04360B_049E,deduplicated_global_s1,S1A_IW_SLC__1SDV_20210101T230127_20210101T230155_035951_04360B_049E,Global_S1,2021-01-01,2021-01-01T23:01:27Z,s1_catalogue,scene,1,S1A_IW_SLC__1SDV_20210101T230127_20210101T230155_035951_04360B_049E.SAFE,2021-01-01T23:01:27Z,0,1,1,True,S1A_IW_SLC__1SDV_20210101T230127_20210101T230155_035951_04360B_049E,30.0,1
S1_S1A_IW_SLC__1SDV_20210123T104729_20210123T104755_036264_0440FD_9D34:scene,S1_S1A_IW_SLC__1SDV_20210123T104729_20210123T104755_036264_0440FD_9D34,deduplicated_global_s1,S1A_IW_SLC__1SDV_20210123T104729_20210123T104755_036264_0440FD_9D34,Global_S1,2021-01-23,2021-01-23T10:47:29Z,s1_catalogue,scene,1,S1A_IW_SLC__1SDV_20210123T104729_20210123T104755_036264_0440FD_9D34.SAFE,2021-01-23T10:47:29Z,0,1,1,True,S1A_IW_SLC__1SDV_20210123T104729_20210123T104755_036264_0440FD_9D34,30.0,1
S1_S1A_IW_SLC__1SDV_20210125T230126_20210125T230154_036301_04424B_8308:scene,S1_S1A_IW_SLC__1SDV_20210125T230126_20210125T230154_036301_04424B_8308,deduplicated_global_s1,S1A_IW_SLC__1SDV_20210125T230126_20210125T230154_036301_04424B_8308,Global_S1,2021-01-25,2021-01-25T23:01:26Z,s1_catalogue,scene,1,S1A_IW_SLC__1SDV_20210125T230126_20210125T230154_036301_04424B_8308.SAFE,2021-01-25T23:01:26Z,0,1,1,True,S1A_IW_SLC__1SDV_20210125T230126_20210125T230154_036301_04424B_8308,30.0,1
S1_S1A_IW_SLC__1SDV_20210702T161544_20210702T161611_038601_048E08_CDF5:scene,S1_S1A_IW_SLC__1SDV_20210702T161544_20210702T161611_038601_048E08_CDF5,deduplicated_global_s1,S1A_IW_SLC__1SDV_20210702T161544_20210702T161611_038601_048E08_CDF5,Global_S1,2021-07-02,2021-07-02T16:15:44Z,s1_catalogue,scene,1,S1A_IW_SLC__1SDV_20210702T161544_20210702T161611_038601_048E08_CDF5.SAFE,2021-07-02T16:15:44Z,0,1,1,True,S1A_IW_SLC__1SDV_20210702T161544_20210702T161611_038601_048E08_CDF5,30.0,1
S1_S1A_IW_SLC__1SDV_20240629T041520_20240629T041547_054533_06A303_E4CF:scene,S1_S1A_IW_SLC__1SDV_20240629T041520_20240629T041547_054533_06A303_E4CF,deduplicated_global_s1,S1A_IW_SLC__1SDV_20240629T041520_20240629T041547_054533_06A303_E4CF,Global_S1,2024-06-29,2024-06-29T04:15:20Z,s1_catalogue,scene,1,S1A_IW_SLC__1SDV_20240629T041520_20240629T041547_054533_06A303_E4CF.SAFE,2024-06-29T04:15:20Z,0,1,1,True,S1A_IW_SLC__1SDV_20240629T041520_20240629T041547_054533_06A303_E4CF,30.0,1
S1_S1A_IW_SLC__1SDV_20240705T160746_20240705T160813_054628_06A662_95B9:scene,S1_S1A_IW_SLC__1SDV_20240705T160746_20240705T160813_054628_06A662_95B9,deduplicated_global_s1,S1A_IW_SLC__1SDV_20240705T160746_20240705T160813_054628_06A662_95B9,Global_S1,2024-07-05,2024-07-05T16:07:46Z,s1_catalogue,scene,1,S1A_IW_SLC__1SDV_20240705T160746_20240705T160813_054628_06A662_95B9.SAFE,2024-07-05T16:07:46Z,0,1,1,True,S1A_IW_SLC__1SDV_20240705T160746_20240705T160813_054628_06A662_95B9,30.0,1
S1_S1B_IW_SLC__1SDV_20180128T220352_20180128T220419_009377_010D78_7518:scene,S1_S1B_IW_SLC__1SDV_20180128T220352_20180128T220419_009377_010D78_7518,deduplicated_global_s1,S1B_IW_SLC__1SDV_20180128T220352_20180128T220419_009377_010D78_7518,Global_S1,2018-01-28,2018-01-28T22:03:52Z,s1_catalogue,scene,1,S1B_IW_SLC__1SDV_20180128T220352_20180128T220419_009377_010D78_7518.SAFE,2018-01-28T22:03:52Z,0,1,1,True,S1B_IW_SLC__1SDV_20180128T220352_20180128T220419_009377_010D78_7518,30.0,1
S1_S1B_IW_SLC__1SDV_20180302T215217_20180302T215252_009858_011D4A_B9BD:scene,S1_S1B_IW_SLC__1SDV_20180302T215217_20180302T215252_009858_011D4A_B9BD,deduplicated_global_s1,S1B_IW_SLC__1SDV_20180302T215217_20180302T215252_009858_011D4A_B9BD,Global_S1,2018-03-02,2018-03-02T21:52:17Z,s1_catalogue,scene,1,S1B_IW_SLC__1SDV_20180302T215217_20180302T215252_009858_011D4A_B9BD.SAFE,2018-03-02T21:52:17Z,0,1,1,True,S1B_IW_SLC__1SDV_20180302T215217_20180302T215252_009858_011D4A_B9BD,30.0,1
S1_S1B_IW_SLC__1SDV_20180419T175807_20180419T175834_010556_0133F9_F753:scene,S1_S1B_IW_SLC__1SDV_20180419T175807_20180419T175834_010556_0133F9_F753,deduplicated_global_s1,S1B_IW_SLC__1SDV_20180419T175807_20180419T175834_010556_0133F9_F753,Global_S1,2018-04-19,2018-04-19T17:58:07Z,s1_catalogue,scene,1,S1B_IW_SLC__1SDV_20180419T175807_20180419T175834_010556_0133F9_F753.SAFE,2018-04-19T17:58:07Z,0,1,1,True,S1B_IW_SLC__1SDV_20180419T175807_20180419T175834_010556_0133F9_F753,30.0,1
S1_S1B_IW_SLC__1SDV_20180606T161440_20180606T161507_011255_014A7F_B0DC:scene,S1_S1B_IW_SLC__1SDV_20180606T161440_20180606T161507_011255_014A7F_B0DC,deduplicated_global_s1,S1B_IW_SLC__1SDV_20180606T161440_20180606T161507_011255_014A7F_B0DC,Global_S1,2018-06-06,2018-06-06T16:14:40Z,s1_catalogue,scene,1,S1B_IW_SLC__1SDV_20180606T161440_20180606T161507_011255_014A7F_B0DC.SAFE,2018-06-06T16:14:40Z,0,1,1,True,S1B_IW_SLC__1SDV_20180606T161440_20180606T161507_011255_014A7F_B0DC,30.0,1
S1_S1B_IW_SLC__1SDV_20180613T174848_20180613T174916_011358_014DB0_D584:scene,S1_S1B_IW_SLC__1SDV_20180613T174848_20180613T174916_011358_014DB0_D584,deduplicated_global_s1,S1B_IW_SLC__1SDV_20180613T174848_20180613T174916_011358_014DB0_D584,Global_S1,2018-06-13,2018-06-13T17:48:48Z,s1_catalogue,scene,1,S1B_IW_SLC__1SDV_20180613T174848_20180613T174916_011358_014DB0_D584.SAFE,2018-06-13T17:48:48Z,0,1,1,True,S1B_IW_SLC__1SDV_20180613T174848_20180613T174916_011358_014DB0_D584,30.0,1
S1_S1B_IW_SLC__1SDV_20180716T171912_20180716T171939_011839_015CA0_7ADE:scene,S1_S1B_IW_SLC__1SDV_20180716T171912_20180716T171939_011839_015CA0_7ADE,deduplicated_global_s1,S1B_IW_SLC__1SDV_20180716T171912_20180716T171939_011839_015CA0_7ADE,Global_S1,2018-07-16,2018-07-16T17:19:12Z,s1_catalogue,scene,1,S1B_IW_SLC__1SDV_20180716T171912_20180716T171939_011839_015CA0_7ADE.SAFE,2018-07-16T17:19:12Z,0,1,1,True,S1B_IW_SLC__1SDV_20180716T171912_20180716T171939_011839_015CA0_7ADE,30.0,1
S1_S1B_IW_SLC__1SDV_20180927T051820_20180927T051847_012896_017D0E_5078:scene,S1_S1B_IW_SLC__1SDV_20180927T051820_20180927T051847_012896_017D0E_5078,deduplicated_global_s1,S1B_IW_SLC__1SDV_20180927T051820_20180927T051847_012896_017D0E_5078,Global_S1,2018-09-27,2018-09-27T05:18:20Z,s1_catalogue,scene,1,S1B_IW_SLC__1SDV_20180927T051820_20180927T051847_012896_017D0E_5078.SAFE,2018-09-27T05:18:20Z,0,1,1,True,S1B_IW_SLC__1SDV_20180927T051820_20180927T051847_012896_017D0E_5078,30.0,1
S1_S1B_IW_SLC__1SDV_20181006T212352_20181006T212427_013037_018158_17E9:scene,S1_S1B_IW_SLC__1SDV_20181006T212352_20181006T212427_013037_018158_17E9,deduplicated_global_s1,S1B_IW_SLC__1SDV_20181006T212352_20181006T212427_013037_018158_17E9,Global_S1,2018-10-06,2018-10-06T21:23:52Z,s1_catalogue,scene,1,S1B_IW_SLC__1SDV_20181006T212352_20181006T212427_013037_018158_17E9.SAFE,2018-10-06T21:23:52Z,0,1,1,True,S1B_IW_SLC__1SDV_20181006T212352_20181006T212427_013037_018158_17E9,30.0,1
S1_S1B_IW_SLC__1SDV_20181024T181653_20181024T181720_013298_01895D_122A:scene,S1_S1B_IW_SLC__1SDV_20181024T181653_20181024T181720_013298_01895D_122A,deduplicated_global_s1,S1B_IW_SLC__1SDV_20181024T181653_20181024T181720_013298_01895D_122A,Global_S1,2018-10-24,2018-10-24T18:16:53Z,s1_catalogue,scene,1,S1B_IW_SLC__1SDV_20181024T181653_20181024T181720_013298_01895D_122A.SAFE,2018-10-24T18:16:53Z,0,1,1,True,S1B_IW_SLC__1SDV_20181024T181653_20181024T181720_013298_01895D_122A,30.0,1
S1_S1B_IW_SLC__1SDV_20181024T181717_20181024T181744_013298_01895D_793F:scene,S1_S1B_IW_SLC__1SDV_20181024T181717_20181024T181744_013298_01895D_793F,deduplicated_global_s1,S1B_IW_SLC__1SDV_20181024T181717_20181024T181744_013298_01895D_793F,Global_S1,2018-10-24,2018-10-24T18:17:17Z,s1_catalogue,scene,1,S1B_IW_SLC__1SDV_20181024T181717_20181024T181744_013298_01895D_793F.SAFE,2018-10-24T18:17:17Z,0,1,1,True,S1B_IW_SLC__1SDV_20181024T181717_20181024T181744_013298_01895D_793F,30.0,1
S1_S1B_IW_SLC__1SDV_20190516T100545_20190516T100611_016268_01E9DC_427C:scene,S1_S1B_IW_SLC__1SDV_20190516T100545_20190516T100611_016268_01E9DC_427C,deduplicated_global_s1,S1B_IW_SLC__1SDV_20190516T100545_20190516T100611_016268_01E9DC_427C,Global_S1,2019-05-16,2019-05-16T10:05:45Z,s1_catalogue,scene,1,S1B_IW_SLC__1SDV_20190516T100545_20190516T100611_016268_01E9DC_427C.SAFE,2019-05-16T10:05:45Z,0,1,1,True,S1B_IW_SLC__1SDV_20190516T100545_20190516T100611_016268_01E9DC_427C,30.0,1
S1_S1B_IW_SLC__1SDV_20190516T100609_20190516T100636_016268_01E9DC_EE45:scene,S1_S1B_IW_SLC__1SDV_20190516T100609_20190516T100636_016268_01E9DC_EE45,deduplicated_global_s1,S1B_IW_SLC__1SDV_20190516T100609_20190516T100636_016268_01E9DC_EE45,Global_S1,2019-05-16,2019-05-16T10:06:09Z,s1_catalogue,scene,1,S1B_IW_SLC__1SDV_20190516T100609_20190516T100636_016268_01E9DC_EE45.SAFE,2019-05-16T10:06:09Z,0,1,1,True,S1B_IW_SLC__1SDV_20190516T100609_20190516T100636_016268_01E9DC_EE45,30.0,1
S1_S1B_IW_SLC__1SDV_20210626T161500_20210626T161527_027530_03494A_A037:scene,S1_S1B_IW_SLC__1SDV_20210626T161500_20210626T161527_027530_03494A_A037,deduplicated_global_s1,S1B_IW_SLC__1SDV_20210626T161500_20210626T161527_027530_03494A_A037,Global_S1,2021-06-26,2021-06-26T16:15:00Z,s1_catalogue,scene,1,S1B_IW_SLC__1SDV_20210626T161500_20210626T161527_027530_03494A_A037.SAFE,2021-06-26T16:15:00Z,0,1,1,True,S1B_IW_SLC__1SDV_20210626T161500_20210626T161527_027530_03494A_A037,30.0,1
