target_id,obs_id,source_dataset,source_group_id,area,date,reference_time,timestamp_source,role,selection_rank,granule_name,acquisition_start,delta_h,scene_coverage_ratio,coverage_set_ratio,coverage_complete,download_group_key,aoi_buffer_km
marida_16PCC_2018-06-11:before:01,marida_16PCC_2018-06-11,MARIDA,16PCC/2018-06-11,16PCC,2018-06-11,2018-06-11T16:08:29Z,catalogue,before,1,S1A_IW_SLC__1SDV_20180609T235818_20180609T235845_022287_026979_1906.SAFE,2018-06-09T23:58:18Z,-40.17,0.220662,0.353001,False,S1A_IW_SLC__1SDV_20180609T235818_20180609T235845_022287_026979_1906,30.0
marida_16PCC_2018-06-11:before:02,marida_16PCC_2018-06-11,MARIDA,16PCC/2018-06-11,16PCC,2018-06-11,2018-06-11T16:08:29Z,catalogue,before,2,S1A_IW_SLC__1SDV_20180609T235753_20180609T235820_022287_026979_5471.SAFE,2018-06-09T23:57:53Z,-40.177,0.194842,0.353001,False,S1A_IW_SLC__1SDV_20180609T235753_20180609T235820_022287_026979_5471,30.0
marida_16PCC_2017-01-12:before:01,marida_16PCC_2017-01-12,MARIDA,16PCC/2017-01-12,16PCC,2017-01-12,2017-01-12T16:16:21Z,catalogue,before,1,S1A_IW_SLC__1SDV_20170109T235749_20170109T235816_014762_01808F_7B6A.SAFE,2017-01-09T23:57:49Z,-64.309,0.451237,0.451758,False,S1A_IW_SLC__1SDV_20170109T235749_20170109T235816_014762_01808F_7B6A,30.0
marida_16PCC_2017-01-12:before:02,marida_16PCC_2017-01-12,MARIDA,16PCC/2017-01-12,16PCC,2017-01-12,2017-01-12T16:16:21Z,catalogue,before,2,S1A_IW_SLC__1SDV_20170109T235814_20170109T235841_014762_01808F_7360.SAFE,2017-01-09T23:58:14Z,-64.302,0.016254,0.451758,False,S1A_IW_SLC__1SDV_20170109T235814_20170109T235841_014762_01808F_7360,30.0
marida_16PEC_2017-01-12:before:01,marida_16PEC_2017-01-12,MARIDA,16PEC/2017-01-12,16PEC,2017-01-12,2017-01-12T16:16:21Z,catalogue,before,1,S1A_IW_SLC__1SDV_20170109T235749_20170109T235816_014762_01808F_7B6A.SAFE,2017-01-09T23:57:49Z,-64.309,1.0,1.0,True,S1A_IW_SLC__1SDV_20170109T235749_20170109T235816_014762_01808F_7B6A,30.0
marida_16PEC_2019-01-12:before:01,marida_16PEC_2019-01-12,MARIDA,16PEC/2019-01-12,16PEC,2019-01-12,2019-01-12T16:16:31Z,catalogue,before,1,S1A_IW_SLC__1SDV_20190111T235757_20190111T235824_025437_02D177_7CEB.SAFE,2019-01-11T23:57:57Z,-16.309,0.76047,0.999727,True,S1A_IW_SLC__1SDV_20190111T235757_20190111T235824_025437_02D177_7CEB,30.0
marida_16PEC_2019-01-12:before:02,marida_16PEC_2019-01-12,MARIDA,16PEC/2019-01-12,16PEC,2019-01-12,2019-01-12T16:16:31Z,catalogue,before,2,S1A_IW_SLC__1SDV_20190111T235822_20190111T235849_025437_02D177_4D98.SAFE,2019-01-11T23:58:22Z,-16.302,0.396942,0.999727,True,S1A_IW_SLC__1SDV_20190111T235822_20190111T235849_025437_02D177_4D98,30.0
marida_16PCC_2020-12-12:after:01,marida_16PCC_2020-12-12,MARIDA,16PCC/2020-12-12,16PCC,2020-12-12,2020-12-12T16:16:51Z,catalogue,after,1,S1A_IW_SLC__1SDV_20201213T000637_20201213T000704_035660_042BF6_89BE.SAFE,2020-12-13T00:06:37Z,7.829,0.909075,0.911943,False,S1A_IW_SLC__1SDV_20201213T000637_20201213T000704_035660_042BF6_89BE,30.0
marida_16PCC_2020-12-12:after:02,marida_16PCC_2020-12-12,MARIDA,16PCC/2020-12-12,16PCC,2020-12-12,2020-12-12T16:16:51Z,catalogue,after,2,S1A_IW_SLC__1SDV_20201213T000613_20201213T000639_035660_042BF6_E230.SAFE,2020-12-13T00:06:13Z,7.823,0.105529,0.911943,False,S1A_IW_SLC__1SDV_20201213T000613_20201213T000639_035660_042BF6_E230,30.0
marida_16PCC_2018-12-13:before:01,marida_16PCC_2018-12-13,MARIDA,16PCC/2018-12-13,16PCC,2018-12-13,2018-12-13T16:16:51Z,catalogue,before,1,S1A_IW_SLC__1SDV_20181212T000624_20181212T000651_024985_02C127_51DC.SAFE,2018-12-12T00:06:24Z,-40.174,0.844737,0.849194,False,S1A_IW_SLC__1SDV_20181212T000624_20181212T000651_024985_02C127_51DC,30.0
marida_16PCC_2018-12-13:before:02,marida_16PCC_2018-12-13,MARIDA,16PCC/2018-12-13,16PCC,2018-12-13,2018-12-13T16:16:51Z,catalogue,before,2,S1A_IW_SLC__1SDV_20181212T000600_20181212T000627_024985_02C127_968A.SAFE,2018-12-12T00:06:00Z,-40.181,0.080742,0.849194,False,S1A_IW_SLC__1SDV_20181212T000600_20181212T000627_024985_02C127_968A,30.0
marida_16PCC_2018-12-13:after:01,marida_16PCC_2018-12-13,MARIDA,16PCC/2018-12-13,16PCC,2018-12-13,2018-12-13T16:16:51Z,catalogue,after,1,S1A_IW_SLC__1SDV_20181216T114533_20181216T114600_025050_02C392_0550.SAFE,2018-12-16T11:45:33Z,67.478,0.997101,1.0,True,S1A_IW_SLC__1SDV_20181216T114533_20181216T114600_025050_02C392_0550,30.0
marida_16PCC_2018-12-13:after:02,marida_16PCC_2018-12-13,MARIDA,16PCC/2018-12-13,16PCC,2018-12-13,2018-12-13T16:16:51Z,catalogue,after,2,S1A_IW_SLC__1SDV_20181216T114558_20181216T114625_025050_02C392_12CF.SAFE,2018-12-16T11:45:58Z,67.485,0.090879,1.0,True,S1A_IW_SLC__1SDV_20181216T114558_20181216T114625_025050_02C392_12CF,30.0
marida_18QYF_2020-12-14:before:01,marida_18QYF_2020-12-14,MARIDA,18QYF/2020-12-14,18QYF,2020-12-14,2020-12-14T15:26:41Z,catalogue,before,1,S1A_IW_SLC__1SDV_20201213T103905_20201213T103933_035666_042C30_CF3A.SAFE,2020-12-13T10:39:05Z,-28.793,0.195801,1.0,True,S1A_IW_SLC__1SDV_20201213T103905_20201213T103933_035666_042C30_CF3A,30.0
marida_18QYF_2020-12-14:before:02,marida_18QYF_2020-12-14,MARIDA,18QYF/2020-12-14,18QYF,2020-12-14,2020-12-14T15:26:41Z,catalogue,before,2,S1A_IW_SLC__1SDV_20201213T103930_20201213T103957_035666_042C30_A1B7.SAFE,2020-12-13T10:39:30Z,-28.786,0.992245,1.0,True,S1A_IW_SLC__1SDV_20201213T103930_20201213T103957_035666_042C30_A1B7,30.0
marida_18QYF_2020-12-14:after:01,marida_18QYF_2020-12-14,MARIDA,18QYF/2020-12-14,18QYF,2020-12-14,2020-12-14T15:26:41Z,catalogue,after,1,S1A_IW_SLC__1SDV_20201215T225303_20201215T225333_035703_042D7A_A0C6.SAFE,2020-12-15T22:53:03Z,31.439,0.264951,0.368585,False,S1A_IW_SLC__1SDV_20201215T225303_20201215T225333_035703_042D7A_A0C6,30.0
marida_18QYF_2020-12-14:after:02,marida_18QYF_2020-12-14,MARIDA,18QYF/2020-12-14,18QYF,2020-12-14,2020-12-14T15:26:41Z,catalogue,after,2,S1A_IW_SLC__1SDV_20201215T225331_20201215T225359_035703_042D7A_48AF.SAFE,2020-12-15T22:53:31Z,31.447,0.216344,0.368585,False,S1A_IW_SLC__1SDV_20201215T225331_20201215T225359_035703_042D7A_48AF,30.0
marida_18QYF_2020-03-14:after:01,marida_18QYF_2020-03-14,MARIDA,18QYF/2020-03-14,18QYF,2020-03-14,2020-03-14T15:26:39Z,catalogue,after,1,S1A_IW_SLC__1SDV_20200317T104723_20200317T104749_031714_03A834_028A.SAFE,2020-03-17T10:47:23Z,67.346,0.550657,0.550657,False,S1A_IW_SLC__1SDV_20200317T104723_20200317T104749_031714_03A834_028A,30.0
marida_16PCC_2018-09-14:before:01,marida_16PCC_2018-09-14,MARIDA,16PCC/2018-09-14,16PCC,2018-09-14,2018-09-14T16:09:01Z,catalogue,before,1,S1A_IW_SLC__1SDV_20180913T235823_20180913T235850_023687_0294FD_39CA.SAFE,2018-09-13T23:58:23Z,-16.177,0.402404,0.593051,False,S1A_IW_SLC__1SDV_20180913T235823_20180913T235850_023687_0294FD_39CA,30.0
marida_16PCC_2018-09-14:before:02,marida_16PCC_2018-09-14,MARIDA,16PCC/2018-09-14,16PCC,2018-09-14,2018-09-14T16:09:01Z,catalogue,before,2,S1A_IW_SLC__1SDV_20180913T235759_20180913T235826_023687_0294FD_ACFC.SAFE,2018-09-13T23:57:59Z,-16.184,0.288961,0.593051,False,S1A_IW_SLC__1SDV_20180913T235759_20180913T235826_023687_0294FD_ACFC,30.0
marida_18QYF_2020-10-15:before:01,marida_18QYF_2020-10-15,MARIDA,18QYF/2020-10-15,18QYF,2020-10-15,2020-10-15T15:26:51Z,catalogue,before,1,S1A_IW_SLC__1SDV_20201014T103932_20201014T103958_034791_040DF9_8703.SAFE,2020-10-14T10:39:32Z,-28.789,0.8567,0.959348,False,S1A_IW_SLC__1SDV_20201014T103932_20201014T103958_034791_040DF9_8703,30.0
marida_18QYF_2020-10-15:before:02,marida_18QYF_2020-10-15,MARIDA,18QYF/2020-10-15,18QYF,2020-10-15,2020-10-15T15:26:51Z,catalogue,before,2,S1A_IW_SLC__1SDV_20201014T103906_20201014T103934_034791_040DF9_21CE.SAFE,2020-10-14T10:39:06Z,-28.796,0.231664,0.959348,False,S1A_IW_SLC__1SDV_20201014T103906_20201014T103934_034791_040DF9_21CE,30.0
marida_18QYF_2020-10-15:after:01,marida_18QYF_2020-10-15,MARIDA,18QYF/2020-10-15,18QYF,2020-10-15,2020-10-15T15:26:51Z,catalogue,after,1,S1A_IW_SLC__1SDV_20201016T225305_20201016T225335_034828_040F41_7F35.SAFE,2020-10-16T22:53:05Z,31.437,0.213398,0.299523,False,S1A_IW_SLC__1SDV_20201016T225305_20201016T225335_034828_040F41_7F35,30.0
marida_18QYF_2020-10-15:after:02,marida_18QYF_2020-10-15,MARIDA,18QYF/2020-10-15,18QYF,2020-10-15,2020-10-15T15:26:51Z,catalogue,after,2,S1A_IW_SLC__1SDV_20201016T225332_20201016T225400_034828_040F41_9DC0.SAFE,2020-10-16T22:53:32Z,31.445,0.135817,0.299523,False,S1A_IW_SLC__1SDV_20201016T225332_20201016T225400_034828_040F41_9DC0,30.0
marida_16PCC_2020-11-15:before:01,marida_16PCC_2020-11-15,MARIDA,16PCC/2020-11-15,16PCC,2020-11-15,2020-11-15T16:25:41Z,catalogue,before,1,S1A_IW_SLC__1SDV_20201113T235837_20201113T235904_035237_041D66_087E.SAFE,2020-11-13T23:58:37Z,-40.451,0.00078,0.00078,False,S1A_IW_SLC__1SDV_20201113T235837_20201113T235904_035237_041D66_087E,30.0
marida_18QYF_2020-09-15:before:01,marida_18QYF_2020-09-15,MARIDA,18QYF/2020-09-15,18QYF,2020-09-15,2020-09-15T15:26:41Z,catalogue,before,1,S1A_IW_SLC__1SDV_20200913T104732_20200913T104758_034339_03FE0E_4769.SAFE,2020-09-13T10:47:32Z,-52.653,0.884533,0.884533,False,S1A_IW_SLC__1SDV_20200913T104732_20200913T104758_034339_03FE0E_4769,30.0
marida_18QYF_2020-09-15:after:01,marida_18QYF_2020-09-15,MARIDA,18QYF/2020-09-15,18QYF,2020-09-15,2020-09-15T15:26:41Z,catalogue,after,1,S1A_IW_SLC__1SDV_20200915T230129_20200915T230157_034376_03FF59_A9F7.SAFE,2020-09-15T23:01:29Z,7.58,1.0,1.0,True,S1A_IW_SLC__1SDV_20200915T230129_20200915T230157_034376_03FF59_A9F7,30.0
marida_16PEC_2018-02-16:before:01,marida_16PEC_2018-02-16,MARIDA,16PEC/2018-02-16,16PEC,2018-02-16,2018-02-16T16:13:41Z,catalogue,before,1,S1A_IW_SLC__1SDV_20180214T113706_20180214T113736_020602_02344F_F816.SAFE,2018-02-14T11:37:06Z,-52.61,0.8645,1.0,True,S1A_IW_SLC__1SDV_20180214T113706_20180214T113736_020602_02344F_F816,30.0
marida_16PEC_2018-02-16:before:02,marida_16PEC_2018-02-16,MARIDA,16PEC/2018-02-16,16PEC,2018-02-16,2018-02-16T16:13:41Z,catalogue,before,2,S1A_IW_SLC__1SDV_20180214T113734_20180214T113802_020602_02344F_9E31.SAFE,2018-02-14T11:37:34Z,-52.602,0.326971,1.0,True,S1A_IW_SLC__1SDV_20180214T113734_20180214T113802_020602_02344F_9E31,30.0
marida_16PEC_2018-02-16:after:01,marida_16PEC_2018-02-16,MARIDA,16PEC/2018-02-16,16PEC,2018-02-16,2018-02-16T16:13:41Z,catalogue,after,1,S1A_IW_SLC__1SDV_20180216T234943_20180216T235018_020639_023576_AC20.SAFE,2018-02-16T23:49:43Z,7.601,0.098112,0.098112,False,S1A_IW_SLC__1SDV_20180216T234943_20180216T235018_020639_023576_AC20,30.0
marida_51PTS_2016-07-17:before:01,marida_51PTS_2016-07-17,MARIDA,51PTS/2016-07-17,51PTS,2016-07-17,2016-07-17T02:16:12Z,catalogue,before,1,S1A_IW_SLC__1SDV_20160716T214630_20160716T214657_012179_012E3A_DCAE.SAFE,2016-07-16T21:46:30Z,-4.495,1.0,1.0,True,S1A_IW_SLC__1SDV_20160716T214630_20160716T214657_012179_012E3A_DCAE,30.0
marida_48PZC_2018-01-18:after:01,marida_48PZC_2018-01-18,MARIDA,48PZC/2018-01-18,48PZC,2018-01-18,2018-01-18T03:10:39Z,catalogue,after,1,S1A_IW_SLC__1SDV_20180118T224347_20180118T224415_020215_0227E8_C550.SAFE,2018-01-18T22:43:47Z,19.552,0.021401,0.021401,False,S1A_IW_SLC__1SDV_20180118T224347_20180118T224415_020215_0227E8_C550,30.0
marida_51PTS_2019-05-18:before:01,marida_51PTS_2019-05-18,MARIDA,51PTS/2019-05-18,51PTS,2019-05-18,2019-05-18T02:16:09Z,catalogue,before,1,S1B_IW_SLC__1SDV_20190516T100545_20190516T100611_016268_01E9DC_427C.SAFE,2019-05-16T10:05:45Z,-40.173,0.361493,1.0,True,S1B_IW_SLC__1SDV_20190516T100545_20190516T100611_016268_01E9DC_427C,30.0
marida_51PTS_2019-05-18:before:02,marida_51PTS_2019-05-18,MARIDA,51PTS/2019-05-18,51PTS,2019-05-18,2019-05-18T02:16:09Z,catalogue,before,2,S1B_IW_SLC__1SDV_20190516T100609_20190516T100636_016268_01E9DC_EE45.SAFE,2019-05-16T10:06:09Z,-40.167,0.884777,1.0,True,S1B_IW_SLC__1SDV_20190516T100609_20190516T100636_016268_01E9DC_EE45,30.0
marida_16PCC_2020-09-18:after:01,marida_16PCC_2020-09-18,MARIDA,16PCC/2020-09-18,16PCC,2020-09-18,2020-09-18T16:08:39Z,catalogue,after,1,S1A_IW_SLC__1SDV_20200920T000638_20200920T000705_034435_040179_CC76.SAFE,2020-09-20T00:06:38Z,31.966,0.838984,0.840186,False,S1A_IW_SLC__1SDV_20200920T000638_20200920T000705_034435_040179_CC76,30.0
marida_16PCC_2020-09-18:after:02,marida_16PCC_2020-09-18,MARIDA,16PCC/2020-09-18,16PCC,2020-09-18,2020-09-18T16:08:39Z,catalogue,after,2,S1A_IW_SLC__1SDV_20200920T000613_20200920T000640_034435_040179_A1C9.SAFE,2020-09-20T00:06:13Z,31.959,0.075414,0.840186,False,S1A_IW_SLC__1SDV_20200920T000613_20200920T000640_034435_040179_A1C9,30.0
marida_16PDC_2020-09-18:after:01,marida_16PDC_2020-09-18,MARIDA,16PDC/2020-09-18,16PDC,2020-09-18,2020-09-18T16:08:39Z,catalogue,after,1,S1A_IW_SLC__1SDV_20200919T113728_20200919T113758_034427_040131_30D5.SAFE,2020-09-19T11:37:28Z,19.48,0.30489,0.417091,False,S1A_IW_SLC__1SDV_20200919T113728_20200919T113758_034427_040131_30D5,30.0
marida_16PDC_2020-09-18:after:02,marida_16PDC_2020-09-18,MARIDA,16PDC/2020-09-18,16PDC,2020-09-18,2020-09-18T16:08:39Z,catalogue,after,2,S1A_IW_SLC__1SDV_20200919T113756_20200919T113824_034427_040131_9116.SAFE,2020-09-19T11:37:56Z,19.488,0.189036,0.417091,False,S1A_IW_SLC__1SDV_20200919T113756_20200919T113824_034427_040131_9116,30.0
marida_18QYF_2020-03-19:before:01,marida_18QYF_2020-03-19,MARIDA,18QYF/2020-03-19,18QYF,2020-03-19,2020-03-19T15:26:41Z,catalogue,before,1,S1A_IW_SLC__1SDV_20200317T104723_20200317T104749_031714_03A834_028A.SAFE,2020-03-17T10:47:23Z,-52.655,0.645838,0.645838,False,S1A_IW_SLC__1SDV_20200317T104723_20200317T104749_031714_03A834_028A,30.0
marida_18QYF_2020-03-19:after:01,marida_18QYF_2020-03-19,MARIDA,18QYF/2020-03-19,18QYF,2020-03-19,2020-03-19T15:26:41Z,catalogue,after,1,S1A_IW_SLC__1SDV_20200319T230120_20200319T230148_031751_03A974_084C.SAFE,2020-03-19T23:01:20Z,7.577,1.0,1.0,True,S1A_IW_SLC__1SDV_20200319T230120_20200319T230148_031751_03A974_084C,30.0
marida_16PCC_2018-09-19:before:01,marida_16PCC_2018-09-19,MARIDA,16PCC/2018-09-19,16PCC,2018-09-19,2018-09-19T16:09:29Z,catalogue,before,1,S1A_IW_SLC__1SDV_20180919T000625_20180919T000652_023760_029754_F408.SAFE,2018-09-19T00:06:25Z,-16.051,0.955869,0.966546,False,S1A_IW_SLC__1SDV_20180919T000625_20180919T000652_023760_029754_F408,30.0
marida_16PCC_2018-09-19:before:02,marida_16PCC_2018-09-19,MARIDA,16PCC/2018-09-19,16PCC,2018-09-19,2018-09-19T16:09:29Z,catalogue,before,2,S1A_IW_SLC__1SDV_20180919T000601_20180919T000627_023760_029754_88A3.SAFE,2018-09-19T00:06:01Z,-16.058,0.113468,0.966546,False,S1A_IW_SLC__1SDV_20180919T000601_20180919T000627_023760_029754_88A3,30.0
marida_16PDC_2018-09-19:before:01,marida_16PDC_2018-09-19,MARIDA,16PDC/2018-09-19,16PDC,2018-09-19,2018-09-19T16:09:29Z,catalogue,before,1,S1A_IW_SLC__1SDV_20180918T113716_20180918T113745_023752_02971C_2F2E.SAFE,2018-09-18T11:37:16Z,-28.537,0.41665,0.507364,False,S1A_IW_SLC__1SDV_20180918T113716_20180918T113745_023752_02971C_2F2E,30.0
marida_16PDC_2018-09-19:before:02,marida_16PDC_2018-09-19,MARIDA,16PDC/2018-09-19,16PDC,2018-09-19,2018-09-19T16:09:29Z,catalogue,before,2,S1A_IW_SLC__1SDV_20180918T113743_20180918T113811_023752_02971C_3C25.SAFE,2018-09-18T11:37:43Z,-28.529,0.200464,0.507364,False,S1A_IW_SLC__1SDV_20180918T113743_20180918T113811_023752_02971C_3C25,30.0
marida_18QYF_2020-10-20:before:01,marida_18QYF_2020-10-20,MARIDA,18QYF/2020-10-20,18QYF,2020-10-20,2020-10-20T15:26:39Z,catalogue,before,1,S1A_IW_SLC__1SDV_20201019T104732_20201019T104758_034864_041080_E7EA.SAFE,2020-10-19T10:47:32Z,-28.652,0.90456,0.90456,False,S1A_IW_SLC__1SDV_20201019T104732_20201019T104758_034864_041080_E7EA,30.0
marida_18QYF_2020-10-20:after:01,marida_18QYF_2020-10-20,MARIDA,18QYF/2020-10-20,18QYF,2020-10-20,2020-10-20T15:26:39Z,catalogue,after,1,S1A_IW_SLC__1SDV_20201021T230129_20201021T230157_034901_0411BE_0FC7.SAFE,2020-10-21T23:01:29Z,31.581,1.0,1.0,True,S1A_IW_SLC__1SDV_20201021T230129_20201021T230157_034901_0411BE_0FC7,30.0
marida_30VWH_2018-04-20:before:01,marida_30VWH_2018-04-20,MARIDA,30VWH/2018-04-20,30VWH,2018-04-20,2018-04-20T11:21:21Z,catalogue,before,1,S1B_IW_SLC__1SDV_20180419T175807_20180419T175834_010556_0133F9_F753.SAFE,2018-04-19T17:58:07Z,-17.387,1.0,1.0,True,S1B_IW_SLC__1SDV_20180419T175807_20180419T175834_010556_0133F9_F753,30.0
marida_30VWH_2018-04-20:after:01,marida_30VWH_2018-04-20,MARIDA,30VWH/2018-04-20,30VWH,2018-04-20,2018-04-20T11:21:21Z,catalogue,after,1,S1A_IW_SLC__1SDV_20180420T175048_20180420T175115_021554_02524F_11F3.SAFE,2018-04-20T17:50:48Z,6.491,1.0,1.0,True,S1A_IW_SLC__1SDV_20180420T175048_20180420T175115_021554_02524F_11F3,30.0
marida_16PCC_2017-02-21:before:01,marida_16PCC_2017-02-21,MARIDA,16PCC/2017-02-21,16PCC,2017-02-21,2017-02-21T16:13:41Z,catalogue,before,1,S1A_IW_SLC__1SDV_20170220T000609_20170220T000636_015360_019327_F5A3.SAFE,2017-02-20T00:06:09Z,-40.126,0.883077,0.883172,False,S1A_IW_SLC__1SDV_20170220T000609_20170220T000636_015360_019327_F5A3,30.0
marida_16PCC_2017-02-21:before:02,marida_16PCC_2017-02-21,MARIDA,16PCC/2017-02-21,16PCC,2017-02-21,2017-02-21T16:13:41Z,catalogue,before,2,S1A_IW_SLC__1SDV_20170220T000545_20170220T000612_015360_019327_0561.SAFE,2017-02-20T00:05:45Z,-40.132,0.05839,0.883172,False,S1A_IW_SLC__1SDV_20170220T000545_20170220T000612_015360_019327_0561,30.0
marida_16PCC_2017-02-21:after:01,marida_16PCC_2017-02-21,MARIDA,16PCC/2017-02-21,16PCC,2017-02-21,2017-02-21T16:13:41Z,catalogue,after,1,S1A_IW_SLC__1SDV_20170224T114518_20170224T114545_015425_019521_64D3.SAFE,2017-02-24T11:45:18Z,67.527,0.993101,1.0,True,S1A_IW_SLC__1SDV_20170224T114518_20170224T114545_015425_019521_64D3,30.0
marida_16PCC_2017-02-21:after:02,marida_16PCC_2017-02-21,MARIDA,16PCC/2017-02-21,16PCC,2017-02-21,2017-02-21T16:13:41Z,catalogue,after,2,S1A_IW_SLC__1SDV_20170224T114543_20170224T114610_015425_019521_2ED5.SAFE,2017-02-24T11:45:43Z,67.534,0.132447,1.0,True,S1A_IW_SLC__1SDV_20170224T114543_20170224T114610_015425_019521_2ED5,30.0
marida_16PCC_2018-02-21:before:01,marida_16PCC_2018-02-21,MARIDA,16PCC/2018-02-21,16PCC,2018-02-21,2018-02-21T16:13:39Z,catalogue,before,1,S1A_IW_SLC__1SDV_20180219T114524_20180219T114551_020675_0236A3_8FAB.SAFE,2018-02-19T11:45:24Z,-52.471,0.99581,1.0,True,S1A_IW_SLC__1SDV_20180219T114524_20180219T114551_020675_0236A3_8FAB,30.0
marida_16PCC_2018-02-21:before:02,marida_16PCC_2018-02-21,MARIDA,16PCC/2018-02-21,16PCC,2018-02-21,2018-02-21T16:13:39Z,catalogue,before,2,S1A_IW_SLC__1SDV_20180219T114549_20180219T114616_020675_0236A3_1819.SAFE,2018-02-19T11:45:49Z,-52.464,0.155029,1.0,True,S1A_IW_SLC__1SDV_20180219T114549_20180219T114616_020675_0236A3_1819,30.0
marida_16PCC_2018-02-21:after:01,marida_16PCC_2018-02-21,MARIDA,16PCC/2018-02-21,16PCC,2018-02-21,2018-02-21T16:13:39Z,catalogue,after,1,S1A_IW_SLC__1SDV_20180221T235749_20180221T235816_020712_0237C2_EF82.SAFE,2018-02-21T23:57:49Z,7.736,0.369544,0.500154,False,S1A_IW_SLC__1SDV_20180221T235749_20180221T235816_020712_0237C2_EF82,30.0
marida_16PCC_2018-02-21:after:02,marida_16PCC_2018-02-21,MARIDA,16PCC/2018-02-21,16PCC,2018-02-21,2018-02-21T16:13:39Z,catalogue,after,2,S1A_IW_SLC__1SDV_20180221T235814_20180221T235841_020712_0237C2_DAE6.SAFE,2018-02-21T23:58:14Z,7.743,0.234141,0.500154,False,S1A_IW_SLC__1SDV_20180221T235814_20180221T235841_020712_0237C2_DAE6,30.0
marida_18QYF_2020-12-22:before:01,marida_18QYF_2020-12-22,MARIDA,18QYF/2020-12-22,18QYF,2020-12-22,2020-12-22T15:36:19Z,catalogue,before,1,S1A_IW_SLC__1SDV_20201220T230128_20201220T230156_035776_042FF7_E623.SAFE,2020-12-20T23:01:28Z,-40.581,1.0,1.0,True,S1A_IW_SLC__1SDV_20201220T230128_20201220T230156_035776_042FF7_E623,30.0
marida_18QYF_2020-12-22:after:01,marida_18QYF_2020-12-22,MARIDA,18QYF/2020-12-22,18QYF,2020-12-22,2020-12-22T15:36:19Z,catalogue,after,1,S1A_IW_SLC__1SDV_20201225T103930_20201225T103956_035841_043237_6950.SAFE,2020-12-25T10:39:30Z,67.053,0.223003,0.337247,False,S1A_IW_SLC__1SDV_20201225T103930_20201225T103956_035841_043237_6950,30.0
marida_18QYF_2020-12-22:after:02,marida_18QYF_2020-12-22,MARIDA,18QYF/2020-12-22,18QYF,2020-12-22,2020-12-22T15:36:19Z,catalogue,after,2,S1A_IW_SLC__1SDV_20201225T103904_20201225T103932_035841_043237_4F0C.SAFE,2020-12-25T10:39:04Z,67.046,0.217354,0.337247,False,S1A_IW_SLC__1SDV_20201225T103904_20201225T103932_035841_043237_4F0C,30.0
marida_18QWF_2020-03-22:before:01,marida_18QWF_2020-03-22,MARIDA,18QWF/2020-03-22,18QWF,2020-03-22,2020-03-22T15:36:21Z,catalogue,before,1,S1A_IW_SLC__1SDV_20200319T230120_20200319T230148_031751_03A974_084C.SAFE,2020-03-19T23:01:20Z,-64.584,0.528954,0.528954,False,S1A_IW_SLC__1SDV_20200319T230120_20200319T230148_031751_03A974_084C,30.0
marida_18QWF_2020-03-22:after:01,marida_18QWF_2020-03-22,MARIDA,18QWF/2020-03-22,18QWF,2020-03-22,2020-03-22T15:36:21Z,catalogue,after,1,S1A_IW_SLC__1SDV_20200324T230918_20200324T230945_031824_03AC13_825A.SAFE,2020-03-24T23:09:18Z,55.549,1.0,1.0,True,S1A_IW_SLC__1SDV_20200324T230918_20200324T230945_031824_03AC13_825A,30.0
marida_18QYF_2021-01-23:before:01,marida_18QYF_2021-01-23,MARIDA,18QYF/2021-01-23,18QYF,2021-01-23,2021-01-23T15:26:41Z,catalogue,before,1,S1A_IW_SLC__1SDV_20210123T104729_20210123T104755_036264_0440FD_9D34.SAFE,2021-01-23T10:47:29Z,-4.653,1.0,1.0,True,S1A_IW_SLC__1SDV_20210123T104729_20210123T104755_036264_0440FD_9D34,30.0
marida_18QYF_2021-01-23:after:01,marida_18QYF_2021-01-23,MARIDA,18QYF/2021-01-23,18QYF,2021-01-23,2021-01-23T15:26:41Z,catalogue,after,1,S1A_IW_SLC__1SDV_20210125T230126_20210125T230154_036301_04424B_8308.SAFE,2021-01-25T23:01:26Z,55.579,1.0,1.0,True,S1A_IW_SLC__1SDV_20210125T230126_20210125T230154_036301_04424B_8308,30.0
marida_16PCC_2020-09-23:after:01,marida_16PCC_2020-09-23,MARIDA,16PCC/2020-09-23,16PCC,2020-09-23,2020-09-23T16:10:11Z,catalogue,after,1,S1A_IW_SLC__1SDV_20200924T114547_20200924T114614_034500_0403CA_C05B.SAFE,2020-09-24T11:45:47Z,19.593,0.962114,1.0,True,S1A_IW_SLC__1SDV_20200924T114547_20200924T114614_034500_0403CA_C05B,30.0
marida_16PCC_2020-09-23:after:02,marida_16PCC_2020-09-23,MARIDA,16PCC/2020-09-23,16PCC,2020-09-23,2020-09-23T16:10:11Z,catalogue,after,2,S1A_IW_SLC__1SDV_20200924T114611_20200924T114638_034500_0403CA_2C6A.SAFE,2020-09-24T11:46:11Z,19.6,0.163711,1.0,True,S1A_IW_SLC__1SDV_20200924T114611_20200924T114638_034500_0403CA_2C6A,30.0
marida_16PDC_2018-10-24:before:01,marida_16PDC_2018-10-24,MARIDA,16PDC/2018-10-24,16PDC,2018-10-24,2018-10-24T16:13:31Z,catalogue,before,1,S1A_IW_SLC__1SDV_20181024T113716_20181024T113746_024277_02A836_7D74.SAFE,2018-10-24T11:37:16Z,-4.604,0.718858,1.0,True,S1A_IW_SLC__1SDV_20181024T113716_20181024T113746_024277_02A836_7D74,30.0
marida_16PDC_2018-10-24:before:02,marida_16PDC_2018-10-24,MARIDA,16PDC/2018-10-24,16PDC,2018-10-24,2018-10-24T16:13:31Z,catalogue,before,2,S1A_IW_SLC__1SDV_20181024T113744_20181024T113812_024277_02A836_EC6E.SAFE,2018-10-24T11:37:44Z,-4.596,0.516023,1.0,True,S1A_IW_SLC__1SDV_20181024T113744_20181024T113812_024277_02A836_EC6E,30.0
marida_48PZC_2019-11-24:after:01,marida_48PZC_2019-11-24,MARIDA,48PZC/2019-11-24,48PZC,2019-11-24,2019-11-24T03:10:41Z,catalogue,after,1,S1A_IW_SLC__1SDV_20191124T105634_20191124T105701_030052_036E82_3F33.SAFE,2019-11-24T10:56:34Z,7.765,1.0,1.0,True,S1A_IW_SLC__1SDV_20191124T105634_20191124T105701_030052_036E82_3F33,30.0
marida_36JUN_2019-04-24:before:01,marida_36JUN_2019-04-24,MARIDA,36JUN/2019-04-24,36JUN,2019-04-24,2019-04-24T07:36:19Z,catalogue,before,1,S1A_IW_SLC__1SDV_20190421T163724_20190421T163751_026890_030629_56F9.SAFE,2019-04-21T16:37:24Z,-62.982,0.932761,1.0,True,S1A_IW_SLC__1SDV_20190421T163724_20190421T163751_026890_030629_56F9,30.0
marida_36JUN_2019-04-24:before:02,marida_36JUN_2019-04-24,MARIDA,36JUN/2019-04-24,36JUN,2019-04-24,2019-04-24T07:36:19Z,catalogue,before,2,S1A_IW_SLC__1SDV_20190421T163748_20190421T163815_026890_030629_DE32.SAFE,2019-04-21T16:37:48Z,-62.975,0.234898,1.0,True,S1A_IW_SLC__1SDV_20190421T163748_20190421T163815_026890_030629_DE32,30.0
marida_36JUN_2019-04-24:after:01,marida_36JUN_2019-04-24,MARIDA,36JUN/2019-04-24,36JUN,2019-04-24,2019-04-24T07:36:19Z,catalogue,after,1,S1B_IW_SLC__1SDV_20190425T031055_20190425T031122_015957_01DFC7_4905.SAFE,2019-04-25T03:10:55Z,19.577,0.58371,0.656755,False,S1B_IW_SLC__1SDV_20190425T031055_20190425T031122_015957_01DFC7_4905,30.0
marida_36JUN_2019-04-24:after:02,marida_36JUN_2019-04-24,MARIDA,36JUN/2019-04-24,36JUN,2019-04-24,2019-04-24T07:36:19Z,catalogue,after,2,S1B_IW_SLC__1SDV_20190425T031119_20190425T031140_015957_01DFC7_186C.SAFE,2019-04-25T03:11:19Z,19.583,0.182834,0.656755,False,S1B_IW_SLC__1SDV_20190425T031119_20190425T031140_015957_01DFC7_186C,30.0
marida_16PCC_2020-08-24:before:01,marida_16PCC_2020-08-24,MARIDA,16PCC/2020-08-24,16PCC,2020-08-24,2020-08-24T16:09:11Z,catalogue,before,1,S1A_IW_SLC__1SDV_20200821T235835_20200821T235902_034012_03F293_4E86.SAFE,2020-08-21T23:58:35Z,-64.177,0.413111,0.62202,False,S1A_IW_SLC__1SDV_20200821T235835_20200821T235902_034012_03F293_4E86,30.0
marida_16PCC_2020-08-24:before:02,marida_16PCC_2020-08-24,MARIDA,16PCC/2020-08-24,16PCC,2020-08-24,2020-08-24T16:09:11Z,catalogue,before,2,S1A_IW_SLC__1SDV_20200821T235810_20200821T235837_034012_03F293_3D56.SAFE,2020-08-21T23:58:10Z,-64.184,0.306837,0.62202,False,S1A_IW_SLC__1SDV_20200821T235810_20200821T235837_034012_03F293_3D56,30.0
marida_16PCC_2020-08-24:after:01,marida_16PCC_2020-08-24,MARIDA,16PCC/2020-08-24,16PCC,2020-08-24,2020-08-24T16:09:11Z,catalogue,after,1,S1A_IW_SLC__1SDV_20200827T000637_20200827T000704_034085_03F518_A8FF.SAFE,2020-08-27T00:06:37Z,55.957,0.782475,0.783373,False,S1A_IW_SLC__1SDV_20200827T000637_20200827T000704_034085_03F518_A8FF,30.0
marida_16PCC_2020-08-24:after:02,marida_16PCC_2020-08-24,MARIDA,16PCC/2020-08-24,16PCC,2020-08-24,2020-08-24T16:09:11Z,catalogue,after,2,S1A_IW_SLC__1SDV_20200827T000612_20200827T000639_034085_03F518_9B69.SAFE,2020-08-27T00:06:12Z,55.95,0.082649,0.783373,False,S1A_IW_SLC__1SDV_20200827T000612_20200827T000639_034085_03F518_9B69,30.0
marida_48MXU_2019-05-25:before:01,marida_48MXU_2019-05-25,MARIDA,48MXU/2019-05-25,48MXU,2019-05-25,2019-05-25T02:55:51Z,catalogue,before,1,S1A_IW_SLC__1SDV_20190524T112307_20190524T112337_027368_031646_163A.SAFE,2019-05-24T11:23:07Z,-15.546,0.263453,0.263453,False,S1A_IW_SLC__1SDV_20190524T112307_20190524T112337_027368_031646_163A,30.0
marida_48MXU_2019-05-25:after:01,marida_48MXU_2019-05-25,MARIDA,48MXU/2019-05-25,48MXU,2019-05-25,2019-05-25T02:55:51Z,catalogue,after,1,S1A_IW_SLC__1SDV_20190527T223319_20190527T223347_027419_0317D5_BA50.SAFE,2019-05-27T22:33:19Z,67.624,0.676656,1.0,True,S1A_IW_SLC__1SDV_20190527T223319_20190527T223347_027419_0317D5_BA50,30.0
marida_48MXU_2019-05-25:after:02,marida_48MXU_2019-05-25,MARIDA,48MXU/2019-05-25,48MXU,2019-05-25,2019-05-25T02:55:51Z,catalogue,after,2,S1A_IW_SLC__1SDV_20190527T223345_20190527T223413_027419_0317D5_8E7E.SAFE,2019-05-27T22:33:45Z,67.632,0.586373,1.0,True,S1A_IW_SLC__1SDV_20190527T223345_20190527T223413_027419_0317D5_8E7E,30.0
marida_16PCC_2018-02-26:before:01,marida_16PCC_2018-02-26,MARIDA,16PCC/2018-02-26,16PCC,2018-02-26,2018-02-26T16:13:41Z,catalogue,before,1,S1A_IW_SLC__1SDV_20180226T113734_20180226T113802_020777_0239E5_43A5.SAFE,2018-02-26T11:37:34Z,-4.602,0.011985,0.011985,False,S1A_IW_SLC__1SDV_20180226T113734_20180226T113802_020777_0239E5_43A5,30.0
marida_16PCC_2018-02-26:after:01,marida_16PCC_2018-02-26,MARIDA,16PCC/2018-02-26,16PCC,2018-02-26,2018-02-26T16:13:41Z,catalogue,after,1,S1A_IW_SLC__1SDV_20180227T000616_20180227T000643_020785_023A21_F570.SAFE,2018-02-27T00:06:16Z,7.876,0.926099,0.926561,False,S1A_IW_SLC__1SDV_20180227T000616_20180227T000643_020785_023A21_F570,30.0
marida_16PCC_2018-02-26:after:02,marida_16PCC_2018-02-26,MARIDA,16PCC/2018-02-26,16PCC,2018-02-26,2018-02-26T16:13:41Z,catalogue,after,2,S1A_IW_SLC__1SDV_20180227T000551_20180227T000618_020785_023A21_9ABB.SAFE,2018-02-27T00:05:51Z,7.869,0.059934,0.926561,False,S1A_IW_SLC__1SDV_20180227T000551_20180227T000618_020785_023A21_9ABB,30.0
marida_16PCC_2019-01-27:after:01,marida_16PCC_2019-01-27,MARIDA,16PCC/2019-01-27,16PCC,2019-01-27,2019-01-27T16:15:39Z,catalogue,after,1,S1A_IW_SLC__1SDV_20190129T000623_20190129T000650_025685_02DA7E_8C5C.SAFE,2019-01-29T00:06:23Z,31.846,0.953485,0.961115,False,S1A_IW_SLC__1SDV_20190129T000623_20190129T000650_025685_02DA7E_8C5C,30.0
marida_16PCC_2019-01-27:after:02,marida_16PCC_2019-01-27,MARIDA,16PCC/2019-01-27,16PCC,2019-01-27,2019-01-27T16:15:39Z,catalogue,after,2,S1A_IW_SLC__1SDV_20190129T000558_20190129T000625_025685_02DA7E_69E8.SAFE,2019-01-29T00:05:58Z,31.839,0.110331,0.961115,False,S1A_IW_SLC__1SDV_20190129T000558_20190129T000625_025685_02DA7E_69E8,30.0
marida_16QED_2019-01-27:after:01,marida_16QED_2019-01-27,MARIDA,16QED/2019-01-27,16QED,2019-01-27,2019-01-27T16:15:39Z,catalogue,after,1,S1A_IW_SLC__1SDV_20190128T113713_20190128T113743_025677_02DA37_E9F7.SAFE,2019-01-28T11:37:13Z,19.359,1.0,1.0,True,S1A_IW_SLC__1SDV_20190128T113713_20190128T113743_025677_02DA37_E9F7,30.0
marida_16PDC_2020-09-28:before:01,marida_16PDC_2020-09-28,MARIDA,16PDC/2020-09-28,16PDC,2020-09-28,2020-09-28T16:09:49Z,catalogue,before,1,S1A_IW_SLC__1SDV_20200926T235812_20200926T235839_034537_04050D_3686.SAFE,2020-09-26T23:58:12Z,-40.194,0.493479,1.0,True,S1A_IW_SLC__1SDV_20200926T235812_20200926T235839_034537_04050D_3686,30.0
marida_16PDC_2020-09-28:before:02,marida_16PDC_2020-09-28,MARIDA,16PDC/2020-09-28,16PDC,2020-09-28,2020-09-28T16:09:49Z,catalogue,before,2,S1A_IW_SLC__1SDV_20200926T235837_20200926T235904_034537_04050D_97F3.SAFE,2020-09-26T23:58:37Z,-40.187,0.681715,1.0,True,S1A_IW_SLC__1SDV_20200926T235837_20200926T235904_034537_04050D_97F3,30.0
marida_16PDC_2020-09-28:after:01,marida_16PDC_2020-09-28,MARIDA,16PDC/2020-09-28,16PDC,2020-09-28,2020-09-28T16:09:49Z,catalogue,after,1,S1A_IW_SLC__1SDV_20201001T113729_20201001T113758_034602_040753_5AAA.SAFE,2020-10-01T11:37:29Z,67.461,0.476709,0.57362,False,S1A_IW_SLC__1SDV_20201001T113729_20201001T113758_034602_040753_5AAA,30.0
marida_16PDC_2020-09-28:after:02,marida_16PDC_2020-09-28,MARIDA,16PDC/2020-09-28,16PDC,2020-09-28,2020-09-28T16:09:49Z,catalogue,after,2,S1A_IW_SLC__1SDV_20201001T113756_20201001T113824_034602_040753_0592.SAFE,2020-10-01T11:37:56Z,67.469,0.196304,0.57362,False,S1A_IW_SLC__1SDV_20201001T113756_20201001T113824_034602_040753_0592,30.0
marida_18QYF_2020-11-29:before:01,marida_18QYF_2020-11-29,MARIDA,18QYF/2020-11-29,18QYF,2020-11-29,2020-11-29T15:26:39Z,catalogue,before,1,S1A_IW_SLC__1SDV_20201126T230129_20201126T230157_035426_0423E6_EF0A.SAFE,2020-11-26T23:01:29Z,-64.419,1.0,1.0,True,S1A_IW_SLC__1SDV_20201126T230129_20201126T230157_035426_0423E6_EF0A,30.0
marida_18QYF_2020-11-29:after:01,marida_18QYF_2020-11-29,MARIDA,18QYF/2020-11-29,18QYF,2020-11-29,2020-11-29T15:26:39Z,catalogue,after,1,S1A_IW_SLC__1SDV_20201201T103931_20201201T103957_035491_042635_391D.SAFE,2020-12-01T10:39:31Z,43.214,0.560298,0.668466,False,S1A_IW_SLC__1SDV_20201201T103931_20201201T103957_035491_042635_391D,30.0
marida_18QYF_2020-11-29:after:02,marida_18QYF_2020-11-29,MARIDA,18QYF/2020-11-29,18QYF,2020-11-29,2020-11-29T15:26:39Z,catalogue,after,2,S1A_IW_SLC__1SDV_20201201T103905_20201201T103933_035491_042635_C4E2.SAFE,2020-12-01T10:39:05Z,43.207,0.229196,0.668466,False,S1A_IW_SLC__1SDV_20201201T103905_20201201T103933_035491_042635_C4E2,30.0
marida_18QYF_2020-12-29:before:01,marida_18QYF_2020-12-29,MARIDA,18QYF/2020-12-29,18QYF,2020-12-29,2020-12-29T15:26:39Z,catalogue,before,1,S1A_IW_SLC__1SDV_20201227T225330_20201227T225358_035878_04338E_0C51.SAFE,2020-12-27T22:53:30Z,-40.553,0.147208,0.155681,False,S1A_IW_SLC__1SDV_20201227T225330_20201227T225358_035878_04338E_0C51,30.0
marida_18QYF_2020-12-29:before:02,marida_18QYF_2020-12-29,MARIDA,18QYF/2020-12-29,18QYF,2020-12-29,2020-12-29T15:26:39Z,catalogue,before,2,S1A_IW_SLC__1SDV_20201227T225303_20201227T225333_035878_04338E_0330.SAFE,2020-12-27T22:53:03Z,-40.56,0.053439,0.155681,False,S1A_IW_SLC__1SDV_20201227T225303_20201227T225333_035878_04338E_0330,30.0
marida_18QYF_2020-12-29:after:01,marida_18QYF_2020-12-29,MARIDA,18QYF/2020-12-29,18QYF,2020-12-29,2020-12-29T15:26:39Z,catalogue,after,1,S1A_IW_SLC__1SDV_20201230T104730_20201230T104756_035914_0434CF_C981.SAFE,2020-12-30T10:47:30Z,19.348,0.790382,0.790382,False,S1A_IW_SLC__1SDV_20201230T104730_20201230T104756_035914_0434CF_C981,30.0
marida_51RVQ_2017-08-29:before:01,marida_51RVQ_2017-08-29,MARIDA,51RVQ/2017-08-29,51RVQ,2017-08-29,2017-08-29T02:25:49Z,catalogue,before,1,S1A_IW_SLC__1SDV_20170826T095436_20170826T095503_018093_01E622_7C03.SAFE,2017-08-26T09:54:36Z,-64.52,0.831262,0.831262,False,S1A_IW_SLC__1SDV_20170826T095436_20170826T095503_018093_01E622_7C03,30.0
marida_18QYF_2021-01-03:before:01,marida_18QYF_2021-01-03,MARIDA,18QYF/2021-01-03,18QYF,2021-01-03,2021-01-03T15:26:41Z,catalogue,before,1,S1A_IW_SLC__1SDV_20210101T230127_20210101T230155_035951_04360B_049E.SAFE,2021-01-01T23:01:27Z,-40.421,1.0,1.0,True,S1A_IW_SLC__1SDV_20210101T230127_20210101T230155_035951_04360B_049E,30.0
marida_18QYF_2021-01-03:after:01,marida_18QYF_2021-01-03,MARIDA,18QYF/2021-01-03,18QYF,2021-01-03,2021-01-03T15:26:41Z,catalogue,after,1,S1A_IW_SLC__1SDV_20210106T103929_20210106T103955_036016_043854_AF0A.SAFE,2021-01-06T10:39:29Z,67.213,0.380754,0.58482,False,S1A_IW_SLC__1SDV_20210106T103929_20210106T103955_036016_043854_AF0A,30.0
marida_18QYF_2021-01-03:after:02,marida_18QYF_2021-01-03,MARIDA,18QYF/2021-01-03,18QYF,2021-01-03,2021-01-03T15:26:41Z,catalogue,after,2,S1A_IW_SLC__1SDV_20210106T103903_20210106T103931_036016_043854_7634.SAFE,2021-01-06T10:39:03Z,67.206,0.352319,0.58482,False,S1A_IW_SLC__1SDV_20210106T103903_20210106T103931_036016_043854_7634,30.0
marida_16PDC_2018-11-03:before:01,marida_16PDC_2018-11-03,MARIDA,16PDC/2018-11-03,16PDC,2018-11-03,2018-11-03T16:14:31Z,catalogue,before,1,S1A_IW_SLC__1SDV_20181031T235759_20181031T235826_024387_02ABCE_2AF4.SAFE,2018-10-31T23:57:59Z,-64.276,0.723546,1.0,True,S1A_IW_SLC__1SDV_20181031T235759_20181031T235826_024387_02ABCE_2AF4,30.0
marida_16PDC_2018-11-03:before:02,marida_16PDC_2018-11-03,MARIDA,16PDC/2018-11-03,16PDC,2018-11-03,2018-11-03T16:14:31Z,catalogue,before,2,S1A_IW_SLC__1SDV_20181031T235824_20181031T235851_024387_02ABCE_8A7F.SAFE,2018-10-31T23:58:24Z,-64.269,0.447673,1.0,True,S1A_IW_SLC__1SDV_20181031T235824_20181031T235851_024387_02ABCE_8A7F,30.0
marida_16PDC_2018-11-03:after:01,marida_16PDC_2018-11-03,MARIDA,16PDC/2018-11-03,16PDC,2018-11-03,2018-11-03T16:14:31Z,catalogue,after,1,S1A_IW_SLC__1SDV_20181105T113716_20181105T113746_024452_02AE25_A951.SAFE,2018-11-05T11:37:16Z,43.379,0.637755,0.870281,False,S1A_IW_SLC__1SDV_20181105T113716_20181105T113746_024452_02AE25_A951,30.0
marida_16PDC_2018-11-03:after:02,marida_16PDC_2018-11-03,MARIDA,16PDC/2018-11-03,16PDC,2018-11-03,2018-11-03T16:14:31Z,catalogue,after,2,S1A_IW_SLC__1SDV_20181105T113744_20181105T113812_024452_02AE25_5DEF.SAFE,2018-11-05T11:37:44Z,43.387,0.39128,0.870281,False,S1A_IW_SLC__1SDV_20181105T113744_20181105T113812_024452_02AE25_5DEF,30.0
marida_16PCC_2017-08-30:after:01,marida_16PCC_2017-08-30,MARIDA,16PCC/2017-08-30,16PCC,2017-08-30,2017-08-30T16:09:01Z,catalogue,after,1,S1A_IW_SLC__1SDV_20170831T000618_20170831T000645_018160_01E82D_DFF8.SAFE,2017-08-31T00:06:18Z,7.955,1.0,1.0,True,S1A_IW_SLC__1SDV_20170831T000618_20170831T000645_018160_01E82D_DFF8,30.0
marida_16PCC_2018-08-30:before:01,marida_16PCC_2018-08-30,MARIDA,16PCC/2018-08-30,16PCC,2018-08-30,2018-08-30T16:08:19Z,catalogue,before,1,S1A_IW_SLC__1SDV_20180830T114533_20180830T114600_023475_028E42_1ED7.SAFE,2018-08-30T11:45:33Z,-4.379,0.975825,1.0,True,S1A_IW_SLC__1SDV_20180830T114533_20180830T114600_023475_028E42_1ED7,30.0
marida_16PCC_2018-08-30:before:02,marida_16PCC_2018-08-30,MARIDA,16PCC/2018-08-30,16PCC,2018-08-30,2018-08-30T16:08:19Z,catalogue,before,2,S1A_IW_SLC__1SDV_20180830T114558_20180830T114625_023475_028E42_5A19.SAFE,2018-08-30T11:45:58Z,-4.372,0.151997,1.0,True,S1A_IW_SLC__1SDV_20180830T114558_20180830T114625_023475_028E42_5A19,30.0
marida_16PCC_2018-08-30:after:01,marida_16PCC_2018-08-30,MARIDA,16PCC/2018-08-30,16PCC,2018-08-30,2018-08-30T16:08:19Z,catalogue,after,1,S1A_IW_SLC__1SDV_20180901T235823_20180901T235850_023512_028F62_6434.SAFE,2018-09-01T23:58:23Z,55.834,0.223758,0.342951,False,S1A_IW_SLC__1SDV_20180901T235823_20180901T235850_023512_028F62_6434,30.0
marida_16PCC_2018-08-30:after:02,marida_16PCC_2018-08-30,MARIDA,16PCC/2018-08-30,16PCC,2018-08-30,2018-08-30T16:08:19Z,catalogue,after,2,S1A_IW_SLC__1SDV_20180901T235758_20180901T235825_023512_028F62_2D11.SAFE,2018-09-01T23:57:58Z,55.828,0.178069,0.342951,False,S1A_IW_SLC__1SDV_20180901T235758_20180901T235825_023512_028F62_2D11,30.0
marida_18QYF_2020-12-04:before:01,marida_18QYF_2020-12-04,MARIDA,18QYF/2020-12-04,18QYF,2020-12-04,2020-12-04T15:26:41Z,catalogue,before,1,S1A_IW_SLC__1SDV_20201203T225331_20201203T225359_035528_04276A_C50E.SAFE,2020-12-03T22:53:31Z,-16.553,0.086682,0.087127,False,S1A_IW_SLC__1SDV_20201203T225331_20201203T225359_035528_04276A_C50E,30.0
marida_18QYF_2020-12-04:before:02,marida_18QYF_2020-12-04,MARIDA,18QYF/2020-12-04,18QYF,2020-12-04,2020-12-04T15:26:41Z,catalogue,before,2,S1A_IW_SLC__1SDV_20201203T225304_20201203T225334_035528_04276A_0F9C.SAFE,2020-12-03T22:53:04Z,-16.56,0.010675,0.087127,False,S1A_IW_SLC__1SDV_20201203T225304_20201203T225334_035528_04276A_0F9C,30.0
marida_18QYF_2020-12-04:after:01,marida_18QYF_2020-12-04,MARIDA,18QYF/2020-12-04,18QYF,2020-12-04,2020-12-04T15:26:41Z,catalogue,after,1,S1A_IW_SLC__1SDV_20201206T104731_20201206T104757_035564_0428A3_177B.SAFE,2020-12-06T10:47:31Z,43.347,0.898415,0.898415,False,S1A_IW_SLC__1SDV_20201206T104731_20201206T104757_035564_0428A3_177B,30.0
marida_50LLR_2018-03-04:before:01,marida_50LLR_2018-03-04,MARIDA,50LLR/2018-03-04,50LLR,2018-03-04,2018-03-04T02:15:59Z,catalogue,before,1,S1B_IW_SLC__1SDV_20180302T215217_20180302T215252_009858_011D4A_B9BD.SAFE,2018-03-02T21:52:17Z,-28.395,1.0,1.0,True,S1B_IW_SLC__1SDV_20180302T215217_20180302T215252_009858_011D4A_B9BD,30.0
marida_50LLR_2018-03-04:after:01,marida_50LLR_2018-03-04,MARIDA,50LLR/2018-03-04,50LLR,2018-03-04,2018-03-04T02:15:59Z,catalogue,after,1,S1A_IW_SLC__1SDV_20180305T104110_20180305T104140_020878_023D06_07A9.SAFE,2018-03-05T10:41:10Z,32.42,1.0,1.0,True,S1A_IW_SLC__1SDV_20180305T104110_20180305T104140_020878_023D06_07A9,30.0
marida_16PCC_2019-09-04:before:01,marida_16PCC_2019-09-04,MARIDA,16PCC/2019-09-04,16PCC,2019-09-04,2019-09-04T16:08:29Z,catalogue,before,1,S1A_IW_SLC__1SDV_20190902T000631_20190902T000658_028835_034468_FB31.SAFE,2019-09-02T00:06:31Z,-64.033,0.850607,0.85081,False,S1A_IW_SLC__1SDV_20190902T000631_20190902T000658_028835_034468_FB31,30.0
marida_16PCC_2019-09-04:before:02,marida_16PCC_2019-09-04,MARIDA,16PCC/2019-09-04,16PCC,2019-09-04,2019-09-04T16:08:29Z,catalogue,before,2,S1A_IW_SLC__1SDV_20190902T000606_20190902T000633_028835_034468_DF26.SAFE,2019-09-02T00:06:06Z,-64.04,0.055014,0.85081,False,S1A_IW_SLC__1SDV_20190902T000606_20190902T000633_028835_034468_DF26,30.0
marida_16PCC_2019-09-04:after:01,marida_16PCC_2019-09-04,MARIDA,16PCC/2019-09-04,16PCC,2019-09-04,2019-09-04T16:08:29Z,catalogue,after,1,S1A_IW_SLC__1SDV_20190906T114540_20190906T114606_028900_0346B6_424B.SAFE,2019-09-06T11:45:40Z,43.62,0.999957,0.999957,True,S1A_IW_SLC__1SDV_20190906T114540_20190906T114606_028900_0346B6_424B,30.0
marida_48MYU_2017-12-06:before:01,marida_48MYU_2017-12-06,MARIDA,48MYU/2017-12-06,48MYU,2017-12-06,2017-12-06T03:00:59Z,catalogue,before,1,S1A_IW_SLC__1SDV_20171203T223313_20171203T223341_019544_0212E6_4612.SAFE,2017-12-03T22:33:13Z,-52.463,0.795917,1.0,True,S1A_IW_SLC__1SDV_20171203T223313_20171203T223341_019544_0212E6_4612,30.0
marida_48MYU_2017-12-06:before:02,marida_48MYU_2017-12-06,MARIDA,48MYU/2017-12-06,48MYU,2017-12-06,2017-12-06T03:00:59Z,catalogue,before,2,S1A_IW_SLC__1SDV_20171203T223338_20171203T223406_019544_0212E6_3713.SAFE,2017-12-03T22:33:38Z,-52.456,0.48166,1.0,True,S1A_IW_SLC__1SDV_20171203T223338_20171203T223406_019544_0212E6_3713,30.0
marida_48MYU_2017-12-06:after:01,marida_48MYU_2017-12-06,MARIDA,48MYU/2017-12-06,48MYU,2017-12-06,2017-12-06T03:00:59Z,catalogue,after,1,S1A_IW_SLC__1SDV_20171207T111502_20171207T111530_019595_021487_BBD3.SAFE,2017-12-07T11:15:02Z,32.234,1.0,1.0,True,S1A_IW_SLC__1SDV_20171207T111502_20171207T111530_019595_021487_BBD3,30.0
marida_48MXU_2018-12-06:after:01,marida_48MXU_2018-12-06,MARIDA,48MXU/2018-12-06,48MXU,2018-12-06,2018-12-06T03:01:01Z,catalogue,after,1,S1A_IW_SLC__1SDV_20181207T112307_20181207T112337_024918_02BEB6_B27C.SAFE,2018-12-07T11:23:07Z,32.368,0.135325,0.135325,False,S1A_IW_SLC__1SDV_20181207T112307_20181207T112337_024918_02BEB6_B27C,30.0
marida_52SDD_2018-10-07:before:01,marida_52SDD_2018-10-07,MARIDA,52SDD/2018-10-07,52SDD,2018-10-07,2018-10-07T12:00:00Z,nominal_date_noon,before,1,S1B_IW_SLC__1SDV_20181006T212352_20181006T212427_013037_018158_17E9.SAFE,2018-10-06T21:23:52Z,-14.602,1.0,1.0,True,S1B_IW_SLC__1SDV_20181006T212352_20181006T212427_013037_018158_17E9,30.0
marida_18QYG_2020-03-07:before:01,marida_18QYG_2020-03-07,MARIDA,18QYG/2020-03-07,18QYG,2020-03-07,2020-03-07T12:00:00Z,nominal_date_noon,before,1,S1A_IW_SLC__1SDV_20200305T104657_20200305T104725_031539_03A224_FBCB.SAFE,2020-03-05T10:46:57Z,-49.218,0.490848,1.0,True,S1A_IW_SLC__1SDV_20200305T104657_20200305T104725_031539_03A224_FBCB,30.0
marida_18QYG_2020-03-07:before:02,marida_18QYG_2020-03-07,MARIDA,18QYG/2020-03-07,18QYG,2020-03-07,2020-03-07T12:00:00Z,nominal_date_noon,before,2,S1A_IW_SLC__1SDV_20200305T104723_20200305T104749_031539_03A224_F776.SAFE,2020-03-05T10:47:23Z,-49.21,0.726197,1.0,True,S1A_IW_SLC__1SDV_20200305T104723_20200305T104749_031539_03A224_F776,30.0
marida_18QYG_2020-03-07:after:01,marida_18QYG_2020-03-07,MARIDA,18QYG/2020-03-07,18QYG,2020-03-07,2020-03-07T12:00:00Z,nominal_date_noon,after,1,S1A_IW_SLC__1SDV_20200307T230120_20200307T230148_031576_03A353_2F7C.SAFE,2020-03-07T23:01:20Z,11.022,0.929899,1.0,True,S1A_IW_SLC__1SDV_20200307T230120_20200307T230148_031576_03A353_2F7C,30.0
marida_18QYG_2020-03-07:after:02,marida_18QYG_2020-03-07,MARIDA,18QYG/2020-03-07,18QYG,2020-03-07,2020-03-07T12:00:00Z,nominal_date_noon,after,2,S1A_IW_SLC__1SDV_20200307T230145_20200307T230212_031576_03A353_A3DE.SAFE,2020-03-07T23:01:45Z,11.029,0.249661,1.0,True,S1A_IW_SLC__1SDV_20200307T230145_20200307T230212_031576_03A353_A3DE,30.0
marida_16PEC_2018-03-08:before:01,marida_16PEC_2018-03-08,MARIDA,16PEC/2018-03-08,16PEC,2018-03-08,2018-03-08T12:00:00Z,nominal_date_noon,before,1,S1A_IW_SLC__1SDV_20180305T235749_20180305T235816_020887_023D47_BD35.SAFE,2018-03-05T23:57:49Z,-60.036,0.567735,1.0,True,S1A_IW_SLC__1SDV_20180305T235749_20180305T235816_020887_023D47_BD35,30.0
marida_16PEC_2018-03-08:before:02,marida_16PEC_2018-03-08,MARIDA,16PEC/2018-03-08,16PEC,2018-03-08,2018-03-08T12:00:00Z,nominal_date_noon,before,2,S1A_IW_SLC__1SDV_20180305T235814_20180305T235841_020887_023D47_F0AD.SAFE,2018-03-05T23:58:14Z,-60.029,0.670056,1.0,True,S1A_IW_SLC__1SDV_20180305T235814_20180305T235841_020887_023D47_F0AD,30.0
marida_16PEC_2018-03-08:after:01,marida_16PEC_2018-03-08,MARIDA,16PEC/2018-03-08,16PEC,2018-03-08,2018-03-08T12:00:00Z,nominal_date_noon,after,1,S1A_IW_SLC__1SDV_20180310T113706_20180310T113736_020952_023F65_5F7F.SAFE,2018-03-10T11:37:06Z,47.618,1.0,1.0,True,S1A_IW_SLC__1SDV_20180310T113706_20180310T113736_020952_023F65_5F7F,30.0
marida_16QED_2018-03-08:before:01,marida_16QED_2018-03-08,MARIDA,16QED/2018-03-08,16QED,2018-03-08,2018-03-08T12:00:00Z,nominal_date_noon,before,1,S1A_IW_SLC__1SDV_20180305T235814_20180305T235841_020887_023D47_F0AD.SAFE,2018-03-05T23:58:14Z,-60.029,0.799464,0.995934,False,S1A_IW_SLC__1SDV_20180305T235814_20180305T235841_020887_023D47_F0AD,30.0
marida_16QED_2018-03-08:before:02,marida_16QED_2018-03-08,MARIDA,16QED/2018-03-08,16QED,2018-03-08,2018-03-08T12:00:00Z,nominal_date_noon,before,2,S1A_IW_SLC__1SDV_20180305T235749_20180305T235816_020887_023D47_BD35.SAFE,2018-03-05T23:57:49Z,-60.036,0.377287,0.995934,False,S1A_IW_SLC__1SDV_20180305T235749_20180305T235816_020887_023D47_BD35,30.0
marida_16QED_2018-03-08:after:01,marida_16QED_2018-03-08,MARIDA,16QED/2018-03-08,16QED,2018-03-08,2018-03-08T12:00:00Z,nominal_date_noon,after,1,S1A_IW_SLC__1SDV_20180310T113706_20180310T113736_020952_023F65_5F7F.SAFE,2018-03-10T11:37:06Z,47.618,1.0,1.0,True,S1A_IW_SLC__1SDV_20180310T113706_20180310T113736_020952_023F65_5F7F,30.0
marida_16PEC_2017-10-09:before:01,marida_16PEC_2017-10-09,MARIDA,16PEC/2017-10-09,16PEC,2017-10-09,2017-10-09T12:00:00Z,nominal_date_noon,before,1,S1A_IW_SLC__1SDV_20171007T234946_20171007T235021_018714_01F936_A210.SAFE,2017-10-07T23:49:46Z,-36.171,0.199548,0.199548,False,S1A_IW_SLC__1SDV_20171007T234946_20171007T235021_018714_01F936_A210,30.0
nasa_planetscope_20160928_153233_0e16:after:01,nasa_planetscope_20160928_153233_0e16,NASA_PlanetScope,20160928_153233_0e16,NASA Marine Debris,2016-09-28,2016-09-28T15:32:33Z,filename_exact,after,1,S1A_IW_SLC__1SDV_20160929T000616_20160929T000643_013260_0151DE_00AE.SAFE,2016-09-29T00:06:16Z,8.562,0.020851,0.022074,False,S1A_IW_SLC__1SDV_20160929T000616_20160929T000643_013260_0151DE_00AE,30.0
nasa_planetscope_20160928_153233_0e16:after:02,nasa_planetscope_20160928_153233_0e16,NASA_PlanetScope,20160928_153233_0e16,NASA Marine Debris,2016-09-28,2016-09-28T15:32:33Z,filename_exact,after,2,S1A_IW_SLC__1SDV_20160929T000550_20160929T000618_013260_0151DE_0D5E.SAFE,2016-09-29T00:05:50Z,8.555,0.003738,0.022074,False,S1A_IW_SLC__1SDV_20160929T000550_20160929T000618_013260_0151DE_0D5E,30.0
nasa_planetscope_20161008_153104_0e3a:before:01,nasa_planetscope_20161008_153104_0e3a,NASA_PlanetScope,20161008_153104_0e3a,NASA Marine Debris,2016-10-08,2016-10-08T15:31:04Z,filename_exact,before,1,S1A_IW_SLC__1SDV_20161005T235752_20161005T235819_013362_015506_6040.SAFE,2016-10-05T23:57:52Z,-63.553,1.0,1.0,True,S1A_IW_SLC__1SDV_20161005T235752_20161005T235819_013362_015506_6040,30.0
nasa_planetscope_20161008_153105_0e3a:before:01,nasa_planetscope_20161008_153105_0e3a,NASA_PlanetScope,20161008_153105_0e3a,NASA Marine Debris,2016-10-08,2016-10-08T15:31:05Z,filename_exact,before,1,S1A_IW_SLC__1SDV_20161005T235752_20161005T235819_013362_015506_6040.SAFE,2016-10-05T23:57:52Z,-63.554,1.0,1.0,True,S1A_IW_SLC__1SDV_20161005T235752_20161005T235819_013362_015506_6040,30.0
nasa_planetscope_20170227_203307_0c37:before:01,nasa_planetscope_20170227_203307_0c37,NASA_PlanetScope,20170227_203307_0c37,NASA Marine Debris,2017-02-27,2017-02-27T20:33:07Z,filename_exact,before,1,S1A_IW_SLC__1SDV_20170226T235808_20170226T235835_015462_019635_27A8.SAFE,2017-02-26T23:58:08Z,-20.583,1.0,1.0,True,S1A_IW_SLC__1SDV_20170226T235808_20170226T235835_015462_019635_27A8,30.0
nasa_planetscope_20170227_203600_1:before:01,nasa_planetscope_20170227_203600_1,NASA_PlanetScope,20170227_203600_1,NASA Marine Debris,2017-02-27,2017-02-27T20:36:00Z,filename_exact,before,1,S1A_IW_SLC__1SDV_20170226T235743_20170226T235810_015462_019635_9564.SAFE,2017-02-26T23:57:43Z,-20.638,0.954353,1.0,True,S1A_IW_SLC__1SDV_20170226T235743_20170226T235810_015462_019635_9564,30.0
nasa_planetscope_20170227_203600_1:before:02,nasa_planetscope_20170227_203600_1,NASA_PlanetScope,20170227_203600_1,NASA Marine Debris,2017-02-27,2017-02-27T20:36:00Z,filename_exact,before,2,S1A_IW_SLC__1SDV_20170226T235808_20170226T235835_015462_019635_27A8.SAFE,2017-02-26T23:58:08Z,-20.631,0.280188,1.0,True,S1A_IW_SLC__1SDV_20170226T235808_20170226T235835_015462_019635_27A8,30.0
nasa_planetscope_20170227_203601_0c46:before:01,nasa_planetscope_20170227_203601_0c46,NASA_PlanetScope,20170227_203601_0c46,NASA Marine Debris,2017-02-27,2017-02-27T20:36:01Z,filename_exact,before,1,S1A_IW_SLC__1SDV_20170226T235743_20170226T235810_015462_019635_9564.SAFE,2017-02-26T23:57:43Z,-20.638,0.966811,1.0,True,S1A_IW_SLC__1SDV_20170226T235743_20170226T235810_015462_019635_9564,30.0
nasa_planetscope_20170227_203601_0c46:before:02,nasa_planetscope_20170227_203601_0c46,NASA_PlanetScope,20170227_203601_0c46,NASA Marine Debris,2017-02-27,2017-02-27T20:36:01Z,filename_exact,before,2,S1A_IW_SLC__1SDV_20170226T235808_20170226T235835_015462_019635_27A8.SAFE,2017-02-26T23:58:08Z,-20.631,0.260997,1.0,True,S1A_IW_SLC__1SDV_20170226T235808_20170226T235835_015462_019635_27A8,30.0
nasa_planetscope_20170322_153132_0e0f:before:01,nasa_planetscope_20170322_153132_0e0f,NASA_PlanetScope,20170322_153132_0e0f,NASA Marine Debris,2017-03-22,2017-03-22T15:31:32Z,filename_exact,before,1,S1A_IW_SLC__1SDV_20170322T112901_20170322T112931_015804_01A07E_E746.SAFE,2017-03-22T11:29:01Z,-4.042,0.037271,0.037271,False,S1A_IW_SLC__1SDV_20170322T112901_20170322T112931_015804_01A07E_E746,30.0
nasa_planetscope_20170322_153132_0e0f:after:01,nasa_planetscope_20170322_153132_0e0f,NASA_PlanetScope,20170322_153132_0e0f,NASA Marine Debris,2017-03-22,2017-03-22T15:31:32Z,filename_exact,after,1,S1A_IW_SLC__1SDV_20170322T235743_20170322T235810_015812_01A0B5_A3A0.SAFE,2017-03-22T23:57:43Z,8.436,0.61381,0.642684,False,S1A_IW_SLC__1SDV_20170322T235743_20170322T235810_015812_01A0B5_A3A0,30.0
nasa_planetscope_20170322_153132_0e0f:after:02,nasa_planetscope_20170322_153132_0e0f,NASA_PlanetScope,20170322_153132_0e0f,NASA Marine Debris,2017-03-22,2017-03-22T15:31:32Z,filename_exact,after,2,S1A_IW_SLC__1SDV_20170322T235808_20170322T235835_015812_01A0B5_AFA5.SAFE,2017-03-22T23:58:08Z,8.443,0.158383,0.642684,False,S1A_IW_SLC__1SDV_20170322T235808_20170322T235835_015812_01A0B5_AFA5,30.0
nasa_planetscope_20170323_152750_0e20:before:01,nasa_planetscope_20170323_152750_0e20,NASA_PlanetScope,20170323_152750_0e20,NASA Marine Debris,2017-03-23,2017-03-23T15:27:50Z,filename_exact,before,1,S1A_IW_SLC__1SDV_20170322T112901_20170322T112931_015804_01A07E_E746.SAFE,2017-03-22T11:29:01Z,-27.98,1.0,1.0,True,S1A_IW_SLC__1SDV_20170322T112901_20170322T112931_015804_01A07E_E746,30.0
nasa_planetscope_20170326_153233_0e26:after:01,nasa_planetscope_20170326_153233_0e26,NASA_PlanetScope,20170326_153233_0e26,NASA Marine Debris,2017-03-26,2017-03-26T15:32:33Z,filename_exact,after,1,S1A_IW_SLC__1SDV_20170327T113700_20170327T113730_015877_01A2B2_6471.SAFE,2017-03-27T11:37:00Z,20.074,1.0,1.0,True,S1A_IW_SLC__1SDV_20170327T113700_20170327T113730_015877_01A2B2_6471,30.0
nasa_planetscope_20170326_153234_0e26:after:01,nasa_planetscope_20170326_153234_0e26,NASA_PlanetScope,20170326_153234_0e26,NASA Marine Debris,2017-03-26,2017-03-26T15:32:34Z,filename_exact,after,1,S1A_IW_SLC__1SDV_20170327T113700_20170327T113730_015877_01A2B2_6471.SAFE,2017-03-27T11:37:00Z,20.074,1.0,1.0,True,S1A_IW_SLC__1SDV_20170327T113700_20170327T113730_015877_01A2B2_6471,30.0
nasa_planetscope_20170326_153239_0e26:after:01,nasa_planetscope_20170326_153239_0e26,NASA_PlanetScope,20170326_153239_0e26,NASA Marine Debris,2017-03-26,2017-03-26T15:32:39Z,filename_exact,after,1,S1A_IW_SLC__1SDV_20170327T113700_20170327T113730_015877_01A2B2_6471.SAFE,2017-03-27T11:37:00Z,20.073,1.0,1.0,True,S1A_IW_SLC__1SDV_20170327T113700_20170327T113730_015877_01A2B2_6471,30.0
nasa_planetscope_20170326_154021_0e2f:after:01,nasa_planetscope_20170326_154021_0e2f,NASA_PlanetScope,20170326_154021_0e2f,NASA Marine Debris,2017-03-26,2017-03-26T15:40:21Z,filename_exact,after,1,S1A_IW_SLC__1SDV_20170328T000610_20170328T000637_015885_01A2ED_8A98.SAFE,2017-03-28T00:06:10Z,32.43,0.437707,0.437707,False,S1A_IW_SLC__1SDV_20170328T000610_20170328T000637_015885_01A2ED_8A98,30.0
nasa_planetscope_20170826_154046_100c:before:01,nasa_planetscope_20170826_154046_100c,NASA_PlanetScope,20170826_154046_100c,NASA Marine Debris,2017-08-26,2017-08-26T15:40:46Z,filename_exact,before,1,S1A_IW_SLC__1SDV_20170825T235751_20170825T235818_018087_01E5F9_D3CA.SAFE,2017-08-25T23:57:51Z,-15.715,0.22789,1.0,True,S1A_IW_SLC__1SDV_20170825T235751_20170825T235818_018087_01E5F9_D3CA,30.0
nasa_planetscope_20170826_154046_100c:before:02,nasa_planetscope_20170826_154046_100c,NASA_PlanetScope,20170826_154046_100c,NASA Marine Debris,2017-08-26,2017-08-26T15:40:46Z,filename_exact,before,2,S1A_IW_SLC__1SDV_20170825T235816_20170825T235843_018087_01E5F9_252D.SAFE,2017-08-25T23:58:16Z,-15.708,0.98067,1.0,True,S1A_IW_SLC__1SDV_20170825T235816_20170825T235843_018087_01E5F9_252D,30.0
nasa_planetscope_20170826_154047_100c:before:01,nasa_planetscope_20170826_154047_100c,NASA_PlanetScope,20170826_154047_100c,NASA Marine Debris,2017-08-26,2017-08-26T15:40:47Z,filename_exact,before,1,S1A_IW_SLC__1SDV_20170825T235751_20170825T235818_018087_01E5F9_D3CA.SAFE,2017-08-25T23:57:51Z,-15.716,0.255078,1.0,True,S1A_IW_SLC__1SDV_20170825T235751_20170825T235818_018087_01E5F9_D3CA,30.0
nasa_planetscope_20170826_154047_100c:before:02,nasa_planetscope_20170826_154047_100c,NASA_PlanetScope,20170826_154047_100c,NASA Marine Debris,2017-08-26,2017-08-26T15:40:47Z,filename_exact,before,2,S1A_IW_SLC__1SDV_20170825T235816_20170825T235843_018087_01E5F9_252D.SAFE,2017-08-25T23:58:16Z,-15.709,0.969178,1.0,True,S1A_IW_SLC__1SDV_20170825T235816_20170825T235843_018087_01E5F9_252D,30.0
nasa_planetscope_20170927_154610_0e14:after:01,nasa_planetscope_20170927_154610_0e14,NASA_PlanetScope,20170927_154610_0e14,NASA Marine Debris,2017-09-27,2017-09-27T15:46:10Z,filename_exact,after,1,S1A_IW_SLC__1SDV_20170928T114527_20170928T114554_018575_01F501_6D3A.SAFE,2017-09-28T11:45:27Z,19.988,1.0,1.0,True,S1A_IW_SLC__1SDV_20170928T114527_20170928T114554_018575_01F501_6D3A,30.0
nasa_planetscope_20170927_154611_0e14:after:01,nasa_planetscope_20170927_154611_0e14,NASA_PlanetScope,20170927_154611_0e14,NASA Marine Debris,2017-09-27,2017-09-27T15:46:11Z,filename_exact,after,1,S1A_IW_SLC__1SDV_20170928T114527_20170928T114554_018575_01F501_6D3A.SAFE,2017-09-28T11:45:27Z,19.988,1.0,1.0,True,S1A_IW_SLC__1SDV_20170928T114527_20170928T114554_018575_01F501_6D3A,30.0
nasa_planetscope_20171007_161314_1:before:01,nasa_planetscope_20171007_161314_1,NASA_PlanetScope,20171007_161314_1,NASA Marine Debris,2017-10-07,2017-10-07T16:13:14Z,filename_exact,before,1,S1A_IW_SLC__1SDV_20171006T000619_20171006T000646_018685_01F859_198B.SAFE,2017-10-06T00:06:19Z,-40.115,0.456913,0.456913,False,S1A_IW_SLC__1SDV_20171006T000619_20171006T000646_018685_01F859_198B,30.0
nasa_planetscope_20171007_161314_1:after:01,nasa_planetscope_20171007_161314_1,NASA_PlanetScope,20171007_161314_1,NASA Marine Debris,2017-10-07,2017-10-07T16:13:14Z,filename_exact,after,1,S1A_IW_SLC__1SDV_20171010T114528_20171010T114555_018750_01FA56_DC8A.SAFE,2017-10-10T11:45:28Z,67.537,1.0,1.0,True,S1A_IW_SLC__1SDV_20171010T114528_20171010T114555_018750_01FA56_DC8A,30.0
nasa_planetscope_20171007_161315_0c65:before:01,nasa_planetscope_20171007_161315_0c65,NASA_PlanetScope,20171007_161315_0c65,NASA Marine Debris,2017-10-07,2017-10-07T16:13:15Z,filename_exact,before,1,S1A_IW_SLC__1SDV_20171006T000619_20171006T000646_018685_01F859_198B.SAFE,2017-10-06T00:06:19Z,-40.116,0.388247,0.388247,False,S1A_IW_SLC__1SDV_20171006T000619_20171006T000646_018685_01F859_198B,30.0
nasa_planetscope_20171007_161315_0c65:after:01,nasa_planetscope_20171007_161315_0c65,NASA_PlanetScope,20171007_161315_0c65,NASA Marine Debris,2017-10-07,2017-10-07T16:13:15Z,filename_exact,after,1,S1A_IW_SLC__1SDV_20171010T114528_20171010T114555_018750_01FA56_DC8A.SAFE,2017-10-10T11:45:28Z,67.537,1.0,1.0,True,S1A_IW_SLC__1SDV_20171010T114528_20171010T114555_018750_01FA56_DC8A,30.0
nasa_planetscope_20171015_153720_100c:before:01,nasa_planetscope_20171015_153720_100c,NASA_PlanetScope,20171015_153720_100c,NASA Marine Debris,2017-10-15,2017-10-15T15:37:20Z,filename_exact,before,1,S1A_IW_SLC__1SDV_20171012T235753_20171012T235820_018787_01FB66_F901.SAFE,2017-10-12T23:57:53Z,-63.657,0.897979,1.0,True,S1A_IW_SLC__1SDV_20171012T235753_20171012T235820_018787_01FB66_F901,30.0
nasa_planetscope_20171015_153720_100c:before:02,nasa_planetscope_20171015_153720_100c,NASA_PlanetScope,20171015_153720_100c,NASA Marine Debris,2017-10-15,2017-10-15T15:37:20Z,filename_exact,before,2,S1A_IW_SLC__1SDV_20171012T235817_20171012T235844_018787_01FB66_2AB4.SAFE,2017-10-12T23:58:17Z,-63.651,0.352192,1.0,True,S1A_IW_SLC__1SDV_20171012T235817_20171012T235844_018787_01FB66_2AB4,30.0
nasa_planetscope_20171015_153720_100c:after:01,nasa_planetscope_20171015_153720_100c,NASA_PlanetScope,20171015_153720_100c,NASA Marine Debris,2017-10-15,2017-10-15T15:37:20Z,filename_exact,after,1,S1A_IW_SLC__1SDV_20171017T113709_20171017T113739_018852_01FD74_F01C.SAFE,2017-10-17T11:37:09Z,43.997,1.0,1.0,True,S1A_IW_SLC__1SDV_20171017T113709_20171017T113739_018852_01FD74_F01C,30.0
nasa_planetscope_20180107_153415_1032:after:01,nasa_planetscope_20180107_153415_1032,NASA_PlanetScope,20180107_153415_1032,NASA Marine Debris,2018-01-07,2018-01-07T15:34:15Z,filename_exact,after,1,S1A_IW_SLC__1SDV_20180109T113707_20180109T113737_020077_022393_21E9.SAFE,2018-01-09T11:37:07Z,44.048,0.526551,0.526551,False,S1A_IW_SLC__1SDV_20180109T113707_20180109T113737_020077_022393_21E9,30.0
nasa_planetscope_20180224_153958_0f1b:before:01,nasa_planetscope_20180224_153958_0f1b,NASA_PlanetScope,20180224_153958_0f1b,NASA Marine Debris,2018-02-24,2018-02-24T15:39:58Z,filename_exact,before,1,S1A_IW_SLC__1SDV_20180221T235814_20180221T235841_020712_0237C2_DAE6.SAFE,2018-02-21T23:58:14Z,-63.696,0.789617,0.791065,False,S1A_IW_SLC__1SDV_20180221T235814_20180221T235841_020712_0237C2_DAE6,30.0
nasa_planetscope_20180224_153958_0f1b:before:02,nasa_planetscope_20180224_153958_0f1b,NASA_PlanetScope,20180224_153958_0f1b,NASA Marine Debris,2018-02-24,2018-02-24T15:39:58Z,filename_exact,before,2,S1A_IW_SLC__1SDV_20180221T235749_20180221T235816_020712_0237C2_EF82.SAFE,2018-02-21T23:57:49Z,-63.703,0.097999,0.791065,False,S1A_IW_SLC__1SDV_20180221T235749_20180221T235816_020712_0237C2_EF82,30.0
nasa_planetscope_20180224_153958_0f1b:after:01,nasa_planetscope_20180224_153958_0f1b,NASA_PlanetScope,20180224_153958_0f1b,NASA Marine Debris,2018-02-24,2018-02-24T15:39:58Z,filename_exact,after,1,S1A_IW_SLC__1SDV_20180226T113706_20180226T113736_020777_0239E5_1314.SAFE,2018-02-26T11:37:06Z,43.952,1.0,1.0,True,S1A_IW_SLC__1SDV_20180226T113706_20180226T113736_020777_0239E5_1314,30.0
nasa_planetscope_20180224_153959_0f1b:before:01,nasa_planetscope_20180224_153959_0f1b,NASA_PlanetScope,20180224_153959_0f1b,NASA Marine Debris,2018-02-24,2018-02-24T15:39:59Z,filename_exact,before,1,S1A_IW_SLC__1SDV_20180221T235814_20180221T235841_020712_0237C2_DAE6.SAFE,2018-02-21T23:58:14Z,-63.696,0.844302,0.845925,False,S1A_IW_SLC__1SDV_20180221T235814_20180221T235841_020712_0237C2_DAE6,30.0
nasa_planetscope_20180224_153959_0f1b:before:02,nasa_planetscope_20180224_153959_0f1b,NASA_PlanetScope,20180224_153959_0f1b,NASA Marine Debris,2018-02-24,2018-02-24T15:39:59Z,filename_exact,before,2,S1A_IW_SLC__1SDV_20180221T235749_20180221T235816_020712_0237C2_EF82.SAFE,2018-02-21T23:57:49Z,-63.703,0.138514,0.845925,False,S1A_IW_SLC__1SDV_20180221T235749_20180221T235816_020712_0237C2_EF82,30.0
nasa_planetscope_20180224_153959_0f1b:after:01,nasa_planetscope_20180224_153959_0f1b,NASA_PlanetScope,20180224_153959_0f1b,NASA Marine Debris,2018-02-24,2018-02-24T15:39:59Z,filename_exact,after,1,S1A_IW_SLC__1SDV_20180226T113706_20180226T113736_020777_0239E5_1314.SAFE,2018-02-26T11:37:06Z,43.952,1.0,1.0,True,S1A_IW_SLC__1SDV_20180226T113706_20180226T113736_020777_0239E5_1314,30.0
nasa_planetscope_20180224_162902_0f2b:before:01,nasa_planetscope_20180224_162902_0f2b,NASA_PlanetScope,20180224_162902_0f2b,NASA Marine Debris,2018-02-24,2018-02-24T16:29:02Z,filename_exact,before,1,S1A_IW_SLC__1SDV_20180221T235814_20180221T235841_020712_0237C2_DAE6.SAFE,2018-02-21T23:58:14Z,-64.513,0.300926,0.321023,False,S1A_IW_SLC__1SDV_20180221T235814_20180221T235841_020712_0237C2_DAE6,30.0
nasa_planetscope_20180224_162902_0f2b:before:02,nasa_planetscope_20180224_162902_0f2b,NASA_PlanetScope,20180224_162902_0f2b,NASA Marine Debris,2018-02-24,2018-02-24T16:29:02Z,filename_exact,before,2,S1A_IW_SLC__1SDV_20180221T235749_20180221T235816_020712_0237C2_EF82.SAFE,2018-02-21T23:57:49Z,-64.52,0.099024,0.321023,False,S1A_IW_SLC__1SDV_20180221T235749_20180221T235816_020712_0237C2_EF82,30.0
nasa_planetscope_20180224_162902_0f2b:after:01,nasa_planetscope_20180224_162902_0f2b,NASA_PlanetScope,20180224_162902_0f2b,NASA Marine Debris,2018-02-24,2018-02-24T16:29:02Z,filename_exact,after,1,S1A_IW_SLC__1SDV_20180226T113706_20180226T113736_020777_0239E5_1314.SAFE,2018-02-26T11:37:06Z,43.134,1.0,1.0,True,S1A_IW_SLC__1SDV_20180226T113706_20180226T113736_020777_0239E5_1314,30.0
nasa_planetscope_20180313_154258_1008:before:01,nasa_planetscope_20180313_154258_1008,NASA_PlanetScope,20180313_154258_1008,NASA Marine Debris,2018-03-13,2018-03-13T15:42:58Z,filename_exact,before,1,S1A_IW_SLC__1SDV_20180312T234943_20180312T235018_020989_02408E_55BA.SAFE,2018-03-12T23:49:43Z,-15.887,0.119582,0.119582,False,S1A_IW_SLC__1SDV_20180312T234943_20180312T235018_020989_02408E_55BA,30.0
nasa_planetscope_20180313_154259_1008:before:01,nasa_planetscope_20180313_154259_1008,NASA_PlanetScope,20180313_154259_1008,NASA Marine Debris,2018-03-13,2018-03-13T15:42:59Z,filename_exact,before,1,S1A_IW_SLC__1SDV_20180312T234943_20180312T235018_020989_02408E_55BA.SAFE,2018-03-12T23:49:43Z,-15.888,0.102069,0.102069,False,S1A_IW_SLC__1SDV_20180312T234943_20180312T235018_020989_02408E_55BA,30.0
nasa_planetscope_20180313_154300_1008:before:01,nasa_planetscope_20180313_154300_1008,NASA_PlanetScope,20180313_154300_1008,NASA Marine Debris,2018-03-13,2018-03-13T15:43:00Z,filename_exact,before,1,S1A_IW_SLC__1SDV_20180312T234943_20180312T235018_020989_02408E_55BA.SAFE,2018-03-12T23:49:43Z,-15.888,0.040221,0.040221,False,S1A_IW_SLC__1SDV_20180312T234943_20180312T235018_020989_02408E_55BA,30.0
nasa_planetscope_20180607_082852_1012:before:01,nasa_planetscope_20180607_082852_1012,NASA_PlanetScope,20180607_082852_1012,NASA Marine Debris,2018-06-07,2018-06-07T08:28:52Z,filename_exact,before,1,S1B_IW_SLC__1SDV_20180606T161440_20180606T161507_011255_014A7F_B0DC.SAFE,2018-06-06T16:14:40Z,-16.237,1.0,1.0,True,S1B_IW_SLC__1SDV_20180606T161440_20180606T161507_011255_014A7F_B0DC,30.0
nasa_planetscope_20180607_082852_1012:after:01,nasa_planetscope_20180607_082852_1012,NASA_PlanetScope,20180607_082852_1012,NASA Marine Debris,2018-06-07,2018-06-07T08:28:52Z,filename_exact,after,1,S1A_IW_SLC__1SDV_20180607T160715_20180607T160742_022253_02686F_1B45.SAFE,2018-06-07T16:07:15Z,7.64,1.0,1.0,True,S1A_IW_SLC__1SDV_20180607T160715_20180607T160742_022253_02686F_1B45,30.0
nasa_planetscope_20180919_155029_1044:before:01,nasa_planetscope_20180919_155029_1044,NASA_PlanetScope,20180919_155029_1044,NASA Marine Debris,2018-09-19,2018-09-19T15:50:29Z,filename_exact,before,1,S1A_IW_SLC__1SDV_20180918T113716_20180918T113745_023752_02971C_2F2E.SAFE,2018-09-18T11:37:16Z,-28.22,1.0,1.0,True,S1A_IW_SLC__1SDV_20180918T113716_20180918T113745_023752_02971C_2F2E,30.0
nasa_planetscope_20180919_160750_1020:before:01,nasa_planetscope_20180919_160750_1020,NASA_PlanetScope,20180919_160750_1020,NASA Marine Debris,2018-09-19,2018-09-19T16:07:50Z,filename_exact,before,1,S1A_IW_SLC__1SDV_20180919T000625_20180919T000652_023760_029754_F408.SAFE,2018-09-19T00:06:25Z,-16.024,0.878793,0.878793,False,S1A_IW_SLC__1SDV_20180919T000625_20180919T000652_023760_029754_F408,30.0
nasa_planetscope_20181022_155353_100a:before:01,nasa_planetscope_20181022_155353_100a,NASA_PlanetScope,20181022_155353_100a,NASA Marine Debris,2018-10-22,2018-10-22T15:53:53Z,filename_exact,before,1,S1A_IW_SLC__1SDV_20181019T235759_20181019T235826_024212_02A61B_13F2.SAFE,2018-10-19T23:57:59Z,-63.932,0.655766,1.0,True,S1A_IW_SLC__1SDV_20181019T235759_20181019T235826_024212_02A61B_13F2,30.0
nasa_planetscope_20181022_155353_100a:before:02,nasa_planetscope_20181022_155353_100a,NASA_PlanetScope,20181022_155353_100a,NASA Marine Debris,2018-10-22,2018-10-22T15:53:53Z,filename_exact,before,2,S1A_IW_SLC__1SDV_20181019T235824_20181019T235851_024212_02A61B_5E38.SAFE,2018-10-19T23:58:24Z,-63.925,0.605765,1.0,True,S1A_IW_SLC__1SDV_20181019T235824_20181019T235851_024212_02A61B_5E38,30.0
nasa_planetscope_20181022_155353_100a:after:01,nasa_planetscope_20181022_155353_100a,NASA_PlanetScope,20181022_155353_100a,NASA Marine Debris,2018-10-22,2018-10-22T15:53:53Z,filename_exact,after,1,S1A_IW_SLC__1SDV_20181024T113716_20181024T113746_024277_02A836_7D74.SAFE,2018-10-24T11:37:16Z,43.723,0.438518,0.597313,False,S1A_IW_SLC__1SDV_20181024T113716_20181024T113746_024277_02A836_7D74,30.0
nasa_planetscope_20181022_155353_100a:after:02,nasa_planetscope_20181022_155353_100a,NASA_PlanetScope,20181022_155353_100a,NASA Marine Debris,2018-10-22,2018-10-22T15:53:53Z,filename_exact,after,2,S1A_IW_SLC__1SDV_20181024T113744_20181024T113812_024277_02A836_EC6E.SAFE,2018-10-24T11:37:44Z,43.731,0.326129,0.597313,False,S1A_IW_SLC__1SDV_20181024T113744_20181024T113812_024277_02A836_EC6E,30.0
nasa_planetscope_20181022_155659_101e:before:01,nasa_planetscope_20181022_155659_101e,NASA_PlanetScope,20181022_155659_101e,NASA Marine Debris,2018-10-22,2018-10-22T15:56:59Z,filename_exact,before,1,S1A_IW_SLC__1SDV_20181019T235759_20181019T235826_024212_02A61B_13F2.SAFE,2018-10-19T23:57:59Z,-63.983,0.262679,0.387946,False,S1A_IW_SLC__1SDV_20181019T235759_20181019T235826_024212_02A61B_13F2,30.0
nasa_planetscope_20181022_155659_101e:before:02,nasa_planetscope_20181022_155659_101e,NASA_PlanetScope,20181022_155659_101e,NASA Marine Debris,2018-10-22,2018-10-22T15:56:59Z,filename_exact,before,2,S1A_IW_SLC__1SDV_20181019T235824_20181019T235851_024212_02A61B_5E38.SAFE,2018-10-19T23:58:24Z,-63.976,0.242173,0.387946,False,S1A_IW_SLC__1SDV_20181019T235824_20181019T235851_024212_02A61B_5E38,30.0
nasa_planetscope_20181022_155659_101e:after:01,nasa_planetscope_20181022_155659_101e,NASA_PlanetScope,20181022_155659_101e,NASA Marine Debris,2018-10-22,2018-10-22T15:56:59Z,filename_exact,after,1,S1A_IW_SLC__1SDV_20181025T000626_20181025T000653_024285_02A86D_2AFA.SAFE,2018-10-25T00:06:26Z,56.157,1.0,1.0,True,S1A_IW_SLC__1SDV_20181025T000626_20181025T000653_024285_02A86D_2AFA,30.0
nasa_planetscope_20181023_155746_0f34:after:01,nasa_planetscope_20181023_155746_0f34,NASA_PlanetScope,20181023_155746_0f34,NASA Marine Debris,2018-10-23,2018-10-23T15:57:46Z,filename_exact,after,1,S1A_IW_SLC__1SDV_20181025T000626_20181025T000653_024285_02A86D_2AFA.SAFE,2018-10-25T00:06:26Z,32.144,0.981881,0.981881,False,S1A_IW_SLC__1SDV_20181025T000626_20181025T000653_024285_02A86D_2AFA,30.0
nasa_planetscope_20181023_155747_0f34:after:01,nasa_planetscope_20181023_155747_0f34,NASA_PlanetScope,20181023_155747_0f34,NASA Marine Debris,2018-10-23,2018-10-23T15:57:47Z,filename_exact,after,1,S1A_IW_SLC__1SDV_20181025T000626_20181025T000653_024285_02A86D_2AFA.SAFE,2018-10-25T00:06:26Z,32.144,1.0,1.0,True,S1A_IW_SLC__1SDV_20181025T000626_20181025T000653_024285_02A86D_2AFA,30.0
nasa_planetscope_20181024_160201_0f3b:before:01,nasa_planetscope_20181024_160201_0f3b,NASA_PlanetScope,20181024_160201_0f3b,NASA Marine Debris,2018-10-24,2018-10-24T16:02:01Z,filename_exact,before,1,S1A_IW_SLC__1SDV_20181024T113716_20181024T113746_024277_02A836_7D74.SAFE,2018-10-24T11:37:16Z,-4.412,0.375136,0.49165,False,S1A_IW_SLC__1SDV_20181024T113716_20181024T113746_024277_02A836_7D74,30.0
nasa_planetscope_20181024_160201_0f3b:before:02,nasa_planetscope_20181024_160201_0f3b,NASA_PlanetScope,20181024_160201_0f3b,NASA Marine Debris,2018-10-24,2018-10-24T16:02:01Z,filename_exact,before,2,S1A_IW_SLC__1SDV_20181024T113744_20181024T113812_024277_02A836_EC6E.SAFE,2018-10-24T11:37:44Z,-4.405,0.266288,0.49165,False,S1A_IW_SLC__1SDV_20181024T113744_20181024T113812_024277_02A836_EC6E,30.0
nasa_planetscope_20181024_160201_0f3b:after:01,nasa_planetscope_20181024_160201_0f3b,NASA_PlanetScope,20181024_160201_0f3b,NASA Marine Debris,2018-10-24,2018-10-24T16:02:01Z,filename_exact,after,1,S1A_IW_SLC__1SDV_20181025T000626_20181025T000653_024285_02A86D_2AFA.SAFE,2018-10-25T00:06:26Z,8.074,0.15991,0.15991,False,S1A_IW_SLC__1SDV_20181025T000626_20181025T000653_024285_02A86D_2AFA,30.0
nasa_planetscope_20181024_160202_0f3b:before:01,nasa_planetscope_20181024_160202_0f3b,NASA_PlanetScope,20181024_160202_0f3b,NASA Marine Debris,2018-10-24,2018-10-24T16:02:02Z,filename_exact,before,1,S1A_IW_SLC__1SDV_20181024T113716_20181024T113746_024277_02A836_7D74.SAFE,2018-10-24T11:37:16Z,-4.413,0.231123,0.283428,False,S1A_IW_SLC__1SDV_20181024T113716_20181024T113746_024277_02A836_7D74,30.0
nasa_planetscope_20181024_160202_0f3b:before:02,nasa_planetscope_20181024_160202_0f3b,NASA_PlanetScope,20181024_160202_0f3b,NASA Marine Debris,2018-10-24,2018-10-24T16:02:02Z,filename_exact,before,2,S1A_IW_SLC__1SDV_20181024T113744_20181024T113812_024277_02A836_EC6E.SAFE,2018-10-24T11:37:44Z,-4.405,0.142056,0.283428,False,S1A_IW_SLC__1SDV_20181024T113744_20181024T113812_024277_02A836_EC6E,30.0
nasa_planetscope_20181024_160202_0f3b:after:01,nasa_planetscope_20181024_160202_0f3b,NASA_PlanetScope,20181024_160202_0f3b,NASA Marine Debris,2018-10-24,2018-10-24T16:02:02Z,filename_exact,after,1,S1A_IW_SLC__1SDV_20181025T000626_20181025T000653_024285_02A86D_2AFA.SAFE,2018-10-25T00:06:26Z,8.073,0.412514,0.412514,False,S1A_IW_SLC__1SDV_20181025T000626_20181025T000653_024285_02A86D_2AFA,30.0
nasa_planetscope_20181031_095925_103b:before:01,nasa_planetscope_20181031_095925_103b,NASA_PlanetScope,20181031_095925_103b,NASA Marine Debris,2018-10-31,2018-10-31T09:59:25Z,filename_exact,before,1,S1A_IW_SLC__1SDV_20181030T181758_20181030T181828_024369_02AB27_32F5.SAFE,2018-10-30T18:17:58Z,-15.691,1.0,1.0,True,S1A_IW_SLC__1SDV_20181030T181758_20181030T181828_024369_02AB27_32F5,30.0
nasa_planetscope_20181124_155713_1049:before:01,nasa_planetscope_20181124_155713_1049,NASA_PlanetScope,20181124_155713_1049,NASA Marine Debris,2018-11-24,2018-11-24T15:57:13Z,filename_exact,before,1,S1A_IW_SLC__1SDV_20181122T114534_20181122T114601_024700_02B757_C38C.SAFE,2018-11-22T11:45:34Z,-52.194,1.0,1.0,True,S1A_IW_SLC__1SDV_20181122T114534_20181122T114601_024700_02B757_C38C,30.0
nasa_planetscope_20181124_155713_1049:after:01,nasa_planetscope_20181124_155713_1049,NASA_PlanetScope,20181124_155713_1049,NASA Marine Debris,2018-11-24,2018-11-24T15:57:13Z,filename_exact,after,1,S1A_IW_SLC__1SDV_20181124T235823_20181124T235850_024737_02B8A0_9853.SAFE,2018-11-24T23:58:23Z,8.019,1.0,1.0,True,S1A_IW_SLC__1SDV_20181124T235823_20181124T235850_024737_02B8A0_9853,30.0
nasa_planetscope_20181124_155714_1049:before:01,nasa_planetscope_20181124_155714_1049,NASA_PlanetScope,20181124_155714_1049,NASA Marine Debris,2018-11-24,2018-11-24T15:57:14Z,filename_exact,before,1,S1A_IW_SLC__1SDV_20181122T114534_20181122T114601_024700_02B757_C38C.SAFE,2018-11-22T11:45:34Z,-52.194,1.0,1.0,True,S1A_IW_SLC__1SDV_20181122T114534_20181122T114601_024700_02B757_C38C,30.0
nasa_planetscope_20181124_155714_1049:after:01,nasa_planetscope_20181124_155714_1049,NASA_PlanetScope,20181124_155714_1049,NASA Marine Debris,2018-11-24,2018-11-24T15:57:14Z,filename_exact,after,1,S1A_IW_SLC__1SDV_20181124T235823_20181124T235850_024737_02B8A0_9853.SAFE,2018-11-24T23:58:23Z,8.019,1.0,1.0,True,S1A_IW_SLC__1SDV_20181124T235823_20181124T235850_024737_02B8A0_9853,30.0
nasa_planetscope_20181124_155715_1049:before:01,nasa_planetscope_20181124_155715_1049,NASA_PlanetScope,20181124_155715_1049,NASA Marine Debris,2018-11-24,2018-11-24T15:57:15Z,filename_exact,before,1,S1A_IW_SLC__1SDV_20181122T114534_20181122T114601_024700_02B757_C38C.SAFE,2018-11-22T11:45:34Z,-52.195,1.0,1.0,True,S1A_IW_SLC__1SDV_20181122T114534_20181122T114601_024700_02B757_C38C,30.0
nasa_planetscope_20181124_155715_1049:after:01,nasa_planetscope_20181124_155715_1049,NASA_PlanetScope,20181124_155715_1049,NASA Marine Debris,2018-11-24,2018-11-24T15:57:15Z,filename_exact,after,1,S1A_IW_SLC__1SDV_20181124T235823_20181124T235850_024737_02B8A0_9853.SAFE,2018-11-24T23:58:23Z,8.019,1.0,1.0,True,S1A_IW_SLC__1SDV_20181124T235823_20181124T235850_024737_02B8A0_9853,30.0
nasa_planetscope_20181124_155716_1049:before:01,nasa_planetscope_20181124_155716_1049,NASA_PlanetScope,20181124_155716_1049,NASA Marine Debris,2018-11-24,2018-11-24T15:57:16Z,filename_exact,before,1,S1A_IW_SLC__1SDV_20181122T114534_20181122T114601_024700_02B757_C38C.SAFE,2018-11-22T11:45:34Z,-52.195,1.0,1.0,True,S1A_IW_SLC__1SDV_20181122T114534_20181122T114601_024700_02B757_C38C,30.0
nasa_planetscope_20181124_155716_1049:after:01,nasa_planetscope_20181124_155716_1049,NASA_PlanetScope,20181124_155716_1049,NASA Marine Debris,2018-11-24,2018-11-24T15:57:16Z,filename_exact,after,1,S1A_IW_SLC__1SDV_20181124T235823_20181124T235850_024737_02B8A0_9853.SAFE,2018-11-24T23:58:23Z,8.019,1.0,1.0,True,S1A_IW_SLC__1SDV_20181124T235823_20181124T235850_024737_02B8A0_9853,30.0
nasa_planetscope_20181215_075902_103e:before:01,nasa_planetscope_20181215_075902_103e,NASA_PlanetScope,20181215_075902_103e,NASA Marine Debris,2018-12-15,2018-12-15T07:59:02Z,filename_exact,before,1,S1A_IW_SLC__1SDV_20181214T034348_20181214T034415_025016_02C244_FD6C.SAFE,2018-12-14T03:43:48Z,-28.254,1.0,1.0,True,S1A_IW_SLC__1SDV_20181214T034348_20181214T034415_025016_02C244_FD6C,30.0
nasa_planetscope_20190418_074358_0f3c:before:01,nasa_planetscope_20190418_074358_0f3c,NASA_PlanetScope,20190418_074358_0f3c,NASA Marine Debris,2019-04-18,2019-04-18T07:43:58Z,filename_exact,before,1,S1A_IW_SLC__1SDV_20190415T160718_20190415T160745_026803_03031C_CFBC.SAFE,2019-04-15T16:07:18Z,-63.611,1.0,1.0,True,S1A_IW_SLC__1SDV_20190415T160718_20190415T160745_026803_03031C_CFBC,30.0
nasa_planetscope_20190418_074358_0f3c:after:01,nasa_planetscope_20190418_074358_0f3c,NASA_PlanetScope,20190418_074358_0f3c,NASA Marine Debris,2019-04-18,2019-04-18T07:43:58Z,filename_exact,after,1,S1A_IW_SLC__1SDV_20190420T161528_20190420T161555_026876_0305AB_1543.SAFE,2019-04-20T16:15:28Z,56.525,1.0,1.0,True,S1A_IW_SLC__1SDV_20190420T161528_20190420T161555_026876_0305AB_1543,30.0
ghana_drift_57bbff03-21eb-54de-9d18-d8a65b256bd5:before:01,ghana_drift_57bbff03-21eb-54de-9d18-d8a65b256bd5,Ghana_Drift,57bbff03-21eb-54de-9d18-d8a65b256bd5,Ghana,2018-10-20,2018-10-20T09:57:56Z,planet_metadata,before,1,S1A_IW_SLC__1SDV_20181018T181758_20181018T181828_024194_02A587_7BBC.SAFE,2018-10-18T18:17:58Z,-39.666,1.0,1.0,True,S1A_IW_SLC__1SDV_20181018T181758_20181018T181828_024194_02A587_7BBC,30.0
ghana_drift_91ea9edc-67b4-4211-8532-35deec4a3148:before:01,ghana_drift_91ea9edc-67b4-4211-8532-35deec4a3148,Ghana_Drift,91ea9edc-67b4-4211-8532-35deec4a3148,Ghana,2018-10-31,2018-10-31T09:58:47Z,planet_metadata,before,1,S1A_IW_SLC__1SDV_20181030T181758_20181030T181828_024369_02AB27_32F5.SAFE,2018-10-30T18:17:58Z,-15.681,1.0,1.0,True,S1A_IW_SLC__1SDV_20181030T181758_20181030T181828_024369_02AB27_32F5,30.0
ghana_drift_91ea9edc-67b4-4211-8532-35deec4a3148:after:01,ghana_drift_91ea9edc-67b4-4211-8532-35deec4a3148,Ghana_Drift,91ea9edc-67b4-4211-8532-35deec4a3148,Ghana,2018-10-31,2018-10-31T09:58:47Z,planet_metadata,after,1,S1B_IW_SLC__1SDV_20181031T180908_20181031T180935_013400_018CA3_F37E.SAFE,2018-10-31T18:09:08Z,8.172,0.054196,0.054196,False,S1B_IW_SLC__1SDV_20181031T180908_20181031T180935_013400_018CA3_F37E,30.0
ghana_drift_cd77705c-782d-5b99-935f-405bfd905cbf:before:01,ghana_drift_cd77705c-782d-5b99-935f-405bfd905cbf,Ghana_Drift,cd77705c-782d-5b99-935f-405bfd905cbf,Ghana,2018-10-26,2018-10-26T10:00:00Z,nominal_10utc,before,1,S1A_IW_SLC__1SDV_20181025T180953_20181025T181020_024296_02A8C4_97A2.SAFE,2018-10-25T18:09:53Z,-15.835,0.887624,0.887624,False,S1A_IW_SLC__1SDV_20181025T180953_20181025T181020_024296_02A8C4_97A2,30.0
ghana_drift_d918b4e9-16ac-5c30-830f-6945943e1d9e:before:01,ghana_drift_d918b4e9-16ac-5c30-830f-6945943e1d9e,Ghana_Drift,d918b4e9-16ac-5c30-830f-6945943e1d9e,Ghana,2018-10-27,2018-10-27T10:00:00Z,nominal_10utc,before,1,S1B_IW_SLC__1SDV_20181024T181653_20181024T181720_013298_01895D_122A.SAFE,2018-10-24T18:16:53Z,-63.719,0.184755,1.0,True,S1B_IW_SLC__1SDV_20181024T181653_20181024T181720_013298_01895D_122A,30.0
ghana_drift_d918b4e9-16ac-5c30-830f-6945943e1d9e:before:02,ghana_drift_d918b4e9-16ac-5c30-830f-6945943e1d9e,Ghana_Drift,d918b4e9-16ac-5c30-830f-6945943e1d9e,Ghana,2018-10-27,2018-10-27T10:00:00Z,nominal_10utc,before,2,S1B_IW_SLC__1SDV_20181024T181717_20181024T181744_013298_01895D_793F.SAFE,2018-10-24T18:17:17Z,-63.712,0.97726,1.0,True,S1B_IW_SLC__1SDV_20181024T181717_20181024T181744_013298_01895D_793F,30.0
ghana_drift_d9db6dd4-4db8-5723-96ba-57d182cda0b7:before:01,ghana_drift_d9db6dd4-4db8-5723-96ba-57d182cda0b7,Ghana_Drift,d9db6dd4-4db8-5723-96ba-57d182cda0b7,Ghana,2018-10-28,2018-10-28T09:48:45Z,planet_metadata,before,1,S1A_IW_SLC__1SDV_20181025T180953_20181025T181020_024296_02A8C4_97A2.SAFE,2018-10-25T18:09:53Z,-63.648,0.391358,0.39463,False,S1A_IW_SLC__1SDV_20181025T180953_20181025T181020_024296_02A8C4_97A2,30.0
ghana_drift_d9db6dd4-4db8-5723-96ba-57d182cda0b7:before:02,ghana_drift_d9db6dd4-4db8-5723-96ba-57d182cda0b7,Ghana_Drift,d9db6dd4-4db8-5723-96ba-57d182cda0b7,Ghana,2018-10-28,2018-10-28T09:48:45Z,planet_metadata,before,2,S1A_IW_SLC__1SDV_20181025T180927_20181025T180955_024296_02A8C4_1904.SAFE,2018-10-25T18:09:27Z,-63.655,0.041439,0.39463,False,S1A_IW_SLC__1SDV_20181025T180927_20181025T180955_024296_02A8C4_1904,30.0
ghana_drift_d9db6dd4-4db8-5723-96ba-57d182cda0b7:after:01,ghana_drift_d9db6dd4-4db8-5723-96ba-57d182cda0b7,Ghana_Drift,d9db6dd4-4db8-5723-96ba-57d182cda0b7,Ghana,2018-10-28,2018-10-28T09:48:45Z,planet_metadata,after,1,S1A_IW_SLC__1SDV_20181030T181758_20181030T181828_024369_02AB27_32F5.SAFE,2018-10-30T18:17:58Z,56.487,0.660608,0.660608,False,S1A_IW_SLC__1SDV_20181030T181758_20181030T181828_024369_02AB27_32F5,30.0
greece_sentinel2_S2A_MSIL2A_20210701T085601_N0500_R007_T35SMD_20230222T113007:after:01,greece_sentinel2_S2A_MSIL2A_20210701T085601_N0500_R007_T35SMD_20230222T113007,Greece_Sentinel2,S2A_MSIL2A_20210701T085601_N0500_R007_T35SMD_20230222T113007,Greece PLP,2021-07-01,2021-07-01T08:56:01Z,product_name_exact,after,1,S1A_IW_SLC__1SDV_20210702T161544_20210702T161611_038601_048E08_CDF5.SAFE,2021-07-02T16:15:44Z,31.329,1.0,1.0,True,S1A_IW_SLC__1SDV_20210702T161544_20210702T161611_038601_048E08_CDF5,30.0
greece_sentinel2_S2B_MSIL1C_20210626T085559_N0500_R007_T35SMD_20230318T094507:before:01,greece_sentinel2_S2B_MSIL1C_20210626T085559_N0500_R007_T35SMD_20230318T094507,Greece_Sentinel2,S2B_MSIL1C_20210626T085559_N0500_R007_T35SMD_20230318T094507,Greece PLP,2021-06-26,2021-06-26T08:55:59Z,product_name_exact,before,1,S1A_IW_SLC__1SDV_20210626T042317_20210626T042344_038506_048B47_1A85.SAFE,2021-06-26T04:23:17Z,-4.545,0.916822,0.916822,False,S1A_IW_SLC__1SDV_20210626T042317_20210626T042344_038506_048B47_1A85,30.0
greece_sentinel2_S2B_MSIL1C_20210626T085559_N0500_R007_T35SMD_20230318T094507:after:01,greece_sentinel2_S2B_MSIL1C_20210626T085559_N0500_R007_T35SMD_20230318T094507,Greece_Sentinel2,S2B_MSIL1C_20210626T085559_N0500_R007_T35SMD_20230318T094507,Greece PLP,2021-06-26,2021-06-26T08:55:59Z,product_name_exact,after,1,S1B_IW_SLC__1SDV_20210626T161500_20210626T161527_027530_03494A_A037.SAFE,2021-06-26T16:15:00Z,7.317,1.0,1.0,True,S1B_IW_SLC__1SDV_20210626T161500_20210626T161527_027530_03494A_A037,30.0
greece_sentinel2_S2B_MSIL2A_20240630T085559_N0510_R007_T35SMD_20240630T105345:before:01,greece_sentinel2_S2B_MSIL2A_20240630T085559_N0510_R007_T35SMD_20240630T105345,Greece_Sentinel2,S2B_MSIL2A_20240630T085559_N0510_R007_T35SMD_20240630T105345,Greece PLP,2024-06-30,2024-06-30T08:55:59Z,product_name_exact,before,1,S1A_IW_SLC__1SDV_20240629T041520_20240629T041547_054533_06A303_E4CF.SAFE,2024-06-29T04:15:20Z,-28.677,1.0,1.0,True,S1A_IW_SLC__1SDV_20240629T041520_20240629T041547_054533_06A303_E4CF,30.0
greece_sentinel2_S2A_MSIL2A_20240705T085601_N0510_R007_T35SMD_20240705T131959:before:01,greece_sentinel2_S2A_MSIL2A_20240705T085601_N0510_R007_T35SMD_20240705T131959,Greece_Sentinel2,S2A_MSIL2A_20240705T085601_N0510_R007_T35SMD_20240705T131959,Greece PLP,2024-07-05,2024-07-05T08:56:01Z,product_name_exact,before,1,S1A_IW_SLC__1SDV_20240704T042329_20240704T042356_054606_06A59C_77C1.SAFE,2024-07-04T04:23:29Z,-28.542,0.913861,0.913861,False,S1A_IW_SLC__1SDV_20240704T042329_20240704T042356_054606_06A59C_77C1,30.0
greece_sentinel2_S2A_MSIL2A_20240705T085601_N0510_R007_T35SMD_20240705T131959:after:01,greece_sentinel2_S2A_MSIL2A_20240705T085601_N0510_R007_T35SMD_20240705T131959,Greece_Sentinel2,S2A_MSIL2A_20240705T085601_N0510_R007_T35SMD_20240705T131959,Greece PLP,2024-07-05,2024-07-05T08:56:01Z,product_name_exact,after,1,S1A_IW_SLC__1SDV_20240705T160746_20240705T160813_054628_06A662_95B9.SAFE,2024-07-05T16:07:46Z,7.196,1.0,1.0,True,S1A_IW_SLC__1SDV_20240705T160746_20240705T160813_054628_06A662_95B9,30.0
jamila_floating_debris_accra_20181031:before:01,jamila_floating_debris_accra_20181031,Jamila_Floating_Debris,accra_20181031,accra_20181031,2018-10-31,2018-10-31T12:00:00Z,nominal,before,1,S1A_IW_SLC__1SDV_20181030T181758_20181030T181828_024369_02AB27_32F5.SAFE,2018-10-30T18:17:58Z,-17.701,0.877849,0.877849,False,S1A_IW_SLC__1SDV_20181030T181758_20181030T181828_024369_02AB27_32F5,30.0
jamila_floating_debris_accra_20181031:after:01,jamila_floating_debris_accra_20181031,Jamila_Floating_Debris,accra_20181031,accra_20181031,2018-10-31,2018-10-31T12:00:00Z,nominal,after,1,S1B_IW_SLC__1SDV_20181031T180908_20181031T180935_013400_018CA3_F37E.SAFE,2018-10-31T18:09:08Z,6.152,0.334761,0.334761,False,S1B_IW_SLC__1SDV_20181031T180908_20181031T180935_013400_018CA3_F37E,30.0
jamila_floating_debris_biscay_20180419:before:01,jamila_floating_debris_biscay_20180419,Jamila_Floating_Debris,biscay_20180419,biscay_20180419,2018-04-19,2018-04-19T11:00:00Z,nominal,before,1,S1A_IW_SLC__1SDV_20180417T061638_20180417T061705_021503_0250BC_6CFA.SAFE,2018-04-17T06:16:38Z,-52.723,0.47026,1.0,True,S1A_IW_SLC__1SDV_20180417T061638_20180417T061705_021503_0250BC_6CFA,30.0
jamila_floating_debris_biscay_20180419:before:02,jamila_floating_debris_biscay_20180419,Jamila_Floating_Debris,biscay_20180419,biscay_20180419,2018-04-19,2018-04-19T11:00:00Z,nominal,before,2,S1A_IW_SLC__1SDV_20180417T061703_20180417T061730_021503_0250BC_1820.SAFE,2018-04-17T06:17:03Z,-52.716,0.651428,1.0,True,S1A_IW_SLC__1SDV_20180417T061703_20180417T061730_021503_0250BC_1820,30.0
jamila_floating_debris_biscay_20180419:after:01,jamila_floating_debris_biscay_20180419,Jamila_Floating_Debris,biscay_20180419,biscay_20180419,2018-04-19,2018-04-19T11:00:00Z,nominal,after,1,S1B_IW_SLC__1SDV_20180419T175448_20180419T175515_010556_0133F9_C398.SAFE,2018-04-19T17:54:48Z,6.913,0.657616,0.657616,False,S1B_IW_SLC__1SDV_20180419T175448_20180419T175515_010556_0133F9_C398,30.0
jamila_floating_debris_danang_20181005:before:01,jamila_floating_debris_danang_20181005,Jamila_Floating_Debris,danang_20181005,danang_20181005,2018-10-05,2018-10-05T11:00:00Z,nominal,before,1,S1A_IW_SLC__1SDV_20181004T223551_20181004T223621_023992_029F01_250B.SAFE,2018-10-04T22:35:51Z,-12.402,0.564975,0.564975,False,S1A_IW_SLC__1SDV_20181004T223551_20181004T223621_023992_029F01_250B,30.0
jamila_floating_debris_kentpointfarm_20180710:after:01,jamila_floating_debris_kentpointfarm_20180710,Jamila_Floating_Debris,kentpointfarm_20180710,kentpointfarm_20180710,2018-07-10,2018-07-10T11:00:00Z,nominal,after,1,S1A_IW_SLC__1SDV_20180711T225836_20180711T225903_022753_027755_DA41.SAFE,2018-07-11T22:58:36Z,35.977,1.0,1.0,True,S1A_IW_SLC__1SDV_20180711T225836_20180711T225903_022753_027755_DA41,30.0
jamila_floating_debris_kolkata_20201115:before:01,jamila_floating_debris_kolkata_20201115,Jamila_Floating_Debris,kolkata_20201115,kolkata_20201115,2020-11-15,2020-11-15T12:00:00Z,nominal,before,1,S1A_IW_SLC__1SDV_20201112T235707_20201112T235737_035222_041CD7_24BC.SAFE,2020-11-12T23:57:07Z,-60.048,0.734751,0.831077,False,S1A_IW_SLC__1SDV_20201112T235707_20201112T235737_035222_041CD7_24BC,30.0
jamila_floating_debris_kolkata_20201115:before:02,jamila_floating_debris_kolkata_20201115,Jamila_Floating_Debris,kolkata_20201115,kolkata_20201115,2020-11-15,2020-11-15T12:00:00Z,nominal,before,2,S1A_IW_SLC__1SDV_20201112T235642_20201112T235710_035222_041CD7_98FA.SAFE,2020-11-12T23:56:42Z,-60.055,0.315106,0.831077,False,S1A_IW_SLC__1SDV_20201112T235642_20201112T235710_035222_041CD7_98FA,30.0
jamila_floating_debris_kolkata_20201115:after:01,jamila_floating_debris_kolkata_20201115,Jamila_Floating_Debris,kolkata_20201115,kolkata_20201115,2020-11-15,2020-11-15T12:00:00Z,nominal,after,1,S1A_IW_SLC__1SDV_20201115T121211_20201115T121239_035259_041E24_CF73.SAFE,2020-11-15T12:12:11Z,0.203,1.0,1.0,True,S1A_IW_SLC__1SDV_20201115T121211_20201115T121239_035259_041E24_CF73,30.0
jamila_floating_debris_lagos_20190101:before:01,jamila_floating_debris_lagos_20190101,Jamila_Floating_Debris,lagos_20190101,lagos_20190101,2019-01-01,2019-01-01T12:00:00Z,nominal,before,1,S1A_IW_SLC__1SDV_20181231T180142_20181231T180209_025273_02CB84_4FA7.SAFE,2018-12-31T18:01:42Z,-17.972,1.0,1.0,True,S1A_IW_SLC__1SDV_20181231T180142_20181231T180209_025273_02CB84_4FA7,30.0
jamila_floating_debris_lagos_20200505:after:01,jamila_floating_debris_lagos_20200505,Jamila_Floating_Debris,lagos_20200505,lagos_20200505,2020-05-05,2020-05-05T11:00:00Z,nominal,after,1,S1A_IW_SLC__1SDV_20200506T180149_20200506T180216_032448_03C1F5_2D1D.SAFE,2020-05-06T18:01:49Z,31.03,0.999299,0.999299,True,S1A_IW_SLC__1SDV_20200506T180149_20200506T180216_032448_03C1F5_2D1D,30.0
jamila_floating_debris_london_20180611:before:01,jamila_floating_debris_london_20180611,Jamila_Floating_Debris,london_20180611,london_20180611,2018-06-11,2018-06-11T11:00:00Z,nominal,before,1,S1A_IW_SLC__1SDV_20180611T060624_20180611T060651_022305_026A07_2143.SAFE,2018-06-11T06:06:24Z,-4.893,0.387867,1.0,True,S1A_IW_SLC__1SDV_20180611T060624_20180611T060651_022305_026A07_2143,30.0
jamila_floating_debris_london_20180611:before:02,jamila_floating_debris_london_20180611,Jamila_Floating_Debris,london_20180611,london_20180611,2018-06-11,2018-06-11T11:00:00Z,nominal,before,2,S1A_IW_SLC__1SDV_20180611T060649_20180611T060716_022305_026A07_EF2B.SAFE,2018-06-11T06:06:49Z,-4.886,0.875125,1.0,True,S1A_IW_SLC__1SDV_20180611T060649_20180611T060716_022305_026A07_EF2B,30.0
jamila_floating_debris_london_20180611:after:01,jamila_floating_debris_london_20180611,Jamila_Floating_Debris,london_20180611,london_20180611,2018-06-11,2018-06-11T11:00:00Z,nominal,after,1,S1B_IW_SLC__1SDV_20180613T174848_20180613T174916_011358_014DB0_D584.SAFE,2018-06-13T17:48:48Z,54.813,0.999865,0.999865,True,S1B_IW_SLC__1SDV_20180613T174848_20180613T174916_011358_014DB0_D584,30.0
jamila_floating_debris_longxuyen_20181102:after:01,jamila_floating_debris_longxuyen_20181102,Jamila_Floating_Debris,longxuyen_20181102,longxuyen_20181102,2018-11-02,2018-11-02T12:00:00Z,nominal,after,1,S1A_IW_SLC__1SDV_20181102T224536_20181102T224603_024415_02ACCD_518F.SAFE,2018-11-02T22:45:36Z,10.76,1.0,1.0,True,S1A_IW_SLC__1SDV_20181102T224536_20181102T224603_024415_02ACCD_518F,30.0
jamila_floating_debris_neworleans_20200202:before:01,jamila_floating_debris_neworleans_20200202,Jamila_Floating_Debris,neworleans_20200202,neworleans_20200202,2020-02-02,2020-02-02T12:00:00Z,nominal,before,1,S1A_IW_SLC__1SDV_20200131T000213_20200131T000240_031037_0390C2_751B.SAFE,2020-01-31T00:02:13Z,-59.963,0.39573,0.470789,False,S1A_IW_SLC__1SDV_20200131T000213_20200131T000240_031037_0390C2_751B,30.0
jamila_floating_debris_neworleans_20200202:before:02,jamila_floating_debris_neworleans_20200202,Jamila_Floating_Debris,neworleans_20200202,neworleans_20200202,2020-02-02,2020-02-02T12:00:00Z,nominal,before,2,S1A_IW_SLC__1SDV_20200131T000148_20200131T000215_031037_0390C2_EC04.SAFE,2020-01-31T00:01:48Z,-59.97,0.146172,0.470789,False,S1A_IW_SLC__1SDV_20200131T000148_20200131T000215_031037_0390C2_EC04,30.0
jamila_floating_debris_panama_20190425:after:01,jamila_floating_debris_panama_20190425,Jamila_Floating_Debris,panama_20190425,panama_20190425,2019-04-25,2019-04-25T11:00:00Z,nominal,after,1,S1A_IW_SLC__1SDV_20190426T110621_20190426T110651_026960_0308C0_B39F.SAFE,2019-04-26T11:06:21Z,24.106,1.0,1.0,True,S1A_IW_SLC__1SDV_20190426T110621_20190426T110651_026960_0308C0_B39F,30.0
jamila_floating_debris_portalfredSouthAfrica_20180601:before:01,jamila_floating_debris_portalfredSouthAfrica_20180601,Jamila_Floating_Debris,portalfredSouthAfrica_20180601,portalfredSouthAfrica_20180601,2018-06-01,2018-06-01T11:00:00Z,nominal,before,1,S1A_IW_SLC__1SDV_20180530T165236_20180530T165306_022136_0264C5_5103.SAFE,2018-05-30T16:52:36Z,-42.123,0.393461,1.0,True,S1A_IW_SLC__1SDV_20180530T165236_20180530T165306_022136_0264C5_5103,30.0
jamila_floating_debris_portalfredSouthAfrica_20180601:before:02,jamila_floating_debris_portalfredSouthAfrica_20180601,Jamila_Floating_Debris,portalfredSouthAfrica_20180601,portalfredSouthAfrica_20180601,2018-06-01,2018-06-01T11:00:00Z,nominal,before,2,S1A_IW_SLC__1SDV_20180530T165304_20180530T165332_022136_0264C5_57B3.SAFE,2018-05-30T16:53:04Z,-42.116,0.793235,1.0,True,S1A_IW_SLC__1SDV_20180530T165304_20180530T165332_022136_0264C5_57B3,30.0
jamila_floating_debris_riodejaneiro_20180504:after:01,jamila_floating_debris_riodejaneiro_20180504,Jamila_Floating_Debris,riodejaneiro_20180504,riodejaneiro_20180504,2018-05-04,2018-05-04T11:00:00Z,nominal,after,1,S1B_IW_SLC__1SDV_20180505T081327_20180505T081354_010783_013B5A_280E.SAFE,2018-05-05T08:13:27Z,21.224,0.184791,0.184791,False,S1B_IW_SLC__1SDV_20180505T081327_20180505T081354_010783_013B5A_280E,30.0
jamila_floating_debris_sandiego_20180804:before:01,jamila_floating_debris_sandiego_20180804,Jamila_Floating_Debris,sandiego_20180804,sandiego_20180804,2018-08-04,2018-08-04T11:00:00Z,nominal,before,1,S1A_IW_SLC__1SDV_20180802T135244_20180802T135311_023068_028123_A301.SAFE,2018-08-02T13:52:44Z,-45.121,1.0,1.0,True,S1A_IW_SLC__1SDV_20180802T135244_20180802T135311_023068_028123_A301,30.0
jamila_floating_debris_sanfrancisco_20190219:after:01,jamila_floating_debris_sanfrancisco_20190219,Jamila_Floating_Debris,sanfrancisco_20190219,sanfrancisco_20190219,2019-02-19,2019-02-19T12:00:00Z,nominal,after,1,S1A_IW_SLC__1SDV_20190220T140744_20190220T140811_026014_02E63F_FE85.SAFE,2019-02-20T14:07:44Z,26.129,0.597978,0.597978,False,S1A_IW_SLC__1SDV_20190220T140744_20190220T140811_026014_02E63F_FE85,30.0
jamila_floating_debris_shengsi_20190615:after:01,jamila_floating_debris_shengsi_20190615,Jamila_Floating_Debris,shengsi_20190615,shengsi_20190615,2019-06-15,2019-06-15T11:00:00Z,nominal,after,1,S1A_IW_SLC__1SDV_20190617T095419_20190617T095447_027718_0320F1_8F93.SAFE,2019-06-17T09:54:19Z,46.905,0.314897,1.0,True,S1A_IW_SLC__1SDV_20190617T095419_20190617T095447_027718_0320F1_8F93,30.0
jamila_floating_debris_shengsi_20190615:after:02,jamila_floating_debris_shengsi_20190615,Jamila_Floating_Debris,shengsi_20190615,shengsi_20190615,2019-06-15,2019-06-15T11:00:00Z,nominal,after,2,S1A_IW_SLC__1SDV_20190617T095445_20190617T095512_027718_0320F1_ACD6.SAFE,2019-06-17T09:54:45Z,46.913,0.878837,1.0,True,S1A_IW_SLC__1SDV_20190617T095445_20190617T095512_027718_0320F1_ACD6,30.0
jamila_floating_debris_suez_20200403:before:01,jamila_floating_debris_suez_20200403,Jamila_Floating_Debris,suez_20200403,suez_20200403,2020-04-03,2020-04-03T11:00:00Z,nominal,before,1,S1B_IW_SLC__1SDV_20200401T034403_20200401T034430_020945_027BA8_6C3C.SAFE,2020-04-01T03:44:03Z,-55.266,0.948036,0.948036,False,S1B_IW_SLC__1SDV_20200401T034403_20200401T034430_020945_027BA8_6C3C,30.0
jamila_floating_debris_suez_20200403:after:01,jamila_floating_debris_suez_20200403,Jamila_Floating_Debris,suez_20200403,suez_20200403,2020-04-03,2020-04-03T11:00:00Z,nominal,after,1,S1A_IW_SLC__1SDV_20200404T155618_20200404T155645_031980_03B190_71E6.SAFE,2020-04-04T15:56:18Z,28.938,0.238228,1.0,True,S1A_IW_SLC__1SDV_20200404T155618_20200404T155645_031980_03B190_71E6,30.0
jamila_floating_debris_suez_20200403:after:02,jamila_floating_debris_suez_20200403,Jamila_Floating_Debris,suez_20200403,suez_20200403,2020-04-03,2020-04-03T11:00:00Z,nominal,after,2,S1A_IW_SLC__1SDV_20200404T155643_20200404T155710_031980_03B190_20B2.SAFE,2020-04-04T15:56:43Z,28.945,0.981828,1.0,True,S1A_IW_SLC__1SDV_20200404T155643_20200404T155710_031980_03B190_20B2,30.0
jamila_floating_debris_tangshan_20180130:before:01,jamila_floating_debris_tangshan_20180130,Jamila_Floating_Debris,tangshan_20180130,tangshan_20180130,2018-01-30,2018-01-30T12:00:00Z,nominal,before,1,S1B_IW_SLC__1SDV_20180128T220352_20180128T220419_009377_010D78_7518.SAFE,2018-01-28T22:03:52Z,-37.936,1.0,1.0,True,S1B_IW_SLC__1SDV_20180128T220352_20180128T220419_009377_010D78_7518,30.0
jamila_floating_debris_toledo_20191221:after:01,jamila_floating_debris_toledo_20191221,Jamila_Floating_Debris,toledo_20191221,toledo_20191221,2019-12-21,2019-12-21T12:00:00Z,nominal,after,1,S1B_IW_SLC__1SDV_20191223T233147_20191223T233217_019499_024D66_2C12.SAFE,2019-12-23T23:31:47Z,59.53,0.850521,0.850521,False,S1B_IW_SLC__1SDV_20191223T233147_20191223T233217_019499_024D66_2C12,30.0
jamila_floating_debris_tungchungChina_20190922:before:01,jamila_floating_debris_tungchungChina_20190922,Jamila_Floating_Debris,tungchungChina_20190922,tungchungChina_20190922,2019-09-22,2019-09-22T11:00:00Z,nominal,before,1,S1A_IW_SLC__1SDV_20190922T103325_20190922T103355_029133_034EA1_B6F2.SAFE,2019-09-22T10:33:25Z,-0.443,1.0,1.0,True,S1A_IW_SLC__1SDV_20190922T103325_20190922T103355_029133_034EA1_B6F2,30.0
jamila_floating_debris_tunisia_20180715:after:01,jamila_floating_debris_tunisia_20180715,Jamila_Floating_Debris,tunisia_20180715,tunisia_20180715,2018-07-15,2018-07-15T11:00:00Z,nominal,after,1,S1B_IW_SLC__1SDV_20180716T171912_20180716T171939_011839_015CA0_7ADE.SAFE,2018-07-16T17:19:12Z,30.32,1.0,1.0,True,S1B_IW_SLC__1SDV_20180716T171912_20180716T171939_011839_015CA0_7ADE,30.0
jamila_floating_debris_turkmenistan_20181030:before:01,jamila_floating_debris_turkmenistan_20181030,Jamila_Floating_Debris,turkmenistan_20181030,turkmenistan_20181030,2018-10-30,2018-10-30T12:00:00Z,nominal,before,1,S1A_IW_SLC__1SDV_20181030T022718_20181030T022745_024359_02AADA_9991.SAFE,2018-10-30T02:27:18Z,-9.545,0.518536,0.998821,False,S1A_IW_SLC__1SDV_20181030T022718_20181030T022745_024359_02AADA_9991,30.0
jamila_floating_debris_turkmenistan_20181030:before:02,jamila_floating_debris_turkmenistan_20181030,Jamila_Floating_Debris,turkmenistan_20181030,turkmenistan_20181030,2018-10-30,2018-10-30T12:00:00Z,nominal,before,2,S1A_IW_SLC__1SDV_20181029T142856_20181029T142923_024352_02AAAA_6DF4.SAFE,2018-10-29T14:28:56Z,-21.518,0.430998,0.998821,False,S1A_IW_SLC__1SDV_20181029T142856_20181029T142923_024352_02AAAA_6DF4,30.0
jamila_floating_debris_turkmenistan_20181030:before:03,jamila_floating_debris_turkmenistan_20181030,Jamila_Floating_Debris,turkmenistan_20181030,turkmenistan_20181030,2018-10-30,2018-10-30T12:00:00Z,nominal,before,3,S1A_IW_SLC__1SDV_20181030T022743_20181030T022810_024359_02AADA_A4F0.SAFE,2018-10-30T02:27:43Z,-9.538,0.27328,0.998821,False,S1A_IW_SLC__1SDV_20181030T022743_20181030T022810_024359_02AADA_A4F0,30.0
jamila_floating_debris_turkmenistan_20181030:before:04,jamila_floating_debris_turkmenistan_20181030,Jamila_Floating_Debris,turkmenistan_20181030,turkmenistan_20181030,2018-10-30,2018-10-30T12:00:00Z,nominal,before,4,S1A_IW_SLC__1SDV_20181029T142921_20181029T142948_024352_02AAAA_C0AC.SAFE,2018-10-29T14:29:21Z,-21.511,0.138107,0.998821,False,S1A_IW_SLC__1SDV_20181029T142921_20181029T142948_024352_02AAAA_C0AC,30.0
jamila_floating_debris_venice_20180630:before:01,jamila_floating_debris_venice_20180630,Jamila_Floating_Debris,venice_20180630,venice_20180630,2018-06-30,2018-06-30T11:00:00Z,nominal,before,1,S1A_IW_SLC__1SDV_20180629T051852_20180629T051919_022567_0271CF_EE7D.SAFE,2018-06-29T05:18:52Z,-29.686,0.999274,0.999274,True,S1A_IW_SLC__1SDV_20180629T051852_20180629T051919_022567_0271CF_EE7D,30.0
jamila_floating_debris_venice_20180630:after:01,jamila_floating_debris_venice_20180630,Jamila_Floating_Debris,venice_20180630,venice_20180630,2018-06-30,2018-06-30T11:00:00Z,nominal,after,1,S1A_IW_SLC__1SDV_20180630T170626_20180630T170653_022589_02727A_F0C9.SAFE,2018-06-30T17:06:26Z,6.107,1.0,1.0,True,S1A_IW_SLC__1SDV_20180630T170626_20180630T170653_022589_02727A_F0C9,30.0
jamila_floating_debris_venice_20180928:before:01,jamila_floating_debris_venice_20180928,Jamila_Floating_Debris,venice_20180928,venice_20180928,2018-09-28,2018-09-28T11:00:00Z,nominal,before,1,S1B_IW_SLC__1SDV_20180927T051820_20180927T051847_012896_017D0E_5078.SAFE,2018-09-27T05:18:20Z,-29.694,1.0,1.0,True,S1B_IW_SLC__1SDV_20180927T051820_20180927T051847_012896_017D0E_5078,30.0
jamila_floating_debris_venice_20180928:after:01,jamila_floating_debris_venice_20180928,Jamila_Floating_Debris,venice_20180928,venice_20180928,2018-09-28,2018-09-28T11:00:00Z,nominal,after,1,S1A_IW_SLC__1SDV_20180929T165813_20180929T165840_023916_029C64_EDCF.SAFE,2018-09-29T16:58:13Z,29.97,0.273155,1.0,True,S1A_IW_SLC__1SDV_20180929T165813_20180929T165840_023916_029C64_EDCF,30.0
jamila_floating_debris_venice_20180928:after:02,jamila_floating_debris_venice_20180928,Jamila_Floating_Debris,venice_20180928,venice_20180928,2018-09-28,2018-09-28T11:00:00Z,nominal,after,2,S1A_IW_SLC__1SDV_20180929T165838_20180929T165905_023916_029C64_E479.SAFE,2018-09-29T16:58:38Z,29.977,0.920976,1.0,True,S1A_IW_SLC__1SDV_20180929T165838_20180929T165905_023916_029C64_E479,30.0
jamila_floating_debris_vungtau_20180423:before:01,jamila_floating_debris_vungtau_20180423,Jamila_Floating_Debris,vungtau_20180423,vungtau_20180423,2018-04-23,2018-04-23T11:00:00Z,nominal,before,1,S1A_IW_SLC__1SDV_20180420T110301_20180420T110331_021550_025236_EC08.SAFE,2018-04-20T11:03:01Z,-71.95,0.409528,0.409528,False,S1A_IW_SLC__1SDV_20180420T110301_20180420T110331_021550_025236_EC08,30.0
jamila_floating_debris_vungtau_20180423:after:01,jamila_floating_debris_vungtau_20180423,Jamila_Floating_Debris,vungtau_20180423,vungtau_20180423,2018-04-23,2018-04-23T11:00:00Z,nominal,after,1,S1A_IW_SLC__1SDV_20180424T224528_20180424T224555_021615_025428_912F.SAFE,2018-04-24T22:45:28Z,35.758,0.137202,0.137202,False,S1A_IW_SLC__1SDV_20180424T224528_20180424T224555_021615_025428_912F,30.0
