point_id,lon,lat
P001,-88.59783927845952,16.077457380456238
P002,-88.59708693920463,16.077106288803957
P003,-88.59673584755235,16.07685550905233
P004,-88.59417789408575,16.075852390045814
P005,-88.59237227987401,16.07520036269158
P006,-88.58986448235773,16.073846152032782
P007,-88.58946323475513,16.073244280628874
P008,-88.58294296121278,16.07199038187073
P009,-88.58244140170952,16.070937106913888
P010,-88.58680496938786,16.077457380456238
P011,-88.58710590508981,16.07785862805884
P012,-88.5878582443447,16.07896205896601
P013,-88.58815918004666,16.079814710121546
P014,-88.58906198715252,16.080867985078388
P015,-88.58966385855642,16.081469856482297
P016,-88.59026572996034,16.082272351687507
P017,-88.59086760136424,16.0869368550678
P018,-88.59086760136424,16.088341221676924
P019,-88.5911685370662,16.089845900186695
P020,-88.59146947276815,16.090548083491257
P021,-88.57963266849127,16.065670732129686
P022,-88.58183953030561,16.066824318987177
P023,-88.58369530046767,16.06903118080151
P024,-88.58274233741147,16.06973336410607
P025,-88.58198999815659,16.0699841438577
P026,-88.57627415740293,16.061496919698964
P027,-88.57694653628533,16.06267358274317
P028,-88.57795510460893,16.06376619842708
P029,-88.57972009917525,16.06561524035369
P030,-88.5707270316231,16.057378599044235
P031,-88.56904608441708,16.056790267522132
P032,-88.56837370553468,16.055781699198526
P033,-88.56669275832867,16.054268846713114
P034,-88.56551609528445,16.05334432574981
P035,-88.56442347960055,16.0518314732644
P036,-88.56139777462973,16.049310052455382
P037,-88.56038920630613,16.04880576829358
P038,-88.55677516981319,16.04594815804336
P039,-88.5557666014896,16.04468744763885
P040,-88.55282494387907,16.04451935291825
P041,-88.54635329713592,16.04325864251374
P042,-88.54534472881232,16.04275435835194
P043,-88.54257116592241,16.041913884748933
P044,-88.5414785502385,16.041157458506227
P045,-88.53946141359128,16.04014889018262
P046,-88.53836879790738,16.039224369219315
P047,-88.52399669929599,16.02897059126265
P048,-88.52181146792817,16.025440602130026
P049,-88.51340673189812,16.00989184047442
P050,-88.5113895952509,16.008799224790515
P051,-88.50937245860369,16.007538514386006
P052,-88.50592651683137,16.00510114093729
P053,-88.50348914338265,16.00358828845188
P054,-88.49920272800733,15.999890204598653
P055,-88.49752178080132,15.993586652576111
P056,-88.49651321247772,15.991401421208296
P057,-88.49626107039681,15.989804521362586
P058,-88.49525250207321,15.98862785831838
P059,-88.49550464415411,15.987535242634472
P060,-88.49550464415411,15.986022390149062
P061,-88.50206033825755,15.978710269802912
P062,-88.50416152226506,15.977701701479306
P063,-88.50491794850778,15.977113369957202
P064,-88.50525413794898,15.9768612278763
P065,-88.52085273128849,15.9797926654993
P066,-88.51905516907023,15.978824747381772
P067,-88.51753415488554,15.977718555247455
P068,-88.51518349660012,15.977165459180297
P069,-88.51310938634826,15.976474089096348
P070,-88.51131182413,15.975920993029188
P071,-88.50909943986136,15.97509134892845
P072,-88.50785497371025,15.974399978844502
P073,-88.50550431542483,15.972602416626236
P074,-88.50370675320657,15.970943128424759
P075,-88.50163264295472,15.969283840223282
P076,-88.50011162877003,15.968730744156124
P077,-88.49886716261892,15.968039374072175
P078,-88.49679305236708,15.966241811853909
P079,-88.4951337641656,15.964167701602063
P080,-88.49347447596412,15.963891153568483
P081,-88.49181518776265,15.963614605534904
P082,-88.49015589956117,15.962231865367007
P083,-88.48780524127575,15.96071085118232
P084,-88.4857311310239,15.959189836997632
P085,-88.48476321290637,15.958083644863315
