dataset,scene_id,observation_id,area,role,source_shapefile_path,source_layer_type,source_feature_id,raw_class_label,normalized_class_label,sample_id,image_path,mask_path,patch_width,patch_height,centroid_x,centroid_y,geometry_area,edge_touch,extraction_status,vv_db_valid_pixel_count,vv_db_mean,vv_db_std,vv_db_min,vv_db_max,vv_db_median,vv_db_p10,vv_db_p25,vv_db_p75,vv_db_p90,vh_db_valid_pixel_count,vh_db_mean,vh_db_std,vh_db_min,vh_db_max,vh_db_median,vh_db_p10,vh_db_p25,vh_db_p75,vh_db_p90,vv_vh_ratio_db_valid_pixel_count,vv_vh_ratio_db_mean,vv_vh_ratio_db_std,vv_vh_ratio_db_min,vv_vh_ratio_db_max,vv_vh_ratio_db_median,vv_vh_ratio_db_p10,vv_vh_ratio_db_p25,vv_vh_ratio_db_p75,vv_vh_ratio_db_p90,vv_minus_vh_db_valid_pixel_count,vv_minus_vh_db_mean,vv_minus_vh_db_std,vv_minus_vh_db_min,vv_minus_vh_db_max,vv_minus_vh_db_median,vv_minus_vh_db_p10,vv_minus_vh_db_p25,vv_minus_vh_db_p75,vv_minus_vh_db_p90,vv_glcm_mean_valid_pixel_count,vv_glcm_mean_mean,vv_glcm_mean_std,vv_glcm_mean_min,vv_glcm_mean_max,vv_glcm_mean_median,vv_glcm_mean_p10,vv_glcm_mean_p25,vv_glcm_mean_p75,vv_glcm_mean_p90,vv_glcm_std_valid_pixel_count,vv_glcm_std_mean,vv_glcm_std_std,vv_glcm_std_min,vv_glcm_std_max,vv_glcm_std_median,vv_glcm_std_p10,vv_glcm_std_p25,vv_glcm_std_p75,vv_glcm_std_p90,vv_glcm_entropy_valid_pixel_count,vv_glcm_entropy_mean,vv_glcm_entropy_std,vv_glcm_entropy_min,vv_glcm_entropy_max,vv_glcm_entropy_median,vv_glcm_entropy_p10,vv_glcm_entropy_p25,vv_glcm_entropy_p75,vv_glcm_entropy_p90,decomp_entropy_valid_pixel_count,decomp_entropy_mean,decomp_entropy_std,decomp_entropy_min,decomp_entropy_max,decomp_entropy_median,decomp_entropy_p10,decomp_entropy_p25,decomp_entropy_p75,decomp_entropy_p90,decomp_anisotropy_valid_pixel_count,decomp_anisotropy_mean,decomp_anisotropy_std,decomp_anisotropy_min,decomp_anisotropy_max,decomp_anisotropy_median,decomp_anisotropy_p10,decomp_anisotropy_p25,decomp_anisotropy_p75,decomp_anisotropy_p90,decomp_alpha_valid_pixel_count,decomp_alpha_mean,decomp_alpha_std,decomp_alpha_min,decomp_alpha_max,decomp_alpha_median,decomp_alpha_p10,decomp_alpha_p25,decomp_alpha_p75,decomp_alpha_p90
meria_global,before_20181012T054431,,,,D:\Masters\Data_Creation\meria_global_s1_slc\processed_slc\cabcd011-9d82-4124-9f9c-120bdc406cf3_Palma_de_Mallorca\before_20181012T054431\Digitised_patches\PalmadeMallorca_before_20181012.shp,digitised_patches,1,,plastic,before_20181012T054431_1,D:\Masters\Data_Creation\Patches\meria_global\before_20181012T054431\plastic\before_20181012T054431_1_image.tif,D:\Masters\Data_Creation\Patches\meria_global\before_20181012T054431\plastic\before_20181012T054431_1_mask.tif,256,256,3.447174349147417,39.58888538266333,2.8894472031660308e-06,True,ok,0,nan,nan,nan,nan,nan,nan,nan,nan,nan,0,nan,nan,nan,nan,nan,nan,nan,nan,nan,0,nan,nan,nan,nan,nan,nan,nan,nan,nan,0,nan,nan,nan,nan,nan,nan,nan,nan,nan,0,nan,nan,nan,nan,nan,nan,nan,nan,nan,0,nan,nan,nan,nan,nan,nan,nan,nan,nan,0,nan,nan,nan,nan,nan,nan,nan,nan,nan,0,nan,nan,nan,nan,nan,nan,nan,nan,nan,0,nan,nan,nan,nan,nan,nan,nan,nan,nan,0,nan,nan,nan,nan,nan,nan,nan,nan,nan
meria_global,before_20181012T054431,,,,D:\Masters\Data_Creation\meria_global_s1_slc\processed_slc\cabcd011-9d82-4124-9f9c-120bdc406cf3_Palma_de_Mallorca\before_20181012T054431\Digitised_patches\PalmadeMallorca_before_20181012.shp,digitised_patches,2,,plastic,before_20181012T054431_2,D:\Masters\Data_Creation\Patches\meria_global\before_20181012T054431\plastic\before_20181012T054431_2_image.tif,D:\Masters\Data_Creation\Patches\meria_global\before_20181012T054431\plastic\before_20181012T054431_2_mask.tif,256,256,3.4494285292908358,39.58852903002264,2.645719197769856e-06,True,ok,0,nan,nan,nan,nan,nan,nan,nan,nan,nan,0,nan,nan,nan,nan,nan,nan,nan,nan,nan,0,nan,nan,nan,nan,nan,nan,nan,nan,nan,0,nan,nan,nan,nan,nan,nan,nan,nan,nan,0,nan,nan,nan,nan,nan,nan,nan,nan,nan,0,nan,nan,nan,nan,nan,nan,nan,nan,nan,0,nan,nan,nan,nan,nan,nan,nan,nan,nan,0,nan,nan,nan,nan,nan,nan,nan,nan,nan,0,nan,nan,nan,nan,nan,nan,nan,nan,nan,0,nan,nan,nan,nan,nan,nan,nan,nan,nan
meria_global,before_20181012T054431,,,,D:\Masters\Data_Creation\meria_global_s1_slc\processed_slc\cabcd011-9d82-4124-9f9c-120bdc406cf3_Palma_de_Mallorca\before_20181012T054431\Digitised_patches\PalmadeMallorca_before_20181012.shp,digitised_patches,3,,plastic,before_20181012T054431_3,D:\Masters\Data_Creation\Patches\meria_global\before_20181012T054431\plastic\before_20181012T054431_3_image.tif,D:\Masters\Data_Creation\Patches\meria_global\before_20181012T054431\plastic\before_20181012T054431_3_mask.tif,256,256,3.4544912839063455,39.587638074313894,9.874885582345299e-06,True,ok,0,nan,nan,nan,nan,nan,nan,nan,nan,nan,0,nan,nan,nan,nan,nan,nan,nan,nan,nan,0,nan,nan,nan,nan,nan,nan,nan,nan,nan,0,nan,nan,nan,nan,nan,nan,nan,nan,nan,0,nan,nan,nan,nan,nan,nan,nan,nan,nan,0,nan,nan,nan,nan,nan,nan,nan,nan,nan,0,nan,nan,nan,nan,nan,nan,nan,nan,nan,0,nan,nan,nan,nan,nan,nan,nan,nan,nan,0,nan,nan,nan,nan,nan,nan,nan,nan,nan,0,nan,nan,nan,nan,nan,nan,nan,nan,nan
meria_global,before_20181012T054431,,,,D:\Masters\Data_Creation\meria_global_s1_slc\processed_slc\cabcd011-9d82-4124-9f9c-120bdc406cf3_Palma_de_Mallorca\before_20181012T054431\Digitised_patches\PalmadeMallorca_before_20181012.shp,digitised_patches,5,,plastic,before_20181012T054431_5,D:\Masters\Data_Creation\Patches\meria_global\before_20181012T054431\plastic\before_20181012T054431_5_image.tif,D:\Masters\Data_Creation\Patches\meria_global\before_20181012T054431\plastic\before_20181012T054431_5_mask.tif,256,256,3.462406714349799,39.58743519811681,1.745598770336564e-05,True,ok,0,nan,nan,nan,nan,nan,nan,nan,nan,nan,0,nan,nan,nan,nan,nan,nan,nan,nan,nan,0,nan,nan,nan,nan,nan,nan,nan,nan,nan,0,nan,nan,nan,nan,nan,nan,nan,nan,nan,0,nan,nan,nan,nan,nan,nan,nan,nan,nan,0,nan,nan,nan,nan,nan,nan,nan,nan,nan,0,nan,nan,nan,nan,nan,nan,nan,nan,nan,0,nan,nan,nan,nan,nan,nan,nan,nan,nan,0,nan,nan,nan,nan,nan,nan,nan,nan,nan,0,nan,nan,nan,nan,nan,nan,nan,nan,nan
meria_global,before_20181012T054431,,,,D:\Masters\Data_Creation\meria_global_s1_slc\processed_slc\cabcd011-9d82-4124-9f9c-120bdc406cf3_Palma_de_Mallorca\before_20181012T054431\Digitised_patches\PalmadeMallorca_before_20181012.shp,digitised_patches,6,,plastic,before_20181012T054431_6,D:\Masters\Data_Creation\Patches\meria_global\before_20181012T054431\plastic\before_20181012T054431_6_image.tif,D:\Masters\Data_Creation\Patches\meria_global\before_20181012T054431\plastic\before_20181012T054431_6_mask.tif,256,256,3.4679808222395296,39.585530399558344,2.4776627331503084e-06,True,ok,0,nan,nan,nan,nan,nan,nan,nan,nan,nan,0,nan,nan,nan,nan,nan,nan,nan,nan,nan,0,nan,nan,nan,nan,nan,nan,nan,nan,nan,0,nan,nan,nan,nan,nan,nan,nan,nan,nan,0,nan,nan,nan,nan,nan,nan,nan,nan,nan,0,nan,nan,nan,nan,nan,nan,nan,nan,nan,0,nan,nan,nan,nan,nan,nan,nan,nan,nan,0,nan,nan,nan,nan,nan,nan,nan,nan,nan,0,nan,nan,nan,nan,nan,nan,nan,nan,nan,0,nan,nan,nan,nan,nan,nan,nan,nan,nan
meria_global,before_20181012T054431,,,,D:\Masters\Data_Creation\meria_global_s1_slc\processed_slc\cabcd011-9d82-4124-9f9c-120bdc406cf3_Palma_de_Mallorca\before_20181012T054431\Digitised_patches\PalmadeMallorca_before_20181012.shp,digitised_patches,7,,plastic,before_20181012T054431_7,D:\Masters\Data_Creation\Patches\meria_global\before_20181012T054431\plastic\before_20181012T054431_7_image.tif,D:\Masters\Data_Creation\Patches\meria_global\before_20181012T054431\plastic\before_20181012T054431_7_mask.tif,256,256,3.470373833164411,39.584584099381644,2.2275855590838206e-06,True,ok,0,nan,nan,nan,nan,nan,nan,nan,nan,nan,0,nan,nan,nan,nan,nan,nan,nan,nan,nan,0,nan,nan,nan,nan,nan,nan,nan,nan,nan,0,nan,nan,nan,nan,nan,nan,nan,nan,nan,0,nan,nan,nan,nan,nan,nan,nan,nan,nan,0,nan,nan,nan,nan,nan,nan,nan,nan,nan,0,nan,nan,nan,nan,nan,nan,nan,nan,nan,0,nan,nan,nan,nan,nan,nan,nan,nan,nan,0,nan,nan,nan,nan,nan,nan,nan,nan,nan,0,nan,nan,nan,nan,nan,nan,nan,nan,nan
meria_global,before_20181012T054431,,,,D:\Masters\Data_Creation\meria_global_s1_slc\processed_slc\cabcd011-9d82-4124-9f9c-120bdc406cf3_Palma_de_Mallorca\before_20181012T054431\Digitised_patches\PalmadeMallorca_before_20181012.shp,digitised_patches,10,,plastic,before_20181012T054431_10,D:\Masters\Data_Creation\Patches\meria_global\before_20181012T054431\plastic\before_20181012T054431_10_image.tif,D:\Masters\Data_Creation\Patches\meria_global\before_20181012T054431\plastic\before_20181012T054431_10_mask.tif,256,256,3.474709344615358,39.58409358007747,2.7673042689078596e-06,True,ok,0,nan,nan,nan,nan,nan,nan,nan,nan,nan,0,nan,nan,nan,nan,nan,nan,nan,nan,nan,0,nan,nan,nan,nan,nan,nan,nan,nan,nan,0,nan,nan,nan,nan,nan,nan,nan,nan,nan,0,nan,nan,nan,nan,nan,nan,nan,nan,nan,0,nan,nan,nan,nan,nan,nan,nan,nan,nan,0,nan,nan,nan,nan,nan,nan,nan,nan,nan,0,nan,nan,nan,nan,nan,nan,nan,nan,nan,0,nan,nan,nan,nan,nan,nan,nan,nan,nan,0,nan,nan,nan,nan,nan,nan,nan,nan,nan
meria_global,before_20181012T054431,,,,D:\Masters\Data_Creation\meria_global_s1_slc\processed_slc\cabcd011-9d82-4124-9f9c-120bdc406cf3_Palma_de_Mallorca\before_20181012T054431\Digitised_patches\PalmadeMallorca_before_20181012.shp,digitised_patches,11,,plastic,before_20181012T054431_11,D:\Masters\Data_Creation\Patches\meria_global\before_20181012T054431\plastic\before_20181012T054431_11_image.tif,D:\Masters\Data_Creation\Patches\meria_global\before_20181012T054431\plastic\before_20181012T054431_11_mask.tif,256,256,3.480864266327452,39.58316876681233,4.237392351452845e-06,True,ok,0,nan,nan,nan,nan,nan,nan,nan,nan,nan,0,nan,nan,nan,nan,nan,nan,nan,nan,nan,0,nan,nan,nan,nan,nan,nan,nan,nan,nan,0,nan,nan,nan,nan,nan,nan,nan,nan,nan,0,nan,nan,nan,nan,nan,nan,nan,nan,nan,0,nan,nan,nan,nan,nan,nan,nan,nan,nan,0,nan,nan,nan,nan,nan,nan,nan,nan,nan,0,nan,nan,nan,nan,nan,nan,nan,nan,nan,0,nan,nan,nan,nan,nan,nan,nan,nan,nan,0,nan,nan,nan,nan,nan,nan,nan,nan,nan
meria_global,before_20181012T054431,,,,D:\Masters\Data_Creation\meria_global_s1_slc\processed_slc\cabcd011-9d82-4124-9f9c-120bdc406cf3_Palma_de_Mallorca\before_20181012T054431\Digitised_patches\PalmadeMallorca_before_20181012.shp,digitised_patches,14,,plastic,before_20181012T054431_14,D:\Masters\Data_Creation\Patches\meria_global\before_20181012T054431\plastic\before_20181012T054431_14_image.tif,D:\Masters\Data_Creation\Patches\meria_global\before_20181012T054431\plastic\before_20181012T054431_14_mask.tif,256,256,3.4909516169700354,39.58089582873466,2.5130254430770067e-06,True,ok,0,nan,nan,nan,nan,nan,nan,nan,nan,nan,0,nan,nan,nan,nan,nan,nan,nan,nan,nan,0,nan,nan,nan,nan,nan,nan,nan,nan,nan,0,nan,nan,nan,nan,nan,nan,nan,nan,nan,0,nan,nan,nan,nan,nan,nan,nan,nan,nan,0,nan,nan,nan,nan,nan,nan,nan,nan,nan,0,nan,nan,nan,nan,nan,nan,nan,nan,nan,0,nan,nan,nan,nan,nan,nan,nan,nan,nan,0,nan,nan,nan,nan,nan,nan,nan,nan,nan,0,nan,nan,nan,nan,nan,nan,nan,nan,nan
meria_global,before_20181012T054431,,,,D:\Masters\Data_Creation\meria_global_s1_slc\processed_slc\cabcd011-9d82-4124-9f9c-120bdc406cf3_Palma_de_Mallorca\before_20181012T054431\Digitised_patches\PalmadeMallorca_before_20181012.shp,digitised_patches,19,,plastic,before_20181012T054431_19,D:\Masters\Data_Creation\Patches\meria_global\before_20181012T054431\plastic\before_20181012T054431_19_image.tif,D:\Masters\Data_Creation\Patches\meria_global\before_20181012T054431\plastic\before_20181012T054431_19_mask.tif,256,256,3.815374910009596,39.625999945074845,0.00394531558937528,True,ok,0,nan,nan,nan,nan,nan,nan,nan,nan,nan,0,nan,nan,nan,nan,nan,nan,nan,nan,nan,0,nan,nan,nan,nan,nan,nan,nan,nan,nan,0,nan,nan,nan,nan,nan,nan,nan,nan,nan,0,nan,nan,nan,nan,nan,nan,nan,nan,nan,0,nan,nan,nan,nan,nan,nan,nan,nan,nan,0,nan,nan,nan,nan,nan,nan,nan,nan,nan,0,nan,nan,nan,nan,nan,nan,nan,nan,nan,0,nan,nan,nan,nan,nan,nan,nan,nan,nan,0,nan,nan,nan,nan,nan,nan,nan,nan,nan
meria_global,before_20181012T054431,,,,D:\Masters\Data_Creation\meria_global_s1_slc\processed_slc\cabcd011-9d82-4124-9f9c-120bdc406cf3_Palma_de_Mallorca\before_20181012T054431\Digitised_patches\PalmadeMallorca_before_20181012.shp,digitised_patches,21,,plastic,before_20181012T054431_21,D:\Masters\Data_Creation\Patches\meria_global\before_20181012T054431\plastic\before_20181012T054431_21_image.tif,D:\Masters\Data_Creation\Patches\meria_global\before_20181012T054431\plastic\before_20181012T054431_21_mask.tif,256,256,3.547415101171243,39.505837766722834,0.001145342582010149,True,ok,0,nan,nan,nan,nan,nan,nan,nan,nan,nan,0,nan,nan,nan,nan,nan,nan,nan,nan,nan,0,nan,nan,nan,nan,nan,nan,nan,nan,nan,0,nan,nan,nan,nan,nan,nan,nan,nan,nan,0,nan,nan,nan,nan,nan,nan,nan,nan,nan,0,nan,nan,nan,nan,nan,nan,nan,nan,nan,0,nan,nan,nan,nan,nan,nan,nan,nan,nan,0,nan,nan,nan,nan,nan,nan,nan,nan,nan,0,nan,nan,nan,nan,nan,nan,nan,nan,nan,0,nan,nan,nan,nan,nan,nan,nan,nan,nan
meria_global,before_20181012T054431,,,,D:\Masters\Data_Creation\meria_global_s1_slc\processed_slc\cabcd011-9d82-4124-9f9c-120bdc406cf3_Palma_de_Mallorca\before_20181012T054431\Digitised_patches\PalmadeMallorca_before_20181012.shp,digitised_patches,24,,plastic,before_20181012T054431_24,D:\Masters\Data_Creation\Patches\meria_global\before_20181012T054431\plastic\before_20181012T054431_24_image.tif,D:\Masters\Data_Creation\Patches\meria_global\before_20181012T054431\plastic\before_20181012T054431_24_mask.tif,256,256,3.7412567349029238,39.83511923643092,0.00037271987965962637,True,ok,0,nan,nan,nan,nan,nan,nan,nan,nan,nan,0,nan,nan,nan,nan,nan,nan,nan,nan,nan,0,nan,nan,nan,nan,nan,nan,nan,nan,nan,0,nan,nan,nan,nan,nan,nan,nan,nan,nan,0,nan,nan,nan,nan,nan,nan,nan,nan,nan,0,nan,nan,nan,nan,nan,nan,nan,nan,nan,0,nan,nan,nan,nan,nan,nan,nan,nan,nan,0,nan,nan,nan,nan,nan,nan,nan,nan,nan,0,nan,nan,nan,nan,nan,nan,nan,nan,nan,0,nan,nan,nan,nan,nan,nan,nan,nan,nan
meria_global,before_20181012T054431,,,,D:\Masters\Data_Creation\meria_global_s1_slc\processed_slc\cabcd011-9d82-4124-9f9c-120bdc406cf3_Palma_de_Mallorca\before_20181012T054431\Digitised_patches\PalmadeMallorca_before_20181012.shp,digitised_patches,25,,plastic,before_20181012T054431_25,D:\Masters\Data_Creation\Patches\meria_global\before_20181012T054431\plastic\before_20181012T054431_25_image.tif,D:\Masters\Data_Creation\Patches\meria_global\before_20181012T054431\plastic\before_20181012T054431_25_mask.tif,256,256,3.6730223801070534,39.754039150810854,0.0006158957750240711,True,ok,0,nan,nan,nan,nan,nan,nan,nan,nan,nan,0,nan,nan,nan,nan,nan,nan,nan,nan,nan,0,nan,nan,nan,nan,nan,nan,nan,nan,nan,0,nan,nan,nan,nan,nan,nan,nan,nan,nan,0,nan,nan,nan,nan,nan,nan,nan,nan,nan,0,nan,nan,nan,nan,nan,nan,nan,nan,nan,0,nan,nan,nan,nan,nan,nan,nan,nan,nan,0,nan,nan,nan,nan,nan,nan,nan,nan,nan,0,nan,nan,nan,nan,nan,nan,nan,nan,nan,0,nan,nan,nan,nan,nan,nan,nan,nan,nan
meria_global,before_20181030T181758,91ea9edc-67b4-4211-8532-35deec4a3148,Ghana,before,D:\Masters\Data_Creation\meria_global_s1_slc\processed_slc\91ea9edc-67b4-4211-8532-35deec4a3148_Ghana\before_20181030T181758\digitised_patches\91ea9edc-67b4-4211-8532-35deec4a3148_Ghana_before_20181030T181758_digitised_patches.shp,digitised_patches,05,,plastic,before_20181030T181758_05,D:\Masters\Data_Creation\Patches\meria_global\before_20181030T181758\plastic\before_20181030T181758_05_image.tif,D:\Masters\Data_Creation\Patches\meria_global\before_20181030T181758\plastic\before_20181030T181758_05_mask.tif,256,256,-0.5071680407091145,5.3113241269954985,3.827356083506371e-06,False,ok,239,-17.24258804321289,2.5224831104278564,-22.69683074951172,-10.851324081420898,-17.470233917236328,-20.5723934173584,-19.282291412353516,-15.343955993652344,-13.957332611083984,239,-25.44051170349121,3.5734705924987793,-35.53948974609375,-16.11433982849121,-25.425487518310547,-30.513761520385742,-27.605981826782227,-23.135631561279297,-21.0136661529541,239,8.197922706604004,3.921767473220825,-1.0328292846679688,18.80942153930664,8.101729393005371,2.7922019958496094,5.756601333618164,10.670248031616211,13.067079544067383,239,8.197922706604004,3.921767473220825,-1.0328292846679688,18.80942153930664,8.101729393005371,2.7922019958496094,5.756601333618164,10.670248031616211,13.067079544067383,239,0.0,0.0,0.0,0.0,0.0,0.0,0.0,0.0,0.0,239,0.0,0.0,0.0,0.0,0.0,0.0,0.0,0.0,0.0,239,0.0,0.0,0.0,0.0,0.0,0.0,0.0,0.0,0.0,239,0.0,0.0,0.0,0.0,0.0,0.0,0.0,0.0,0.0,239,0.0,0.0,0.0,0.0,0.0,0.0,0.0,0.0,0.0,239,0.0,0.0,0.0,0.0,0.0,0.0,0.0,0.0,0.0
meria_global,before_20181030T181758,91ea9edc-67b4-4211-8532-35deec4a3148,Ghana,before,D:\Masters\Data_Creation\meria_global_s1_slc\processed_slc\91ea9edc-67b4-4211-8532-35deec4a3148_Ghana\before_20181030T181758\digitised_patches\91ea9edc-67b4-4211-8532-35deec4a3148_Ghana_before_20181030T181758_digitised_patches.shp,digitised_patches,06,,plastic,before_20181030T181758_06,D:\Masters\Data_Creation\Patches\meria_global\before_20181030T181758\plastic\before_20181030T181758_06_image.tif,D:\Masters\Data_Creation\Patches\meria_global\before_20181030T181758\plastic\before_20181030T181758_06_mask.tif,256,256,-0.5285725964603948,5.280370445731379,6.170502287910204e-06,False,ok,393,-18.711044311523438,1.9757276773452759,-23.96725845336914,-12.335611343383789,-18.85300636291504,-21.169097900390625,-20.054845809936523,-17.358840942382812,-16.348033905029297,393,-26.206424713134766,3.2307181358337402,-34.46671676635742,-16.113922119140625,-26.377887725830078,-30.428836822509766,-28.43571662902832,-23.901939392089844,-22.0759334564209,393,7.495380401611328,3.2165274620056152,-1.3349246978759766,15.93358039855957,7.606060028076172,3.4147815704345703,5.268716812133789,9.853033065795898,11.837677001953125,393,7.495380401611328,3.2165274620056152,-1.3349246978759766,15.93358039855957,7.606060028076172,3.4147815704345703,5.268716812133789,9.853033065795898,11.837677001953125,393,0.0,0.0,0.0,0.0,0.0,0.0,0.0,0.0,0.0,393,0.0,0.0,0.0,0.0,0.0,0.0,0.0,0.0,0.0,393,0.0,0.0,0.0,0.0,0.0,0.0,0.0,0.0,0.0,393,0.0,0.0,0.0,0.0,0.0,0.0,0.0,0.0,0.0,393,0.0,0.0,0.0,0.0,0.0,0.0,0.0,0.0,0.0,393,0.0,0.0,0.0,0.0,0.0,0.0,0.0,0.0,0.0
meria_global,before_20181030T181758,91ea9edc-67b4-4211-8532-35deec4a3148,Ghana,before,D:\Masters\Data_Creation\meria_global_s1_slc\processed_slc\91ea9edc-67b4-4211-8532-35deec4a3148_Ghana\before_20181030T181758\digitised_patches\91ea9edc-67b4-4211-8532-35deec4a3148_Ghana_before_20181030T181758_digitised_patches.shp,digitised_patches,07,,plastic,before_20181030T181758_07,D:\Masters\Data_Creation\Patches\meria_global\before_20181030T181758\plastic\before_20181030T181758_07_image.tif,D:\Masters\Data_Creation\Patches\meria_global\before_20181030T181758\plastic\before_20181030T181758_07_mask.tif,256,256,-0.5306612226825685,5.26677172185646,7.13122733127302e-06,False,ok,427,-18.83259391784668,1.8771928548812866,-23.58819007873535,-13.017105102539062,-18.910167694091797,-21.213455200195312,-20.117034912109375,-17.560466766357422,-16.4611873626709,427,-26.171630859375,2.4659037590026855,-33.6180534362793,-19.296476364135742,-26.15178871154785,-29.344905853271484,-27.936912536621094,-24.567373275756836,-22.984771728515625,427,7.3390374183654785,2.8689725399017334,-2.6026153564453125,16.43926429748535,7.376163482666016,3.6343657970428467,5.587479591369629,9.032319068908691,11.17055606842041,427,7.3390374183654785,2.8689725399017334,-2.6026153564453125,16.43926429748535,7.376163482666016,3.6343657970428467,5.587479591369629,9.032319068908691,11.17055606842041,427,0.0,0.0,0.0,0.0,0.0,0.0,0.0,0.0,0.0,427,0.0,0.0,0.0,0.0,0.0,0.0,0.0,0.0,0.0,427,0.0,0.0,0.0,0.0,0.0,0.0,0.0,0.0,0.0,427,0.0,0.0,0.0,0.0,0.0,0.0,0.0,0.0,0.0,427,0.0,0.0,0.0,0.0,0.0,0.0,0.0,0.0,0.0,427,0.0,0.0,0.0,0.0,0.0,0.0,0.0,0.0,0.0
meria_global,before_20181030T181758,91ea9edc-67b4-4211-8532-35deec4a3148,Ghana,before,D:\Masters\Data_Creation\meria_global_s1_slc\processed_slc\91ea9edc-67b4-4211-8532-35deec4a3148_Ghana\before_20181030T181758\digitised_patches\91ea9edc-67b4-4211-8532-35deec4a3148_Ghana_before_20181030T181758_digitised_patches.shp,digitised_patches,09,,plastic,before_20181030T181758_09,D:\Masters\Data_Creation\Patches\meria_global\before_20181030T181758\plastic\before_20181030T181758_09_image.tif,D:\Masters\Data_Creation\Patches\meria_global\before_20181030T181758\plastic\before_20181030T181758_09_mask.tif,256,256,-0.531695664012931,5.239157824584453,2.2497484360182633e-05,False,ok,1415,-20.356874465942383,1.9420063495635986,-25.591625213623047,-13.217707633972168,-20.474689483642578,-22.731708526611328,-21.640296936035156,-19.144716262817383,-17.83935546875,1415,-26.94230842590332,2.3277697563171387,-35.65516662597656,-19.590213775634766,-26.932838439941406,-29.952964782714844,-28.513717651367188,-25.40785789489746,-23.94924545288086,1415,6.5854363441467285,2.8507633209228516,-3.01910400390625,14.986417770385742,6.693002700805664,2.8774170875549316,4.668875694274902,8.622845649719238,10.206670761108398,1415,6.5854363441467285,2.8507633209228516,-3.01910400390625,14.986417770385742,6.693002700805664,2.8774170875549316,4.668875694274902,8.622845649719238,10.206670761108398,1415,0.0,0.0,0.0,0.0,0.0,0.0,0.0,0.0,0.0,1415,0.0,0.0,0.0,0.0,0.0,0.0,0.0,0.0,0.0,1415,0.0,0.0,0.0,0.0,0.0,0.0,0.0,0.0,0.0,1415,0.0,0.0,0.0,0.0,0.0,0.0,0.0,0.0,0.0,1415,0.0,0.0,0.0,0.0,0.0,0.0,0.0,0.0,0.0,1415,0.0,0.0,0.0,0.0,0.0,0.0,0.0,0.0,0.0
meria_global,before_20181030T181758,91ea9edc-67b4-4211-8532-35deec4a3148,Ghana,before,D:\Masters\Data_Creation\meria_global_s1_slc\processed_slc\91ea9edc-67b4-4211-8532-35deec4a3148_Ghana\before_20181030T181758\digitised_patches\91ea9edc-67b4-4211-8532-35deec4a3148_Ghana_before_20181030T181758_digitised_patches.shp,digitised_patches,10,,plastic,before_20181030T181758_10,D:\Masters\Data_Creation\Patches\meria_global\before_20181030T181758\plastic\before_20181030T181758_10_image.tif,D:\Masters\Data_Creation\Patches\meria_global\before_20181030T181758\plastic\before_20181030T181758_10_mask.tif,256,256,-0.5131734838399084,5.3031336158479965,4.892069197469223e-06,False,ok,301,-19.713350296020508,2.028519630432129,-23.967592239379883,-11.487818717956543,-20.01242446899414,-22.113075256347656,-21.055564880371094,-18.60883903503418,-17.033470153808594,301,-27.846040725708008,3.2875654697418213,-39.88247299194336,-19.996299743652344,-27.86374855041504,-31.752187728881836,-30.106718063354492,-25.813810348510742,-23.219816207885742,301,8.132692337036133,3.792509078979492,-0.4011516571044922,20.698715209960938,7.9880828857421875,3.32342529296875,5.4485015869140625,10.647201538085938,12.45663070678711,301,8.132692337036133,3.792509078979492,-0.4011516571044922,20.698715209960938,7.9880828857421875,3.32342529296875,5.4485015869140625,10.647201538085938,12.45663070678711,301,0.0,0.0,0.0,0.0,0.0,0.0,0.0,0.0,0.0,301,0.0,0.0,0.0,0.0,0.0,0.0,0.0,0.0,0.0,301,0.0,0.0,0.0,0.0,0.0,0.0,0.0,0.0,0.0,301,0.0,0.0,0.0,0.0,0.0,0.0,0.0,0.0,0.0,301,0.0,0.0,0.0,0.0,0.0,0.0,0.0,0.0,0.0,301,0.0,0.0,0.0,0.0,0.0,0.0,0.0,0.0,0.0
meria_global,before_20181030T181758,91ea9edc-67b4-4211-8532-35deec4a3148,Ghana,before,D:\Masters\Data_Creation\meria_global_s1_slc\processed_slc\91ea9edc-67b4-4211-8532-35deec4a3148_Ghana\before_20181030T181758\digitised_patches\91ea9edc-67b4-4211-8532-35deec4a3148_Ghana_before_20181030T181758_digitised_patches.shp,digitised_patches,01,,plastic,before_20181030T181758_01,D:\Masters\Data_Creation\Patches\meria_global\before_20181030T181758\plastic\before_20181030T181758_01_image.tif,D:\Masters\Data_Creation\Patches\meria_global\before_20181030T181758\plastic\before_20181030T181758_01_mask.tif,256,256,-0.32344331953818967,5.477375366441911,4.618027384361254e-06,False,ok,294,-16.79700469970703,2.6806490421295166,-22.807567596435547,-10.74998664855957,-16.469215393066406,-20.699369430541992,-19.031330108642578,-14.825794219970703,-13.353625297546387,294,-24.188568115234375,2.9085090160369873,-31.676694869995117,-15.107917785644531,-24.362319946289062,-27.67183494567871,-26.09125518798828,-22.389019012451172,-20.29684066772461,294,7.391564846038818,2.4941132068634033,1.216827392578125,14.207019805908203,7.535853385925293,4.16884183883667,5.674315452575684,9.09909725189209,10.533106803894043,294,7.391564846038818,2.4941132068634033,1.216827392578125,14.207019805908203,7.535853385925293,4.16884183883667,5.674315452575684,9.09909725189209,10.533106803894043,294,0.0,0.0,0.0,0.0,0.0,0.0,0.0,0.0,0.0,294,0.0,0.0,0.0,0.0,0.0,0.0,0.0,0.0,0.0,294,0.0,0.0,0.0,0.0,0.0,0.0,0.0,0.0,0.0,294,0.0,0.0,0.0,0.0,0.0,0.0,0.0,0.0,0.0,294,0.0,0.0,0.0,0.0,0.0,0.0,0.0,0.0,0.0,294,0.0,0.0,0.0,0.0,0.0,0.0,0.0,0.0,0.0
meria_global,before_20181030T181758,91ea9edc-67b4-4211-8532-35deec4a3148,Ghana,before,D:\Masters\Data_Creation\meria_global_s1_slc\processed_slc\91ea9edc-67b4-4211-8532-35deec4a3148_Ghana\before_20181030T181758\digitised_patches\91ea9edc-67b4-4211-8532-35deec4a3148_Ghana_before_20181030T181758_digitised_patches.shp,digitised_patches,02,,plastic,before_20181030T181758_02,D:\Masters\Data_Creation\Patches\meria_global\before_20181030T181758\plastic\before_20181030T181758_02_image.tif,D:\Masters\Data_Creation\Patches\meria_global\before_20181030T181758\plastic\before_20181030T181758_02_mask.tif,256,256,-0.33244896827224074,5.462450784117258,2.431955386321364e-05,False,ok,1529,-20.1193904876709,1.843098521232605,-24.43608283996582,-12.771308898925781,-20.371448516845703,-22.171775817871094,-21.401283264160156,-19.188695907592773,-17.807289123535156,1529,-26.438810348510742,2.000938653945923,-32.825313568115234,-20.141773223876953,-26.425907135009766,-29.107168197631836,-27.78307342529297,-25.083759307861328,-23.85095977783203,1529,6.3194193840026855,2.413634777069092,-1.839447021484375,15.189299583435059,6.31696891784668,3.2414557933807373,4.682178497314453,7.948320388793945,9.351831436157227,1529,6.3194193840026855,2.413634777069092,-1.839447021484375,15.189299583435059,6.31696891784668,3.2414557933807373,4.682178497314453,7.948320388793945,9.351831436157227,1529,0.0,0.0,0.0,0.0,0.0,0.0,0.0,0.0,0.0,1529,0.0,0.0,0.0,0.0,0.0,0.0,0.0,0.0,0.0,1529,0.0,0.0,0.0,0.0,0.0,0.0,0.0,0.0,0.0,1529,0.0,0.0,0.0,0.0,0.0,0.0,0.0,0.0,0.0,1529,0.0,0.0,0.0,0.0,0.0,0.0,0.0,0.0,0.0,1529,0.0,0.0,0.0,0.0,0.0,0.0,0.0,0.0,0.0
meria_global,before_20181030T181758,91ea9edc-67b4-4211-8532-35deec4a3148,Ghana,before,D:\Masters\Data_Creation\meria_global_s1_slc\processed_slc\91ea9edc-67b4-4211-8532-35deec4a3148_Ghana\before_20181030T181758\digitised_patches\91ea9edc-67b4-4211-8532-35deec4a3148_Ghana_before_20181030T181758_digitised_patches.shp,digitised_patches,03,,plastic,before_20181030T181758_03,D:\Masters\Data_Creation\Patches\meria_global\before_20181030T181758\plastic\before_20181030T181758_03_image.tif,D:\Masters\Data_Creation\Patches\meria_global\before_20181030T181758\plastic\before_20181030T181758_03_mask.tif,256,256,-0.3404316401554512,5.452554100803597,1.2927276855209577e-06,False,ok,80,-20.29007339477539,1.8058890104293823,-23.979793548583984,-17.25618553161621,-20.00060272216797,-22.649085998535156,-21.811954498291016,-18.94722557067871,-17.935646057128906,80,-27.111858367919922,2.504354953765869,-32.773712158203125,-21.377792358398438,-26.463768005371094,-30.858516693115234,-28.446582794189453,-25.631351470947266,-24.35928726196289,80,6.821780204772949,3.0623395442962646,-0.8368282318115234,13.481473922729492,6.72214412689209,3.2873618602752686,4.776394844055176,9.082015991210938,10.919744491577148,80,6.821780204772949,3.0623395442962646,-0.8368282318115234,13.481473922729492,6.72214412689209,3.2873618602752686,4.776394844055176,9.082015991210938,10.919744491577148,80,0.0,0.0,0.0,0.0,0.0,0.0,0.0,0.0,0.0,80,0.0,0.0,0.0,0.0,0.0,0.0,0.0,0.0,0.0,80,0.0,0.0,0.0,0.0,0.0,0.0,0.0,0.0,0.0,80,0.0,0.0,0.0,0.0,0.0,0.0,0.0,0.0,0.0,80,0.0,0.0,0.0,0.0,0.0,0.0,0.0,0.0,0.0,80,0.0,0.0,0.0,0.0,0.0,0.0,0.0,0.0,0.0
meria_global,before_20181030T181758,91ea9edc-67b4-4211-8532-35deec4a3148,Ghana,before,D:\Masters\Data_Creation\meria_global_s1_slc\processed_slc\91ea9edc-67b4-4211-8532-35deec4a3148_Ghana\before_20181030T181758\digitised_patches\91ea9edc-67b4-4211-8532-35deec4a3148_Ghana_before_20181030T181758_digitised_patches.shp,digitised_patches,04,,plastic,before_20181030T181758_04,D:\Masters\Data_Creation\Patches\meria_global\before_20181030T181758\plastic\before_20181030T181758_04_image.tif,D:\Masters\Data_Creation\Patches\meria_global\before_20181030T181758\plastic\before_20181030T181758_04_mask.tif,256,256,-0.34113993593813585,5.44949596652396,1.6261947458419119e-06,False,ok,101,-19.805360794067383,1.7986280918121338,-23.68075942993164,-15.377817153930664,-19.99915885925293,-21.680721282958984,-21.10011100769043,-19.07057762145996,-17.05685043334961,101,-26.732545852661133,1.961561679840088,-31.629253387451172,-22.046344757080078,-26.656579971313477,-29.369609832763672,-28.10992431640625,-25.635536193847656,-24.435651779174805,101,6.927184581756592,2.783952474594116,0.4010467529296875,12.829326629638672,6.605199813842773,3.225238800048828,5.042207717895508,8.65519905090332,11.39042854309082,101,6.927184581756592,2.783952474594116,0.4010467529296875,12.829326629638672,6.605199813842773,3.225238800048828,5.042207717895508,8.65519905090332,11.39042854309082,101,0.0,0.0,0.0,0.0,0.0,0.0,0.0,0.0,0.0,101,0.0,0.0,0.0,0.0,0.0,0.0,0.0,0.0,0.0,101,0.0,0.0,0.0,0.0,0.0,0.0,0.0,0.0,0.0,101,0.0,0.0,0.0,0.0,0.0,0.0,0.0,0.0,0.0,101,0.0,0.0,0.0,0.0,0.0,0.0,0.0,0.0,0.0,101,0.0,0.0,0.0,0.0,0.0,0.0,0.0,0.0,0.0
meria_global,before_20181030T181758,,,,D:\Masters\Data_Creation\meria_global_s1_slc\processed_slc\91ea9edc-67b4-4211-8532-35deec4a3148_Ghana\before_20181030T181758\digitised_patches\91ea9edc-67b4-4211-8532-35deec4a3148_Ghana_before_20181030T181758_digitised_other_features.shp,digitised_other_features,1,Ship,ship,before_20181030T181758_1,D:\Masters\Data_Creation\Patches\meria_global\before_20181030T181758\ship\before_20181030T181758_1_image.tif,D:\Masters\Data_Creation\Patches\meria_global\before_20181030T181758\ship\before_20181030T181758_1_mask.tif,256,256,-0.21109205348745821,5.31190840828984,4.08274718661106e-06,False,ok,251,-8.597761154174805,8.18647575378418,-21.82842445373535,14.733613967895508,-9.84569263458252,-18.358413696289062,-15.734947204589844,-2.337686061859131,3.1866841316223145,251,-16.106901168823242,7.234035491943359,-29.314334869384766,0.9823434948921204,-18.090084075927734,-24.621837615966797,-21.979217529296875,-9.457801818847656,-5.667718887329102,251,7.509139060974121,4.132408142089844,-2.2383062839508057,19.196491241455078,7.218391418457031,2.487668991088867,4.911247253417969,10.120399475097656,13.642955780029297,251,7.509139060974121,4.132408142089844,-2.2383062839508057,19.196491241455078,7.218391418457031,2.487668991088867,4.911247253417969,10.120399475097656,13.642955780029297,251,0.0,0.0,0.0,0.0,0.0,0.0,0.0,0.0,0.0,251,0.0,0.0,0.0,0.0,0.0,0.0,0.0,0.0,0.0,251,0.0,0.0,0.0,0.0,0.0,0.0,0.0,0.0,0.0,251,0.0,0.0,0.0,0.0,0.0,0.0,0.0,0.0,0.0,251,0.0,0.0,0.0,0.0,0.0,0.0,0.0,0.0,0.0,251,0.0,0.0,0.0,0.0,0.0,0.0,0.0,0.0,0.0
meria_global,before_20181030T181758,,,,D:\Masters\Data_Creation\meria_global_s1_slc\processed_slc\91ea9edc-67b4-4211-8532-35deec4a3148_Ghana\before_20181030T181758\digitised_patches\91ea9edc-67b4-4211-8532-35deec4a3148_Ghana_before_20181030T181758_digitised_other_features.shp,digitised_other_features,2,Wake,wake,before_20181030T181758_2,D:\Masters\Data_Creation\Patches\meria_global\before_20181030T181758\wake\before_20181030T181758_2_image.tif,D:\Masters\Data_Creation\Patches\meria_global\before_20181030T181758\wake\before_20181030T181758_2_mask.tif,256,256,-0.20663874899085724,5.309394971734912,2.7836762308391184e-05,False,ok,1751,-19.467750549316406,1.955282211303711,-24.318696975708008,-12.005204200744629,-19.627450942993164,-21.821250915527344,-20.87359046936035,-18.229408264160156,-16.837875366210938,1751,-26.074234008789062,2.819803476333618,-35.16327667236328,-15.614845275878906,-26.160404205322266,-29.57366180419922,-27.87537384033203,-24.270606994628906,-22.53730010986328,1751,6.6064839363098145,3.005725860595703,-3.169239044189453,17.98651695251465,6.402130126953125,2.965749740600586,4.539634704589844,8.596368789672852,10.53763198852539,1751,6.6064839363098145,3.005725860595703,-3.169239044189453,17.98651695251465,6.402130126953125,2.965749740600586,4.539634704589844,8.596368789672852,10.53763198852539,1751,0.0,0.0,0.0,0.0,0.0,0.0,0.0,0.0,0.0,1751,0.0,0.0,0.0,0.0,0.0,0.0,0.0,0.0,0.0,1751,0.0,0.0,0.0,0.0,0.0,0.0,0.0,0.0,0.0,1751,0.0,0.0,0.0,0.0,0.0,0.0,0.0,0.0,0.0,1751,0.0,0.0,0.0,0.0,0.0,0.0,0.0,0.0,0.0,1751,0.0,0.0,0.0,0.0,0.0,0.0,0.0,0.0,0.0
meria_global,before_20181030T181758,,,,D:\Masters\Data_Creation\meria_global_s1_slc\processed_slc\91ea9edc-67b4-4211-8532-35deec4a3148_Ghana\before_20181030T181758\digitised_patches\91ea9edc-67b4-4211-8532-35deec4a3148_Ghana_before_20181030T181758_digitised_other_features.shp,digitised_other_features,3,calm_water,calm_water,before_20181030T181758_3,D:\Masters\Data_Creation\Patches\meria_global\before_20181030T181758\calm_water\before_20181030T181758_3_image.tif,D:\Masters\Data_Creation\Patches\meria_global\before_20181030T181758\calm_water\before_20181030T181758_3_mask.tif,256,256,0.026145345120512906,5.3975128653530176,0.00598906105565121,False,ok,65536,-22.14979362487793,1.3247215747833252,-29.375205993652344,-15.821314811706543,-22.173358917236328,-23.823230743408203,-23.03568458557129,-21.291418075561523,-20.460004806518555,65536,-29.666627883911133,2.4039011001586914,-47.219852447509766,-20.850006103515625,-29.562965393066406,-32.788818359375,-31.20169448852539,-28.013885498046875,-26.689342498779297,65536,7.516836166381836,2.730414390563965,-3.1899147033691406,23.280288696289062,7.428074836730957,4.097043991088867,5.663907527923584,9.277692794799805,11.052558898925781,65536,7.516836166381836,2.730414390563965,-3.1899147033691406,23.280288696289062,7.428074836730957,4.097043991088867,5.663907527923584,9.277692794799805,11.052558898925781,65536,0.0,0.0,0.0,0.0,0.0,0.0,0.0,0.0,0.0,65536,0.0,0.0,0.0,0.0,0.0,0.0,0.0,0.0,0.0,65536,0.0,0.0,0.0,0.0,0.0,0.0,0.0,0.0,0.0,65536,0.0,0.0,0.0,0.0,0.0,0.0,0.0,0.0,0.0,65536,0.0,0.0,0.0,0.0,0.0,0.0,0.0,0.0,0.0,65536,0.0,0.0,0.0,0.0,0.0,0.0,0.0,0.0,0.0
meria_global,before_20181030T181758,,,,D:\Masters\Data_Creation\meria_global_s1_slc\processed_slc\91ea9edc-67b4-4211-8532-35deec4a3148_Ghana\before_20181030T181758\digitised_patches\91ea9edc-67b4-4211-8532-35deec4a3148_Ghana_before_20181030T181758_digitised_other_features.shp,digitised_other_features,5,Ship,ship,before_20181030T181758_5,D:\Masters\Data_Creation\Patches\meria_global\before_20181030T181758\ship\before_20181030T181758_5_image.tif,D:\Masters\Data_Creation\Patches\meria_global\before_20181030T181758\ship\before_20181030T181758_5_mask.tif,256,256,0.02192333447196937,5.542091349319766,1.4798098247463499e-05,False,ok,927,-14.24356460571289,8.139700889587402,-24.206974029541016,13.721251487731934,-17.330774307250977,-20.864120483398438,-19.540836334228516,-12.398672103881836,-0.6535153985023499,927,-23.94948387145996,7.819304466247559,-34.43391036987305,5.022294044494629,-26.75688934326172,-30.303857803344727,-28.76415252685547,-22.568674087524414,-11.717028617858887,927,9.705920219421387,3.099592685699463,-0.17719656229019165,27.443342208862305,9.523675918579102,6.117855072021484,7.77374267578125,11.35898208618164,13.275910377502441,927,9.705920219421387,3.099592685699463,-0.17719656229019165,27.443342208862305,9.523675918579102,6.117855072021484,7.77374267578125,11.35898208618164,13.275910377502441,927,0.0,0.0,0.0,0.0,0.0,0.0,0.0,0.0,0.0,927,0.0,0.0,0.0,0.0,0.0,0.0,0.0,0.0,0.0,927,0.0,0.0,0.0,0.0,0.0,0.0,0.0,0.0,0.0,927,0.0,0.0,0.0,0.0,0.0,0.0,0.0,0.0,0.0,927,0.0,0.0,0.0,0.0,0.0,0.0,0.0,0.0,0.0,927,0.0,0.0,0.0,0.0,0.0,0.0,0.0,0.0,0.0
meria_global,before_20181030T181758,,,,D:\Masters\Data_Creation\meria_global_s1_slc\processed_slc\91ea9edc-67b4-4211-8532-35deec4a3148_Ghana\before_20181030T181758\digitised_patches\91ea9edc-67b4-4211-8532-35deec4a3148_Ghana_before_20181030T181758_digitised_other_features.shp,digitised_other_features,6,Ship,ship,before_20181030T181758_6,D:\Masters\Data_Creation\Patches\meria_global\before_20181030T181758\ship\before_20181030T181758_6_image.tif,D:\Masters\Data_Creation\Patches\meria_global\before_20181030T181758\ship\before_20181030T181758_6_mask.tif,256,256,0.012539334216173384,5.554991892065586,1.3541359542796746e-05,False,ok,850,-15.5335054397583,7.289552688598633,-24.366741180419922,15.756542205810547,-17.88500213623047,-21.407623291015625,-20.029590606689453,-13.941944122314453,-6.6973347663879395,850,-25.160348892211914,7.571597576141357,-37.3302001953125,9.398452758789062,-27.046934127807617,-31.779150009155273,-29.554895401000977,-23.5479793548584,-16.619171142578125,850,9.626842498779297,3.015692949295044,-0.17979907989501953,21.187984466552734,9.606966972351074,5.913746356964111,7.538585662841797,11.668444633483887,13.542411804199219,850,9.626842498779297,3.015692949295044,-0.17979907989501953,21.187984466552734,9.606966972351074,5.913746356964111,7.538585662841797,11.668444633483887,13.542411804199219,850,0.0,0.0,0.0,0.0,0.0,0.0,0.0,0.0,0.0,850,0.0,0.0,0.0,0.0,0.0,0.0,0.0,0.0,0.0,850,0.0,0.0,0.0,0.0,0.0,0.0,0.0,0.0,0.0,850,0.0,0.0,0.0,0.0,0.0,0.0,0.0,0.0,0.0,850,0.0,0.0,0.0,0.0,0.0,0.0,0.0,0.0,0.0,850,0.0,0.0,0.0,0.0,0.0,0.0,0.0,0.0,0.0
meria_global,before_20181030T181758,,,,D:\Masters\Data_Creation\meria_global_s1_slc\processed_slc\91ea9edc-67b4-4211-8532-35deec4a3148_Ghana\before_20181030T181758\digitised_patches\91ea9edc-67b4-4211-8532-35deec4a3148_Ghana_before_20181030T181758_digitised_other_features.shp,digitised_other_features,7,Ship,ship,before_20181030T181758_7,D:\Masters\Data_Creation\Patches\meria_global\before_20181030T181758\ship\before_20181030T181758_7_image.tif,D:\Masters\Data_Creation\Patches\meria_global\before_20181030T181758\ship\before_20181030T181758_7_mask.tif,256,256,-0.004015349332043148,5.572518224770269,8.13986351806543e-07,False,ok,50,-15.785826683044434,4.388148307800293,-21.69135284423828,-3.080035448074341,-17.256057739257812,-20.064802169799805,-18.979965209960938,-13.007854461669922,-10.510059356689453,50,-25.158716201782227,5.370617389678955,-33.51194381713867,-10.844467163085938,-26.595518112182617,-30.309091567993164,-29.0999755859375,-22.844417572021484,-17.59309959411621,50,9.37289047241211,2.8995201587677,3.1217880249023438,17.029830932617188,9.041250228881836,5.769437313079834,7.636324882507324,10.923852920532227,12.671636581420898,50,9.37289047241211,2.8995201587677,3.1217880249023438,17.029830932617188,9.041250228881836,5.769437313079834,7.636324882507324,10.923852920532227,12.671636581420898,50,0.0,0.0,0.0,0.0,0.0,0.0,0.0,0.0,0.0,50,0.0,0.0,0.0,0.0,0.0,0.0,0.0,0.0,0.0,50,0.0,0.0,0.0,0.0,0.0,0.0,0.0,0.0,0.0,50,0.0,0.0,0.0,0.0,0.0,0.0,0.0,0.0,0.0,50,0.0,0.0,0.0,0.0,0.0,0.0,0.0,0.0,0.0,50,0.0,0.0,0.0,0.0,0.0,0.0,0.0,0.0,0.0
meria_global,before_20181030T181758,,,,D:\Masters\Data_Creation\meria_global_s1_slc\processed_slc\91ea9edc-67b4-4211-8532-35deec4a3148_Ghana\before_20181030T181758\digitised_patches\91ea9edc-67b4-4211-8532-35deec4a3148_Ghana_before_20181030T181758_digitised_other_features.shp,digitised_other_features,8,Slick,slick,before_20181030T181758_8,D:\Masters\Data_Creation\Patches\meria_global\before_20181030T181758\slick\before_20181030T181758_8_image.tif,D:\Masters\Data_Creation\Patches\meria_global\before_20181030T181758\slick\before_20181030T181758_8_mask.tif,256,256,-0.4547533811442971,5.105866394985898,0.0001369332570984644,False,ok,8618,-23.89987564086914,1.6926850080490112,-29.137351989746094,-17.5314884185791,-23.91046905517578,-26.063447952270508,-25.135265350341797,-22.7230281829834,-21.7381534576416,8618,-27.89124870300293,2.06708025932312,-39.28795623779297,-21.101375579833984,-27.825960159301758,-30.577470779418945,-29.238407135009766,-26.452016830444336,-25.304309844970703,8618,3.991372585296631,2.6357462406158447,-4.609035491943359,18.006540298461914,3.945280075073242,0.6354088187217712,2.187655448913574,5.732102394104004,7.397837162017822,8618,3.991372585296631,2.6357462406158447,-4.609035491943359,18.006540298461914,3.945280075073242,0.6354088187217712,2.187655448913574,5.732102394104004,7.397837162017822,8618,0.0,0.0,0.0,0.0,0.0,0.0,0.0,0.0,0.0,8618,0.0,0.0,0.0,0.0,0.0,0.0,0.0,0.0,0.0,8618,0.0,0.0,0.0,0.0,0.0,0.0,0.0,0.0,0.0,8618,0.0,0.0,0.0,0.0,0.0,0.0,0.0,0.0,0.0,8618,0.0,0.0,0.0,0.0,0.0,0.0,0.0,0.0,0.0,8618,0.0,0.0,0.0,0.0,0.0,0.0,0.0,0.0,0.0
meria_global,before_20181030T181758,,,,D:\Masters\Data_Creation\meria_global_s1_slc\processed_slc\91ea9edc-67b4-4211-8532-35deec4a3148_Ghana\before_20181030T181758\digitised_patches\91ea9edc-67b4-4211-8532-35deec4a3148_Ghana_before_20181030T181758_digitised_other_features.shp,digitised_other_features,10,Slick,slick,before_20181030T181758_10,D:\Masters\Data_Creation\Patches\meria_global\before_20181030T181758\slick\before_20181030T181758_10_image.tif,D:\Masters\Data_Creation\Patches\meria_global\before_20181030T181758\slick\before_20181030T181758_10_mask.tif,256,256,-0.4259228172753253,5.094593602855395,0.00014122270472993273,False,ok,8870,-23.93722915649414,1.882409691810608,-30.321369171142578,-17.364704132080078,-23.919883728027344,-26.41604995727539,-25.26782989501953,-22.603450775146484,-21.502731323242188,8870,-28.159202575683594,2.430502414703369,-39.768577575683594,-18.207571029663086,-28.131946563720703,-31.327476501464844,-29.797582626342773,-26.495285034179688,-25.058198928833008,8870,4.221972465515137,3.077227830886841,-6.423604965209961,17.07010269165039,4.147113800048828,0.30726560950279236,2.116337776184082,6.290647983551025,8.191023826599121,8870,4.221972465515137,3.077227830886841,-6.423604965209961,17.07010269165039,4.147113800048828,0.30726560950279236,2.116337776184082,6.290647983551025,8.191023826599121,8870,0.0,0.0,0.0,0.0,0.0,0.0,0.0,0.0,0.0,8870,0.0,0.0,0.0,0.0,0.0,0.0,0.0,0.0,0.0,8870,0.0,0.0,0.0,0.0,0.0,0.0,0.0,0.0,0.0,8870,0.0,0.0,0.0,0.0,0.0,0.0,0.0,0.0,0.0,8870,0.0,0.0,0.0,0.0,0.0,0.0,0.0,0.0,0.0,8870,0.0,0.0,0.0,0.0,0.0,0.0,0.0,0.0,0.0
meria_global,before_20181030T181758,,,,D:\Masters\Data_Creation\meria_global_s1_slc\processed_slc\91ea9edc-67b4-4211-8532-35deec4a3148_Ghana\before_20181030T181758\digitised_patches\91ea9edc-67b4-4211-8532-35deec4a3148_Ghana_before_20181030T181758_digitised_other_features.shp,digitised_other_features,11,Ship,ship,before_20181030T181758_11,D:\Masters\Data_Creation\Patches\meria_global\before_20181030T181758\ship\before_20181030T181758_11_image.tif,D:\Masters\Data_Creation\Patches\meria_global\before_20181030T181758\ship\before_20181030T181758_11_mask.tif,256,256,-0.40985826096085,5.222808334190732,4.886811917065238e-06,False,ok,308,-11.808822631835938,7.6540446281433105,-21.965564727783203,11.302343368530273,-13.942106246948242,-19.847763061523438,-18.09442138671875,-7.152462959289551,0.7204700112342834,308,-18.720550537109375,8.292779922485352,-33.12343215942383,6.220346450805664,-20.79012680053711,-27.44356346130371,-24.69375991821289,-14.322724342346191,-6.034554958343506,308,6.911726474761963,3.372704267501831,-4.530279636383057,17.301170349121094,6.926303386688232,2.888394832611084,4.707972049713135,9.121365547180176,11.052382469177246,308,6.911726474761963,3.372704267501831,-4.530279636383057,17.301170349121094,6.926303386688232,2.888394832611084,4.707972049713135,9.121365547180176,11.052382469177246,308,0.0,0.0,0.0,0.0,0.0,0.0,0.0,0.0,0.0,308,0.0,0.0,0.0,0.0,0.0,0.0,0.0,0.0,0.0,308,0.0,0.0,0.0,0.0,0.0,0.0,0.0,0.0,0.0,308,0.0,0.0,0.0,0.0,0.0,0.0,0.0,0.0,0.0,308,0.0,0.0,0.0,0.0,0.0,0.0,0.0,0.0,0.0,308,0.0,0.0,0.0,0.0,0.0,0.0,0.0,0.0,0.0
meria_global,before_20181030T181758,,,,D:\Masters\Data_Creation\meria_global_s1_slc\processed_slc\91ea9edc-67b4-4211-8532-35deec4a3148_Ghana\before_20181030T181758\digitised_patches\91ea9edc-67b4-4211-8532-35deec4a3148_Ghana_before_20181030T181758_digitised_other_features.shp,digitised_other_features,13,Wake,wake,before_20181030T181758_13,D:\Masters\Data_Creation\Patches\meria_global\before_20181030T181758\wake\before_20181030T181758_13_image.tif,D:\Masters\Data_Creation\Patches\meria_global\before_20181030T181758\wake\before_20181030T181758_13_mask.tif,256,256,-0.4088668016582718,5.217825471227785,1.7372345587584824e-05,False,ok,1095,-19.567052841186523,1.9426956176757812,-25.105716705322266,-13.07097053527832,-19.567970275878906,-22.021577835083008,-20.93313980102539,-18.361988067626953,-17.04176139831543,1095,-26.541555404663086,3.159632921218872,-36.689849853515625,-14.64289665222168,-26.671419143676758,-30.47148323059082,-28.633502960205078,-24.61132049560547,-22.440431594848633,1095,6.974503993988037,3.2888617515563965,-4.29156494140625,16.56001853942871,7.002046585083008,2.8266847133636475,4.801477432250977,9.129056930541992,11.04661750793457,1095,6.974503993988037,3.2888617515563965,-4.29156494140625,16.56001853942871,7.002046585083008,2.8266847133636475,4.801477432250977,9.129056930541992,11.04661750793457,1095,0.0,0.0,0.0,0.0,0.0,0.0,0.0,0.0,0.0,1095,0.0,0.0,0.0,0.0,0.0,0.0,0.0,0.0,0.0,1095,0.0,0.0,0.0,0.0,0.0,0.0,0.0,0.0,0.0,1095,0.0,0.0,0.0,0.0,0.0,0.0,0.0,0.0,0.0,1095,0.0,0.0,0.0,0.0,0.0,0.0,0.0,0.0,0.0,1095,0.0,0.0,0.0,0.0,0.0,0.0,0.0,0.0,0.0
meria_global,before_20181030T181758,,,,D:\Masters\Data_Creation\meria_global_s1_slc\processed_slc\91ea9edc-67b4-4211-8532-35deec4a3148_Ghana\before_20181030T181758\digitised_patches\91ea9edc-67b4-4211-8532-35deec4a3148_Ghana_before_20181030T181758_digitised_other_features.shp,digitised_other_features,15,calm_water,calm_water,before_20181030T181758_15,D:\Masters\Data_Creation\Patches\meria_global\before_20181030T181758\calm_water\before_20181030T181758_15_image.tif,D:\Masters\Data_Creation\Patches\meria_global\before_20181030T181758\calm_water\before_20181030T181758_15_mask.tif,256,256,-0.32909395139171294,5.245916368169307,0.003928115410623659,False,ok,65536,-21.045730590820312,1.196152687072754,-25.82889747619629,-15.645228385925293,-21.0635929107666,-22.5528564453125,-21.853252410888672,-20.270404815673828,-19.511066436767578,65536,-27.58859634399414,2.087031841278076,-38.05961990356445,-20.521053314208984,-27.55217742919922,-30.268936157226562,-28.976743698120117,-26.158723831176758,-24.934410095214844,65536,6.542862415313721,2.400007963180542,-3.6754932403564453,17.684144973754883,6.507955551147461,3.493307113647461,4.916813850402832,8.131204605102539,9.64382266998291,65536,6.542862415313721,2.400007963180542,-3.6754932403564453,17.684144973754883,6.507955551147461,3.493307113647461,4.916813850402832,8.131204605102539,9.64382266998291,65536,0.0,0.0,0.0,0.0,0.0,0.0,0.0,0.0,0.0,65536,0.0,0.0,0.0,0.0,0.0,0.0,0.0,0.0,0.0,65536,0.0,0.0,0.0,0.0,0.0,0.0,0.0,0.0,0.0,65536,0.0,0.0,0.0,0.0,0.0,0.0,0.0,0.0,0.0,65536,0.0,0.0,0.0,0.0,0.0,0.0,0.0,0.0,0.0,65536,0.0,0.0,0.0,0.0,0.0,0.0,0.0,0.0,0.0
meria_global,before_20181030T181758,,,,D:\Masters\Data_Creation\meria_global_s1_slc\processed_slc\91ea9edc-67b4-4211-8532-35deec4a3148_Ghana\before_20181030T181758\digitised_patches\91ea9edc-67b4-4211-8532-35deec4a3148_Ghana_before_20181030T181758_digitised_other_features.shp,digitised_other_features,16,Ship,ship,before_20181030T181758_16,D:\Masters\Data_Creation\Patches\meria_global\before_20181030T181758\ship\before_20181030T181758_16_image.tif,D:\Masters\Data_Creation\Patches\meria_global\before_20181030T181758\ship\before_20181030T181758_16_mask.tif,256,256,0.008268661540996813,5.585520544146207,3.7652553033267653e-06,False,ok,234,-13.431636810302734,8.681764602661133,-22.469966888427734,13.048614501953125,-16.644521713256836,-20.558589935302734,-19.355255126953125,-11.479543685913086,3.6524930000305176,234,-23.62512969970703,7.963857650756836,-32.111114501953125,3.1066157817840576,-26.591312408447266,-29.785783767700195,-28.796539306640625,-22.642946243286133,-10.480207443237305,234,10.193490982055664,2.8258602619171143,3.1715641021728516,23.33748435974121,9.961258888244629,6.862735271453857,8.564667701721191,11.527726173400879,13.518865585327148,234,10.193490982055664,2.8258602619171143,3.1715641021728516,23.33748435974121,9.961258888244629,6.862735271453857,8.564667701721191,11.527726173400879,13.518865585327148,234,0.0,0.0,0.0,0.0,0.0,0.0,0.0,0.0,0.0,234,0.0,0.0,0.0,0.0,0.0,0.0,0.0,0.0,0.0,234,0.0,0.0,0.0,0.0,0.0,0.0,0.0,0.0,0.0,234,0.0,0.0,0.0,0.0,0.0,0.0,0.0,0.0,0.0,234,0.0,0.0,0.0,0.0,0.0,0.0,0.0,0.0,0.0,234,0.0,0.0,0.0,0.0,0.0,0.0,0.0,0.0,0.0
meria_global,before_20181030T181758,,,,D:\Masters\Data_Creation\meria_global_s1_slc\processed_slc\91ea9edc-67b4-4211-8532-35deec4a3148_Ghana\before_20181030T181758\digitised_patches\91ea9edc-67b4-4211-8532-35deec4a3148_Ghana_before_20181030T181758_digitised_other_features.shp,digitised_other_features,17,Ship,ship,before_20181030T181758_17,D:\Masters\Data_Creation\Patches\meria_global\before_20181030T181758\ship\before_20181030T181758_17_image.tif,D:\Masters\Data_Creation\Patches\meria_global\before_20181030T181758\ship\before_20181030T181758_17_mask.tif,256,256,0.020055013522993655,5.610859746056111,3.34854720651522e-06,False,ok,205,-13.075820922851562,8.426995277404785,-21.72386932373047,16.192485809326172,-16.202960968017578,-19.757795333862305,-18.460962295532227,-11.600107192993164,0.8395066857337952,205,-25.73723793029785,4.7200927734375,-32.99249267578125,-8.532151222229004,-27.03277587890625,-29.680431365966797,-28.54130744934082,-24.864540100097656,-18.94686508178711,205,12.661419868469238,5.510944366455078,3.1228857040405273,36.725059509277344,11.890628814697266,7.033708572387695,8.598413467407227,14.96993637084961,19.08384895324707,205,12.661419868469238,5.510944366455078,3.1228857040405273,36.725059509277344,11.890628814697266,7.033708572387695,8.598413467407227,14.96993637084961,19.08384895324707,205,0.0,0.0,0.0,0.0,0.0,0.0,0.0,0.0,0.0,205,0.0,0.0,0.0,0.0,0.0,0.0,0.0,0.0,0.0,205,0.0,0.0,0.0,0.0,0.0,0.0,0.0,0.0,0.0,205,0.0,0.0,0.0,0.0,0.0,0.0,0.0,0.0,0.0,205,0.0,0.0,0.0,0.0,0.0,0.0,0.0,0.0,0.0,205,0.0,0.0,0.0,0.0,0.0,0.0,0.0,0.0,0.0
meria_global,before_20181030T181758,,,,D:\Masters\Data_Creation\meria_global_s1_slc\processed_slc\91ea9edc-67b4-4211-8532-35deec4a3148_Ghana\before_20181030T181758\digitised_patches\91ea9edc-67b4-4211-8532-35deec4a3148_Ghana_before_20181030T181758_digitised_other_features.shp,digitised_other_features,19,Ship,ship,before_20181030T181758_19,D:\Masters\Data_Creation\Patches\meria_global\before_20181030T181758\ship\before_20181030T181758_19_image.tif,D:\Masters\Data_Creation\Patches\meria_global\before_20181030T181758\ship\before_20181030T181758_19_mask.tif,256,256,0.05524524203171625,5.592086433970225,3.3125813291128923e-06,False,ok,210,-5.974323749542236,9.72085189819336,-22.055227279663086,14.477662086486816,-8.892614364624023,-16.439334869384766,-13.872289657592773,2.08921480178833,9.451421737670898,210,-14.588960647583008,10.248793601989746,-31.79568862915039,8.218378067016602,-17.347980499267578,-25.902856826782227,-22.999263763427734,-6.093564510345459,1.4489269256591797,210,8.614635467529297,3.8898608684539795,-5.340499401092529,17.75124168395996,8.826051712036133,3.994009017944336,6.785876274108887,10.860754013061523,13.264975547790527,210,8.614635467529297,3.8898608684539795,-5.340499401092529,17.75124168395996,8.826051712036133,3.994009017944336,6.785876274108887,10.860754013061523,13.264975547790527,210,0.0,0.0,0.0,0.0,0.0,0.0,0.0,0.0,0.0,210,0.0,0.0,0.0,0.0,0.0,0.0,0.0,0.0,0.0,210,0.0,0.0,0.0,0.0,0.0,0.0,0.0,0.0,0.0,210,0.0,0.0,0.0,0.0,0.0,0.0,0.0,0.0,0.0,210,0.0,0.0,0.0,0.0,0.0,0.0,0.0,0.0,0.0,210,0.0,0.0,0.0,0.0,0.0,0.0,0.0,0.0,0.0
meria_global,before_20181030T181758,,,,D:\Masters\Data_Creation\meria_global_s1_slc\processed_slc\91ea9edc-67b4-4211-8532-35deec4a3148_Ghana\before_20181030T181758\digitised_patches\91ea9edc-67b4-4211-8532-35deec4a3148_Ghana_before_20181030T181758_digitised_other_features.shp,digitised_other_features,20,Ship,ship,before_20181030T181758_20,D:\Masters\Data_Creation\Patches\meria_global\before_20181030T181758\ship\before_20181030T181758_20_image.tif,D:\Masters\Data_Creation\Patches\meria_global\before_20181030T181758\ship\before_20181030T181758_20_mask.tif,256,256,0.028159265634924192,5.618099852393498,4.492117417630647e-06,False,ok,283,-10.972067832946777,4.810222148895264,-18.538740158081055,0.13620473444461823,-11.976112365722656,-16.852046966552734,-15.380081176757812,-6.989903450012207,-4.448953151702881,283,-23.55759048461914,5.497840404510498,-34.64318084716797,1.5254755020141602,-24.56943702697754,-28.859729766845703,-26.854209899902344,-21.948421478271484,-17.70414161682129,283,12.585522651672363,4.053422451019287,-2.4822275638580322,19.626068115234375,13.387687683105469,7.080926418304443,10.19943904876709,15.508132934570312,17.059907913208008,283,12.585522651672363,4.053422451019287,-2.4822275638580322,19.626068115234375,13.387687683105469,7.080926418304443,10.19943904876709,15.508132934570312,17.059907913208008,283,0.0,0.0,0.0,0.0,0.0,0.0,0.0,0.0,0.0,283,0.0,0.0,0.0,0.0,0.0,0.0,0.0,0.0,0.0,283,0.0,0.0,0.0,0.0,0.0,0.0,0.0,0.0,0.0,283,0.0,0.0,0.0,0.0,0.0,0.0,0.0,0.0,0.0,283,0.0,0.0,0.0,0.0,0.0,0.0,0.0,0.0,0.0,283,0.0,0.0,0.0,0.0,0.0,0.0,0.0,0.0,0.0
meria_global,before_20181030T181758,,,,D:\Masters\Data_Creation\meria_global_s1_slc\processed_slc\91ea9edc-67b4-4211-8532-35deec4a3148_Ghana\before_20181030T181758\digitised_patches\91ea9edc-67b4-4211-8532-35deec4a3148_Ghana_before_20181030T181758_digitised_other_features.shp,digitised_other_features,23,calm_water,calm_water,before_20181030T181758_23,D:\Masters\Data_Creation\Patches\meria_global\before_20181030T181758\calm_water\before_20181030T181758_23_image.tif,D:\Masters\Data_Creation\Patches\meria_global\before_20181030T181758\calm_water\before_20181030T181758_23_mask.tif,256,256,0.18182931561645077,5.608778200647198,0.001971412933941264,False,ok,64942,-21.43393898010254,1.312060832977295,-28.489242553710938,-15.14370346069336,-21.46649742126465,-23.069286346435547,-22.308090209960938,-20.590145111083984,-19.75510597229004,64942,-30.142080307006836,2.3682172298431396,-42.643798828125,-21.359172821044922,-30.06174087524414,-33.194679260253906,-31.67122459411621,-28.525320053100586,-27.181432723999023,64942,8.70814037322998,2.7028493881225586,-1.5368270874023438,21.91686248779297,8.634359359741211,5.3198771476745605,6.874757289886475,10.464365005493164,12.197129249572754,64942,8.70814037322998,2.7028493881225586,-1.5368270874023438,21.91686248779297,8.634359359741211,5.3198771476745605,6.874757289886475,10.464365005493164,12.197129249572754,64942,0.0,0.0,0.0,0.0,0.0,0.0,0.0,0.0,0.0,64942,0.0,0.0,0.0,0.0,0.0,0.0,0.0,0.0,0.0,64942,0.0,0.0,0.0,0.0,0.0,0.0,0.0,0.0,0.0,64942,0.0,0.0,0.0,0.0,0.0,0.0,0.0,0.0,0.0,64942,0.0,0.0,0.0,0.0,0.0,0.0,0.0,0.0,0.0,64942,0.0,0.0,0.0,0.0,0.0,0.0,0.0,0.0,0.0
meria_global,before_20181030T181758,,,,D:\Masters\Data_Creation\meria_global_s1_slc\processed_slc\91ea9edc-67b4-4211-8532-35deec4a3148_Ghana\before_20181030T181758\digitised_patches\91ea9edc-67b4-4211-8532-35deec4a3148_Ghana_before_20181030T181758_digitised_other_features.shp,digitised_other_features,24,Slick,slick,before_20181030T181758_24,D:\Masters\Data_Creation\Patches\meria_global\before_20181030T181758\slick\before_20181030T181758_24_image.tif,D:\Masters\Data_Creation\Patches\meria_global\before_20181030T181758\slick\before_20181030T181758_24_mask.tif,256,256,-0.5471588048090081,5.064520147062651,0.0001934782307907255,False,ok,8063,-22.365882873535156,1.5652321577072144,-28.56483268737793,-15.64012622833252,-22.333961486816406,-24.365550994873047,-23.32489585876465,-21.327756881713867,-20.416183471679688,8063,-27.77145004272461,2.514700174331665,-38.32606506347656,-19.385181427001953,-27.71892738342285,-30.949913024902344,-29.425006866455078,-26.063255310058594,-24.562883377075195,8063,5.405570030212402,2.9538629055023193,-5.461109161376953,18.396800994873047,5.362552642822266,1.6297253370285034,3.401712417602539,7.399572372436523,9.20371150970459,8063,5.405570030212402,2.9538629055023193,-5.461109161376953,18.396800994873047,5.362552642822266,1.6297253370285034,3.401712417602539,7.399572372436523,9.20371150970459,8063,0.0,0.0,0.0,0.0,0.0,0.0,0.0,0.0,0.0,8063,0.0,0.0,0.0,0.0,0.0,0.0,0.0,0.0,0.0,8063,0.0,0.0,0.0,0.0,0.0,0.0,0.0,0.0,0.0,8063,0.0,0.0,0.0,0.0,0.0,0.0,0.0,0.0,0.0,8063,0.0,0.0,0.0,0.0,0.0,0.0,0.0,0.0,0.0,8063,0.0,0.0,0.0,0.0,0.0,0.0,0.0,0.0,0.0
meria_global,before_20181030T181758,,,,D:\Masters\Data_Creation\meria_global_s1_slc\processed_slc\91ea9edc-67b4-4211-8532-35deec4a3148_Ghana\before_20181030T181758\digitised_patches\91ea9edc-67b4-4211-8532-35deec4a3148_Ghana_before_20181030T181758_digitised_other_features.shp,digitised_other_features,25,Slick,slick,before_20181030T181758_25,D:\Masters\Data_Creation\Patches\meria_global\before_20181030T181758\slick\before_20181030T181758_25_image.tif,D:\Masters\Data_Creation\Patches\meria_global\before_20181030T181758\slick\before_20181030T181758_25_mask.tif,256,256,-0.5842017900832575,4.970139419115573,3.274796487795035e-05,False,ok,2057,-24.083086013793945,2.0947036743164062,-30.77529525756836,-17.62766456604004,-24.29071807861328,-26.585285186767578,-25.536096572875977,-22.666139602661133,-21.160402297973633,2057,-27.285865783691406,2.3841516971588135,-35.77690887451172,-20.40956687927246,-27.186378479003906,-30.38079261779785,-28.797178268432617,-25.64680290222168,-24.303966522216797,2057,3.202780246734619,3.1847307682037354,-8.237985610961914,14.469629287719727,3.0087013244628906,-0.7042728066444397,1.0003089904785156,5.320684432983398,7.466446399688721,2057,3.202780246734619,3.1847307682037354,-8.237985610961914,14.469629287719727,3.0087013244628906,-0.7042728066444397,1.0003089904785156,5.320684432983398,7.466446399688721,2057,0.0,0.0,0.0,0.0,0.0,0.0,0.0,0.0,0.0,2057,0.0,0.0,0.0,0.0,0.0,0.0,0.0,0.0,0.0,2057,0.0,0.0,0.0,0.0,0.0,0.0,0.0,0.0,0.0,2057,0.0,0.0,0.0,0.0,0.0,0.0,0.0,0.0,0.0,2057,0.0,0.0,0.0,0.0,0.0,0.0,0.0,0.0,0.0,2057,0.0,0.0,0.0,0.0,0.0,0.0,0.0,0.0,0.0
meria_global,before_20181030T181758,,,,D:\Masters\Data_Creation\meria_global_s1_slc\processed_slc\91ea9edc-67b4-4211-8532-35deec4a3148_Ghana\before_20181030T181758\digitised_patches\91ea9edc-67b4-4211-8532-35deec4a3148_Ghana_before_20181030T181758_digitised_other_features.shp,digitised_other_features,26,Ship,ship,before_20181030T181758_26,D:\Masters\Data_Creation\Patches\meria_global\before_20181030T181758\ship\before_20181030T181758_26_image.tif,D:\Masters\Data_Creation\Patches\meria_global\before_20181030T181758\ship\before_20181030T181758_26_mask.tif,256,256,0.12072755545191843,5.5105057732321185,4.7412948038932315e-06,False,ok,293,-17.423730850219727,6.6318678855896,-23.483654022216797,8.466663360595703,-19.89452362060547,-22.311208724975586,-21.35665512084961,-17.188602447509766,-5.78383207321167,293,-25.308650970458984,7.6642746925354,-34.963653564453125,0.3607192039489746,-28.13512420654297,-31.62447166442871,-29.959047317504883,-22.95621109008789,-13.720017433166504,293,7.884919166564941,3.282090425491333,-2.4284818172454834,15.3128662109375,8.151025772094727,3.6218490600585938,6.178692817687988,10.1054105758667,11.887746810913086,293,7.884919166564941,3.282090425491333,-2.4284818172454834,15.3128662109375,8.151025772094727,3.6218490600585938,6.178692817687988,10.1054105758667,11.887746810913086,293,0.0,0.0,0.0,0.0,0.0,0.0,0.0,0.0,0.0,293,0.0,0.0,0.0,0.0,0.0,0.0,0.0,0.0,0.0,293,0.0,0.0,0.0,0.0,0.0,0.0,0.0,0.0,0.0,293,0.0,0.0,0.0,0.0,0.0,0.0,0.0,0.0,0.0,293,0.0,0.0,0.0,0.0,0.0,0.0,0.0,0.0,0.0,293,0.0,0.0,0.0,0.0,0.0,0.0,0.0,0.0,0.0
meria_global,before_20181030T181758,,,,D:\Masters\Data_Creation\meria_global_s1_slc\processed_slc\91ea9edc-67b4-4211-8532-35deec4a3148_Ghana\before_20181030T181758\digitised_patches\91ea9edc-67b4-4211-8532-35deec4a3148_Ghana_before_20181030T181758_digitised_other_features.shp,digitised_other_features,27,calm_water,calm_water,before_20181030T181758_27,D:\Masters\Data_Creation\Patches\meria_global\before_20181030T181758\calm_water\before_20181030T181758_27_image.tif,D:\Masters\Data_Creation\Patches\meria_global\before_20181030T181758\calm_water\before_20181030T181758_27_mask.tif,256,256,0.32933636351434004,5.404626011706737,0.0016016936358564614,False,ok,61981,-22.707082748413086,1.282403826713562,-28.559980392456055,-15.340349197387695,-22.736419677734375,-24.308502197265625,-23.562681198120117,-21.879783630371094,-21.065448760986328,61981,-29.88052749633789,2.2872886657714844,-41.84705352783203,-21.332000732421875,-29.803951263427734,-32.810028076171875,-31.363319396972656,-28.306447982788086,-27.010093688964844,61981,7.173445224761963,2.61623215675354,-4.502050399780273,21.044889450073242,7.107330322265625,3.8881092071533203,5.3940582275390625,8.890390396118164,10.558155059814453,61981,7.173445224761963,2.61623215675354,-4.502050399780273,21.044889450073242,7.107330322265625,3.8881092071533203,5.3940582275390625,8.890390396118164,10.558155059814453,61981,0.0,0.0,0.0,0.0,0.0,0.0,0.0,0.0,0.0,61981,0.0,0.0,0.0,0.0,0.0,0.0,0.0,0.0,0.0,61981,0.0,0.0,0.0,0.0,0.0,0.0,0.0,0.0,0.0,61981,0.0,0.0,0.0,0.0,0.0,0.0,0.0,0.0,0.0,61981,0.0,0.0,0.0,0.0,0.0,0.0,0.0,0.0,0.0,61981,0.0,0.0,0.0,0.0,0.0,0.0,0.0,0.0,0.0
meria_global,before_20181030T181758,,,,D:\Masters\Data_Creation\meria_global_s1_slc\processed_slc\91ea9edc-67b4-4211-8532-35deec4a3148_Ghana\before_20181030T181758\digitised_patches\91ea9edc-67b4-4211-8532-35deec4a3148_Ghana_before_20181030T181758_digitised_other_features.shp,digitised_other_features,28,Ship,ship,before_20181030T181758_28,D:\Masters\Data_Creation\Patches\meria_global\before_20181030T181758\ship\before_20181030T181758_28_image.tif,D:\Masters\Data_Creation\Patches\meria_global\before_20181030T181758\ship\before_20181030T181758_28_mask.tif,256,256,0.13782230226314318,5.5726777767138,0.00020776011467942018,False,ok,13077,-20.257173538208008,3.106396198272705,-25.703943252563477,24.540376663208008,-20.730628967285156,-22.582477569580078,-21.70134735107422,-19.633716583251953,-18.27959632873535,13077,-29.66099739074707,3.139235734939575,-39.68222427368164,7.695094108581543,-29.89781379699707,-32.771461486816406,-31.428569793701172,-28.364656448364258,-26.77970314025879,13077,9.403826713562012,2.7462117671966553,-2.982053756713867,24.862667083740234,9.327421188354492,5.997707843780518,7.590087890625,11.141286849975586,12.846847534179688,13077,9.403826713562012,2.7462117671966553,-2.982053756713867,24.862667083740234,9.327421188354492,5.997707843780518,7.590087890625,11.141286849975586,12.846847534179688,13077,0.0,0.0,0.0,0.0,0.0,0.0,0.0,0.0,0.0,13077,0.0,0.0,0.0,0.0,0.0,0.0,0.0,0.0,0.0,13077,0.0,0.0,0.0,0.0,0.0,0.0,0.0,0.0,0.0,13077,0.0,0.0,0.0,0.0,0.0,0.0,0.0,0.0,0.0,13077,0.0,0.0,0.0,0.0,0.0,0.0,0.0,0.0,0.0,13077,0.0,0.0,0.0,0.0,0.0,0.0,0.0,0.0,0.0
meria_global,before_20181030T181758,,,,D:\Masters\Data_Creation\meria_global_s1_slc\processed_slc\91ea9edc-67b4-4211-8532-35deec4a3148_Ghana\before_20181030T181758\digitised_patches\91ea9edc-67b4-4211-8532-35deec4a3148_Ghana_before_20181030T181758_digitised_other_features.shp,digitised_other_features,29,Wake,wake,before_20181030T181758_29,D:\Masters\Data_Creation\Patches\meria_global\before_20181030T181758\wake\before_20181030T181758_29_image.tif,D:\Masters\Data_Creation\Patches\meria_global\before_20181030T181758\wake\before_20181030T181758_29_mask.tif,256,256,0.02361303518775429,5.596518038185025,2.190065557484516e-06,False,ok,137,-17.394384384155273,3.0138399600982666,-22.501585006713867,-9.08123779296875,-17.910554885864258,-20.919498443603516,-19.74077033996582,-15.547527313232422,-12.750142097473145,137,-28.199419021606445,2.049643039703369,-33.19245910644531,-23.269412994384766,-28.094669342041016,-30.79216766357422,-29.530641555786133,-26.852109909057617,-25.595272064208984,137,10.805031776428223,3.177070379257202,2.8633594512939453,21.76261329650879,10.749027252197266,6.985508918762207,8.407672882080078,12.906425476074219,15.003589630126953,137,10.805031776428223,3.177070379257202,2.8633594512939453,21.76261329650879,10.749027252197266,6.985508918762207,8.407672882080078,12.906425476074219,15.003589630126953,137,0.0,0.0,0.0,0.0,0.0,0.0,0.0,0.0,0.0,137,0.0,0.0,0.0,0.0,0.0,0.0,0.0,0.0,0.0,137,0.0,0.0,0.0,0.0,0.0,0.0,0.0,0.0,0.0,137,0.0,0.0,0.0,0.0,0.0,0.0,0.0,0.0,0.0,137,0.0,0.0,0.0,0.0,0.0,0.0,0.0,0.0,0.0,137,0.0,0.0,0.0,0.0,0.0,0.0,0.0,0.0,0.0
