obs_id,obs_date,area,region,pt_id,lat,lon,dms,notes,point_source
cabcd011-9d82-4124-9f9c-120bdc406cf3,2018-10-12,Palma de Mallorca,Spain,cabcd011-9d82-4124-9f9c-120bdc406cf3_P01,39.66174,3.46868,39.66174 N 3.46868 E,Patches visible along the whole Palma de Mallorca coast from 2018-10-11 onwards.,explicit
cabcd011-9d82-4124-9f9c-120bdc406cf3,2018-10-12,Palma de Mallorca,Spain,cabcd011-9d82-4124-9f9c-120bdc406cf3_P02,39.57672,3.42316,39.57672 N 3.42316 E,Patches visible along the whole Palma de Mallorca coast from 2018-10-11 onwards.,explicit
cabcd011-9d82-4124-9f9c-120bdc406cf3,2018-10-12,Palma de Mallorca,Spain,cabcd011-9d82-4124-9f9c-120bdc406cf3_P03,39.63309,3.54552,39.63309 N 3.54552 E,Patches visible along the whole Palma de Mallorca coast from 2018-10-11 onwards.,explicit
cabcd011-9d82-4124-9f9c-120bdc406cf3,2018-10-12,Palma de Mallorca,Spain,cabcd011-9d82-4124-9f9c-120bdc406cf3_P04,39.62612,3.37886,39.62612 N 3.37886 E,Patches visible along the whole Palma de Mallorca coast from 2018-10-11 onwards.,explicit
05e7c3bc-2eac-4c4b-ba8a-6bf8aa4c0789,2018-10-12,Palma de Mallorca,Spain,05e7c3bc-2eac-4c4b-ba8a-6bf8aa4c0789_P01,39.607,3.469,39.60700 N 3.46900 E,,synthetic_center_plus_100km_cardinals
05e7c3bc-2eac-4c4b-ba8a-6bf8aa4c0789,2018-10-12,Palma de Mallorca,Spain,05e7c3bc-2eac-4c4b-ba8a-6bf8aa4c0789_P02,40.50632,3.469,40.50632 N 3.46900 E,,synthetic_center_plus_100km_cardinals
05e7c3bc-2eac-4c4b-ba8a-6bf8aa4c0789,2018-10-12,Palma de Mallorca,Spain,05e7c3bc-2eac-4c4b-ba8a-6bf8aa4c0789_P03,38.70768,3.469,38.70768 N 3.46900 E,,synthetic_center_plus_100km_cardinals
05e7c3bc-2eac-4c4b-ba8a-6bf8aa4c0789,2018-10-12,Palma de Mallorca,Spain,05e7c3bc-2eac-4c4b-ba8a-6bf8aa4c0789_P04,39.60116,4.63622,39.60116 N 4.63622 E,,synthetic_center_plus_100km_cardinals
05e7c3bc-2eac-4c4b-ba8a-6bf8aa4c0789,2018-10-12,Palma de Mallorca,Spain,05e7c3bc-2eac-4c4b-ba8a-6bf8aa4c0789_P05,39.60116,2.30178,39.60116 N 2.30178 E,,synthetic_center_plus_100km_cardinals
9e17ce98-9eeb-40f6-989e-894dc2be72ea,2017-10-12,Bay Islands of Honduras,Honduras,9e17ce98-9eeb-40f6-989e-894dc2be72ea_P01,16.017,-86.692,16.01700 N 86.69200 W,Same debris visible again in the following year. Additional Planet debris examples were noted during 2018-10-10 to 2018-10-13 near 16.17511 N 86.64093 W; 16.26083 N 86.66296 W; 16.16267 N 86.39596 W; 16.08530 N 86.87297 W.,synthetic_center_plus_100km_cardinals
9e17ce98-9eeb-40f6-989e-894dc2be72ea,2017-10-12,Bay Islands of Honduras,Honduras,9e17ce98-9eeb-40f6-989e-894dc2be72ea_P02,16.91632,-86.692,16.91632 N 86.69200 W,Same debris visible again in the following year. Additional Planet debris examples were noted during 2018-10-10 to 2018-10-13 near 16.17511 N 86.64093 W; 16.26083 N 86.66296 W; 16.16267 N 86.39596 W; 16.08530 N 86.87297 W.,synthetic_center_plus_100km_cardinals
9e17ce98-9eeb-40f6-989e-894dc2be72ea,2017-10-12,Bay Islands of Honduras,Honduras,9e17ce98-9eeb-40f6-989e-894dc2be72ea_P03,15.11768,-86.692,15.11768 N 86.69200 W,Same debris visible again in the following year. Additional Planet debris examples were noted during 2018-10-10 to 2018-10-13 near 16.17511 N 86.64093 W; 16.26083 N 86.66296 W; 16.16267 N 86.39596 W; 16.08530 N 86.87297 W.,synthetic_center_plus_100km_cardinals
9e17ce98-9eeb-40f6-989e-894dc2be72ea,2017-10-12,Bay Islands of Honduras,Honduras,9e17ce98-9eeb-40f6-989e-894dc2be72ea_P04,16.01497,-85.75636,16.01497 N 85.75636 W,Same debris visible again in the following year. Additional Planet debris examples were noted during 2018-10-10 to 2018-10-13 near 16.17511 N 86.64093 W; 16.26083 N 86.66296 W; 16.16267 N 86.39596 W; 16.08530 N 86.87297 W.,synthetic_center_plus_100km_cardinals
9e17ce98-9eeb-40f6-989e-894dc2be72ea,2017-10-12,Bay Islands of Honduras,Honduras,9e17ce98-9eeb-40f6-989e-894dc2be72ea_P05,16.01497,-87.62764,16.01497 N 87.62764 W,Same debris visible again in the following year. Additional Planet debris examples were noted during 2018-10-10 to 2018-10-13 near 16.17511 N 86.64093 W; 16.26083 N 86.66296 W; 16.16267 N 86.39596 W; 16.08530 N 86.87297 W.,synthetic_center_plus_100km_cardinals
33a32832-fc41-4fdd-8c91-a41844fc1709,2017-10-17,Bay Islands of Honduras,Honduras,33a32832-fc41-4fdd-8c91-a41844fc1709_P01,16.025,-86.392,16.02500 N 86.39200 W,"Found something at 15.95362 N 86.77741 W in a 2017-10-15 Planet image, and also at 16 deg 20 min 13 sec N 88 deg 26 min 19 sec W. Both were difficult to see in the SAR image.",synthetic_center_plus_100km_cardinals
33a32832-fc41-4fdd-8c91-a41844fc1709,2017-10-17,Bay Islands of Honduras,Honduras,33a32832-fc41-4fdd-8c91-a41844fc1709_P02,16.92432,-86.392,16.92432 N 86.39200 W,"Found something at 15.95362 N 86.77741 W in a 2017-10-15 Planet image, and also at 16 deg 20 min 13 sec N 88 deg 26 min 19 sec W. Both were difficult to see in the SAR image.",synthetic_center_plus_100km_cardinals
33a32832-fc41-4fdd-8c91-a41844fc1709,2017-10-17,Bay Islands of Honduras,Honduras,33a32832-fc41-4fdd-8c91-a41844fc1709_P03,15.12568,-86.392,15.12568 N 86.39200 W,"Found something at 15.95362 N 86.77741 W in a 2017-10-15 Planet image, and also at 16 deg 20 min 13 sec N 88 deg 26 min 19 sec W. Both were difficult to see in the SAR image.",synthetic_center_plus_100km_cardinals
33a32832-fc41-4fdd-8c91-a41844fc1709,2017-10-17,Bay Islands of Honduras,Honduras,33a32832-fc41-4fdd-8c91-a41844fc1709_P04,16.02297,-85.45633,16.02297 N 85.45633 W,"Found something at 15.95362 N 86.77741 W in a 2017-10-15 Planet image, and also at 16 deg 20 min 13 sec N 88 deg 26 min 19 sec W. Both were difficult to see in the SAR image.",synthetic_center_plus_100km_cardinals
33a32832-fc41-4fdd-8c91-a41844fc1709,2017-10-17,Bay Islands of Honduras,Honduras,33a32832-fc41-4fdd-8c91-a41844fc1709_P05,16.02297,-87.32767,16.02297 N 87.32767 W,"Found something at 15.95362 N 86.77741 W in a 2017-10-15 Planet image, and also at 16 deg 20 min 13 sec N 88 deg 26 min 19 sec W. Both were difficult to see in the SAR image.",synthetic_center_plus_100km_cardinals
57bbff03-21eb-54de-9d18-d8a65b256bd5,2018-10-20,Ghana,Ghana,57bbff03-21eb-54de-9d18-d8a65b256bd5_P01,5.5111,-0.15962,5.51110 N 0.15962 W,Accra drift points supplied manually from Planet imagery (3 points). Planet image time supplied as 10:00 UTC.,ghana_drift_points
57bbff03-21eb-54de-9d18-d8a65b256bd5,2018-10-20,Ghana,Ghana,57bbff03-21eb-54de-9d18-d8a65b256bd5_P02,5.49559,-0.20271,5.49559 N 0.20271 W,Accra drift points supplied manually from Planet imagery (3 points). Planet image time supplied as 10:00 UTC.,ghana_drift_points
57bbff03-21eb-54de-9d18-d8a65b256bd5,2018-10-20,Ghana,Ghana,57bbff03-21eb-54de-9d18-d8a65b256bd5_P03,5.54051,-0.09004,5.54051 N 0.09004 W,Accra drift points supplied manually from Planet imagery (3 points). Planet image time supplied as 10:00 UTC.,ghana_drift_points
cd77705c-782d-5b99-935f-405bfd905cbf,2018-10-26,Ghana,Ghana,cd77705c-782d-5b99-935f-405bfd905cbf_P01,5.85937,1.04685,5.85937 N 1.04685 E,Accra drift points supplied manually from Planet imagery (15 points). Planet image time assumed as 10:00 UTC from the supplied Accra date list.,ghana_drift_points
cd77705c-782d-5b99-935f-405bfd905cbf,2018-10-26,Ghana,Ghana,cd77705c-782d-5b99-935f-405bfd905cbf_P02,5.87677,1.06085,5.87677 N 1.06085 E,Accra drift points supplied manually from Planet imagery (15 points). Planet image time assumed as 10:00 UTC from the supplied Accra date list.,ghana_drift_points
cd77705c-782d-5b99-935f-405bfd905cbf,2018-10-26,Ghana,Ghana,cd77705c-782d-5b99-935f-405bfd905cbf_P03,5.87614,1.06552,5.87614 N 1.06552 E,Accra drift points supplied manually from Planet imagery (15 points). Planet image time assumed as 10:00 UTC from the supplied Accra date list.,ghana_drift_points
cd77705c-782d-5b99-935f-405bfd905cbf,2018-10-26,Ghana,Ghana,cd77705c-782d-5b99-935f-405bfd905cbf_P04,5.90579,1.08869,5.90579 N 1.08869 E,Accra drift points supplied manually from Planet imagery (15 points). Planet image time assumed as 10:00 UTC from the supplied Accra date list.,ghana_drift_points
cd77705c-782d-5b99-935f-405bfd905cbf,2018-10-26,Ghana,Ghana,cd77705c-782d-5b99-935f-405bfd905cbf_P05,5.94711,1.12559,5.94711 N 1.12559 E,Accra drift points supplied manually from Planet imagery (15 points). Planet image time assumed as 10:00 UTC from the supplied Accra date list.,ghana_drift_points
cd77705c-782d-5b99-935f-405bfd905cbf,2018-10-26,Ghana,Ghana,cd77705c-782d-5b99-935f-405bfd905cbf_P06,5.779,1.20574,5.77900 N 1.20574 E,Accra drift points supplied manually from Planet imagery (15 points). Planet image time assumed as 10:00 UTC from the supplied Accra date list.,ghana_drift_points
cd77705c-782d-5b99-935f-405bfd905cbf,2018-10-26,Ghana,Ghana,cd77705c-782d-5b99-935f-405bfd905cbf_P07,5.81656,1.22435,5.81656 N 1.22435 E,Accra drift points supplied manually from Planet imagery (15 points). Planet image time assumed as 10:00 UTC from the supplied Accra date list.,ghana_drift_points
cd77705c-782d-5b99-935f-405bfd905cbf,2018-10-26,Ghana,Ghana,cd77705c-782d-5b99-935f-405bfd905cbf_P08,5.86151,1.23477,5.86151 N 1.23477 E,Accra drift points supplied manually from Planet imagery (15 points). Planet image time assumed as 10:00 UTC from the supplied Accra date list.,ghana_drift_points
cd77705c-782d-5b99-935f-405bfd905cbf,2018-10-26,Ghana,Ghana,cd77705c-782d-5b99-935f-405bfd905cbf_P09,5.88413,1.21947,5.88413 N 1.21947 E,Accra drift points supplied manually from Planet imagery (15 points). Planet image time assumed as 10:00 UTC from the supplied Accra date list.,ghana_drift_points
cd77705c-782d-5b99-935f-405bfd905cbf,2018-10-26,Ghana,Ghana,cd77705c-782d-5b99-935f-405bfd905cbf_P10,5.90409,1.2161,5.90409 N 1.21610 E,Accra drift points supplied manually from Planet imagery (15 points). Planet image time assumed as 10:00 UTC from the supplied Accra date list.,ghana_drift_points
cd77705c-782d-5b99-935f-405bfd905cbf,2018-10-26,Ghana,Ghana,cd77705c-782d-5b99-935f-405bfd905cbf_P11,5.64817,0.71869,5.64817 N 0.71869 E,Accra drift points supplied manually from Planet imagery (15 points). Planet image time assumed as 10:00 UTC from the supplied Accra date list.,ghana_drift_points
cd77705c-782d-5b99-935f-405bfd905cbf,2018-10-26,Ghana,Ghana,cd77705c-782d-5b99-935f-405bfd905cbf_P12,5.61499,0.74869,5.61499 N 0.74869 E,Accra drift points supplied manually from Planet imagery (15 points). Planet image time assumed as 10:00 UTC from the supplied Accra date list.,ghana_drift_points
cd77705c-782d-5b99-935f-405bfd905cbf,2018-10-26,Ghana,Ghana,cd77705c-782d-5b99-935f-405bfd905cbf_P13,5.69881,0.40206,5.69881 N 0.40206 E,Accra drift points supplied manually from Planet imagery (15 points). Planet image time assumed as 10:00 UTC from the supplied Accra date list.,ghana_drift_points
cd77705c-782d-5b99-935f-405bfd905cbf,2018-10-26,Ghana,Ghana,cd77705c-782d-5b99-935f-405bfd905cbf_P14,5.65733,0.45817,5.65733 N 0.45817 E,Accra drift points supplied manually from Planet imagery (15 points). Planet image time assumed as 10:00 UTC from the supplied Accra date list.,ghana_drift_points
cd77705c-782d-5b99-935f-405bfd905cbf,2018-10-26,Ghana,Ghana,cd77705c-782d-5b99-935f-405bfd905cbf_P15,5.66879,0.3339,5.66879 N 0.33390 E,Accra drift points supplied manually from Planet imagery (15 points). Planet image time assumed as 10:00 UTC from the supplied Accra date list.,ghana_drift_points
d918b4e9-16ac-5c30-830f-6945943e1d9e,2018-10-27,Ghana,Ghana,d918b4e9-16ac-5c30-830f-6945943e1d9e_P01,5.13441,-0.82961,5.13441 N 0.82961 W,Accra drift points supplied manually from Planet imagery (6 points). Planet image time assumed as 10:00 UTC from the supplied Accra date list.,ghana_drift_points
d918b4e9-16ac-5c30-830f-6945943e1d9e,2018-10-27,Ghana,Ghana,d918b4e9-16ac-5c30-830f-6945943e1d9e_P02,5.11975,-0.85337,5.11975 N 0.85337 W,Accra drift points supplied manually from Planet imagery (6 points). Planet image time assumed as 10:00 UTC from the supplied Accra date list.,ghana_drift_points
d918b4e9-16ac-5c30-830f-6945943e1d9e,2018-10-27,Ghana,Ghana,d918b4e9-16ac-5c30-830f-6945943e1d9e_P03,5.18168,-0.7255,5.18168 N 0.72550 W,Accra drift points supplied manually from Planet imagery (6 points). Planet image time assumed as 10:00 UTC from the supplied Accra date list.,ghana_drift_points
d918b4e9-16ac-5c30-830f-6945943e1d9e,2018-10-27,Ghana,Ghana,d918b4e9-16ac-5c30-830f-6945943e1d9e_P04,5.34134,-0.52115,5.34134 N 0.52115 W,Accra drift points supplied manually from Planet imagery (6 points). Planet image time assumed as 10:00 UTC from the supplied Accra date list.,ghana_drift_points
d918b4e9-16ac-5c30-830f-6945943e1d9e,2018-10-27,Ghana,Ghana,d918b4e9-16ac-5c30-830f-6945943e1d9e_P05,5.34522,-0.50333,5.34522 N 0.50333 W,Accra drift points supplied manually from Planet imagery (6 points). Planet image time assumed as 10:00 UTC from the supplied Accra date list.,ghana_drift_points
d918b4e9-16ac-5c30-830f-6945943e1d9e,2018-10-27,Ghana,Ghana,d918b4e9-16ac-5c30-830f-6945943e1d9e_P06,5.32668,-0.52276,5.32668 N 0.52276 W,Accra drift points supplied manually from Planet imagery (6 points). Planet image time assumed as 10:00 UTC from the supplied Accra date list.,ghana_drift_points
d9db6dd4-4db8-5723-96ba-57d182cda0b7_A,2018-10-28,Ghana,Ghana,d9db6dd4-4db8-5723-96ba-57d182cda0b7_A_P01,5.49065,-0.13211,5.49065 N 0.13211 W,"Accra drift points supplied manually from Planet imagery (14 points). Planet image time assumed as 10:00 UTC from the supplied Accra date list. Split from d9db6dd4-4db8-5723-96ba-57d182cda0b7 because no single Sentinel-1 scene covered every point. This subset uses P01, P02, P03, P04, P05, P06, P07.",ghana_drift_points_split
d9db6dd4-4db8-5723-96ba-57d182cda0b7_A,2018-10-28,Ghana,Ghana,d9db6dd4-4db8-5723-96ba-57d182cda0b7_A_P02,5.46052,-0.16399,5.46052 N 0.16399 W,"Accra drift points supplied manually from Planet imagery (14 points). Planet image time assumed as 10:00 UTC from the supplied Accra date list. Split from d9db6dd4-4db8-5723-96ba-57d182cda0b7 because no single Sentinel-1 scene covered every point. This subset uses P01, P02, P03, P04, P05, P06, P07.",ghana_drift_points_split
d9db6dd4-4db8-5723-96ba-57d182cda0b7_A,2018-10-28,Ghana,Ghana,d9db6dd4-4db8-5723-96ba-57d182cda0b7_A_P03,5.43945,-0.1905,5.43945 N 0.19050 W,"Accra drift points supplied manually from Planet imagery (14 points). Planet image time assumed as 10:00 UTC from the supplied Accra date list. Split from d9db6dd4-4db8-5723-96ba-57d182cda0b7 because no single Sentinel-1 scene covered every point. This subset uses P01, P02, P03, P04, P05, P06, P07.",ghana_drift_points_split
d9db6dd4-4db8-5723-96ba-57d182cda0b7_A,2018-10-28,Ghana,Ghana,d9db6dd4-4db8-5723-96ba-57d182cda0b7_A_P04,5.63366,0.14447,5.63366 N 0.14447 E,"Accra drift points supplied manually from Planet imagery (14 points). Planet image time assumed as 10:00 UTC from the supplied Accra date list. Split from d9db6dd4-4db8-5723-96ba-57d182cda0b7 because no single Sentinel-1 scene covered every point. This subset uses P01, P02, P03, P04, P05, P06, P07.",ghana_drift_points_split
d9db6dd4-4db8-5723-96ba-57d182cda0b7_A,2018-10-28,Ghana,Ghana,d9db6dd4-4db8-5723-96ba-57d182cda0b7_A_P05,5.3859,0.13718,5.38590 N 0.13718 E,"Accra drift points supplied manually from Planet imagery (14 points). Planet image time assumed as 10:00 UTC from the supplied Accra date list. Split from d9db6dd4-4db8-5723-96ba-57d182cda0b7 because no single Sentinel-1 scene covered every point. This subset uses P01, P02, P03, P04, P05, P06, P07.",ghana_drift_points_split
d9db6dd4-4db8-5723-96ba-57d182cda0b7_A,2018-10-28,Ghana,Ghana,d9db6dd4-4db8-5723-96ba-57d182cda0b7_A_P06,5.29885,-0.54256,5.29885 N 0.54256 W,"Accra drift points supplied manually from Planet imagery (14 points). Planet image time assumed as 10:00 UTC from the supplied Accra date list. Split from d9db6dd4-4db8-5723-96ba-57d182cda0b7 because no single Sentinel-1 scene covered every point. This subset uses P01, P02, P03, P04, P05, P06, P07.",ghana_drift_points_split
d9db6dd4-4db8-5723-96ba-57d182cda0b7_A,2018-10-28,Ghana,Ghana,d9db6dd4-4db8-5723-96ba-57d182cda0b7_A_P07,5.14321,-0.90926,5.14321 N 0.90926 W,"Accra drift points supplied manually from Planet imagery (14 points). Planet image time assumed as 10:00 UTC from the supplied Accra date list. Split from d9db6dd4-4db8-5723-96ba-57d182cda0b7 because no single Sentinel-1 scene covered every point. This subset uses P01, P02, P03, P04, P05, P06, P07.",ghana_drift_points_split
d9db6dd4-4db8-5723-96ba-57d182cda0b7_B,2018-10-28,Ghana,Ghana,d9db6dd4-4db8-5723-96ba-57d182cda0b7_B_P08,5.68527,0.82501,5.68527 N 0.82501 E,"Accra drift points supplied manually from Planet imagery (14 points). Planet image time assumed as 10:00 UTC from the supplied Accra date list. Split from d9db6dd4-4db8-5723-96ba-57d182cda0b7 because no single Sentinel-1 scene covered every point. This subset uses P08, P09, P10, P11, P12, P13, P14.",ghana_drift_points_split
d9db6dd4-4db8-5723-96ba-57d182cda0b7_B,2018-10-28,Ghana,Ghana,d9db6dd4-4db8-5723-96ba-57d182cda0b7_B_P09,5.68972,0.84982,5.68972 N 0.84982 E,"Accra drift points supplied manually from Planet imagery (14 points). Planet image time assumed as 10:00 UTC from the supplied Accra date list. Split from d9db6dd4-4db8-5723-96ba-57d182cda0b7 because no single Sentinel-1 scene covered every point. This subset uses P08, P09, P10, P11, P12, P13, P14.",ghana_drift_points_split
d9db6dd4-4db8-5723-96ba-57d182cda0b7_B,2018-10-28,Ghana,Ghana,d9db6dd4-4db8-5723-96ba-57d182cda0b7_B_P10,5.57777,0.74694,5.57777 N 0.74694 E,"Accra drift points supplied manually from Planet imagery (14 points). Planet image time assumed as 10:00 UTC from the supplied Accra date list. Split from d9db6dd4-4db8-5723-96ba-57d182cda0b7 because no single Sentinel-1 scene covered every point. This subset uses P08, P09, P10, P11, P12, P13, P14.",ghana_drift_points_split
d9db6dd4-4db8-5723-96ba-57d182cda0b7_B,2018-10-28,Ghana,Ghana,d9db6dd4-4db8-5723-96ba-57d182cda0b7_B_P11,5.53214,0.8104,5.53214 N 0.81040 E,"Accra drift points supplied manually from Planet imagery (14 points). Planet image time assumed as 10:00 UTC from the supplied Accra date list. Split from d9db6dd4-4db8-5723-96ba-57d182cda0b7 because no single Sentinel-1 scene covered every point. This subset uses P08, P09, P10, P11, P12, P13, P14.",ghana_drift_points_split
d9db6dd4-4db8-5723-96ba-57d182cda0b7_B,2018-10-28,Ghana,Ghana,d9db6dd4-4db8-5723-96ba-57d182cda0b7_B_P12,5.77493,0.99191,5.77493 N 0.99191 E,"Accra drift points supplied manually from Planet imagery (14 points). Planet image time assumed as 10:00 UTC from the supplied Accra date list. Split from d9db6dd4-4db8-5723-96ba-57d182cda0b7 because no single Sentinel-1 scene covered every point. This subset uses P08, P09, P10, P11, P12, P13, P14.",ghana_drift_points_split
d9db6dd4-4db8-5723-96ba-57d182cda0b7_B,2018-10-28,Ghana,Ghana,d9db6dd4-4db8-5723-96ba-57d182cda0b7_B_P13,5.84613,1.04096,5.84613 N 1.04096 E,"Accra drift points supplied manually from Planet imagery (14 points). Planet image time assumed as 10:00 UTC from the supplied Accra date list. Split from d9db6dd4-4db8-5723-96ba-57d182cda0b7 because no single Sentinel-1 scene covered every point. This subset uses P08, P09, P10, P11, P12, P13, P14.",ghana_drift_points_split
d9db6dd4-4db8-5723-96ba-57d182cda0b7_B,2018-10-28,Ghana,Ghana,d9db6dd4-4db8-5723-96ba-57d182cda0b7_B_P14,5.88072,1.08092,5.88072 N 1.08092 E,"Accra drift points supplied manually from Planet imagery (14 points). Planet image time assumed as 10:00 UTC from the supplied Accra date list. Split from d9db6dd4-4db8-5723-96ba-57d182cda0b7 because no single Sentinel-1 scene covered every point. This subset uses P08, P09, P10, P11, P12, P13, P14.",ghana_drift_points_split
91ea9edc-67b4-4211-8532-35deec4a3148,2018-10-31,Ghana,Ghana,91ea9edc-67b4-4211-8532-35deec4a3148_P01,5.30627,-0.64504,5.30627 N 0.64504 W,Accra drift points supplied manually from Planet imagery (12 points). Planet image time supplied as 10:00 UTC.,ghana_drift_points
91ea9edc-67b4-4211-8532-35deec4a3148,2018-10-31,Ghana,Ghana,91ea9edc-67b4-4211-8532-35deec4a3148_P02,5.30247,-0.6547,5.30247 N 0.65470 W,Accra drift points supplied manually from Planet imagery (12 points). Planet image time supplied as 10:00 UTC.,ghana_drift_points
91ea9edc-67b4-4211-8532-35deec4a3148,2018-10-31,Ghana,Ghana,91ea9edc-67b4-4211-8532-35deec4a3148_P03,5.26347,-0.70762,5.26347 N 0.70762 W,Accra drift points supplied manually from Planet imagery (12 points). Planet image time supplied as 10:00 UTC.,ghana_drift_points
91ea9edc-67b4-4211-8532-35deec4a3148,2018-10-31,Ghana,Ghana,91ea9edc-67b4-4211-8532-35deec4a3148_P04,5.23042,-0.74374,5.23042 N 0.74374 W,Accra drift points supplied manually from Planet imagery (12 points). Planet image time supplied as 10:00 UTC.,ghana_drift_points
91ea9edc-67b4-4211-8532-35deec4a3148,2018-10-31,Ghana,Ghana,91ea9edc-67b4-4211-8532-35deec4a3148_P05,5.20117,-0.75417,5.20117 N 0.75417 W,Accra drift points supplied manually from Planet imagery (12 points). Planet image time supplied as 10:00 UTC.,ghana_drift_points
91ea9edc-67b4-4211-8532-35deec4a3148,2018-10-31,Ghana,Ghana,91ea9edc-67b4-4211-8532-35deec4a3148_P06,5.16331,-0.76218,5.16331 N 0.76218 W,Accra drift points supplied manually from Planet imagery (12 points). Planet image time supplied as 10:00 UTC.,ghana_drift_points
91ea9edc-67b4-4211-8532-35deec4a3148,2018-10-31,Ghana,Ghana,91ea9edc-67b4-4211-8532-35deec4a3148_P07,5.49664,-0.29278,5.49664 N 0.29278 W,Accra drift points supplied manually from Planet imagery (12 points). Planet image time supplied as 10:00 UTC.,ghana_drift_points
91ea9edc-67b4-4211-8532-35deec4a3148,2018-10-31,Ghana,Ghana,91ea9edc-67b4-4211-8532-35deec4a3148_P08,5.49416,-0.32892,5.49416 N 0.32892 W,Accra drift points supplied manually from Planet imagery (12 points). Planet image time supplied as 10:00 UTC.,ghana_drift_points
91ea9edc-67b4-4211-8532-35deec4a3148,2018-10-31,Ghana,Ghana,91ea9edc-67b4-4211-8532-35deec4a3148_P09,5.46179,-0.35519,5.46179 N 0.35519 W,Accra drift points supplied manually from Planet imagery (12 points). Planet image time supplied as 10:00 UTC.,ghana_drift_points
91ea9edc-67b4-4211-8532-35deec4a3148,2018-10-31,Ghana,Ghana,91ea9edc-67b4-4211-8532-35deec4a3148_P10,5.39865,-0.4578,5.39865 N 0.45780 W,Accra drift points supplied manually from Planet imagery (12 points). Planet image time supplied as 10:00 UTC.,ghana_drift_points
91ea9edc-67b4-4211-8532-35deec4a3148,2018-10-31,Ghana,Ghana,91ea9edc-67b4-4211-8532-35deec4a3148_P11,5.35748,-0.51469,5.35748 N 0.51469 W,Accra drift points supplied manually from Planet imagery (12 points). Planet image time supplied as 10:00 UTC.,ghana_drift_points
91ea9edc-67b4-4211-8532-35deec4a3148,2018-10-31,Ghana,Ghana,91ea9edc-67b4-4211-8532-35deec4a3148_P12,5.68871,0.13781,5.68871 N 0.13781 E,Accra drift points supplied manually from Planet imagery (12 points). Planet image time supplied as 10:00 UTC.,ghana_drift_points
