tile,source_date,sar_dir,scene_id,acquired_utc,centroid_lon,centroid_lat,bbox_wgs84,raster_file_count,pols,files,planet_quick_search_curl
16PCC,2016-09-04,SAR_+7.9h,S1_16PCC_20160905T000626,2016-09-05T00:06:26Z,-89.106189,16.089787,"-90.426170, 15.117753, -87.799335, 17.060361",1,VV,S1_16PCC_20160905T000626_vv.tif,"curl -u ""$PL_API_KEY:"" -X POST ""https://api.planet.com/data/v1/quick-search"" -H ""Content-Type: application/json"" -d '{""item_types"":[""PSScene""],""filter"":{""type"":""AndFilter"",""config"":[{""type"":""GeometryFilter"",""field_name"":""geometry"",""config"":{""type"":""Polygon"",""coordinates"":[[[-90.39348392825,15.117752790753],[-90.426170264498,17.033059243095],[-87.807051560828,17.060361485619],[-87.799335015143,15.141833568245],[-90.39348392825,15.117752790753]]]}},{""type"":""DateRangeFilter"",""field_name"":""acquired"",""config"":{""gte"":""2016-09-04T12:06:26Z"",""lte"":""2016-09-05T12:06:26Z""}}]},""sort"":[{""field_name"":""acquired"",""direction"":""asc""}],""limit"":250}'"
16PCC,2017-08-30,SAR_+8.0h,S1_16PCC_20170831T000607,2017-08-31T00:06:07Z,-88.770076,14.603059,"-90.092840, 13.622687, -87.459331, 15.581969",2,"VH,VV",S1_16PCC_20170831T000607_vh.tif; S1_16PCC_20170831T000607_vv.tif,"curl -u ""$PL_API_KEY:"" -X POST ""https://api.planet.com/data/v1/quick-search"" -H ""Content-Type: application/json"" -d '{""item_types"":[""PSScene""],""filter"":{""type"":""AndFilter"",""config"":[{""type"":""GeometryFilter"",""field_name"":""geometry"",""config"":{""type"":""Polygon"",""coordinates"":[[[-90.092840218584,15.560725359455],[-87.463380126778,15.581969248257],[-87.459331139201,13.641178707051],[-90.065865788259,13.622686636656],[-90.092840218584,15.560725359455]]]}},{""type"":""DateRangeFilter"",""field_name"":""acquired"",""config"":{""gte"":""2017-08-30T12:06:07Z"",""lte"":""2017-08-31T12:06:07Z""}}]},""sort"":[{""field_name"":""acquired"",""direction"":""asc""}],""limit"":250}'"
16PCC,2017-08-30,SAR_+8.0h,S1_16PCC_20170831T000632,2017-08-31T00:06:32Z,-89.090819,16.114352,"-90.431475, 15.138169, -87.763577, 17.089064",2,"VH,VV",S1_16PCC_20170831T000632_vh.tif; S1_16PCC_20170831T000632_vv.tif,"curl -u ""$PL_API_KEY:"" -X POST ""https://api.planet.com/data/v1/quick-search"" -H ""Content-Type: application/json"" -d '{""item_types"":[""PSScene""],""filter"":{""type"":""AndFilter"",""config"":[{""type"":""GeometryFilter"",""field_name"":""geometry"",""config"":{""type"":""Polygon"",""coordinates"":[[[-90.431474782926,17.061491829178],[-87.770991211929,17.08906424053],[-87.763576760827,15.162479049018],[-90.398548855973,15.138168613809],[-90.431474782926,17.061491829178]]]}},{""type"":""DateRangeFilter"",""field_name"":""acquired"",""config"":{""gte"":""2017-08-30T12:06:32Z"",""lte"":""2017-08-31T12:06:32Z""}}]},""sort"":[{""field_name"":""acquired"",""direction"":""asc""}],""limit"":250}'"
16PCC,2018-02-21,SAR_+7.7h,S1_16PCC_20180221T235803,2018-02-21T23:58:03Z,-86.875238,15.340922,"-88.212030, 14.363875, -85.537250, 16.315052",2,"VH,VV",S1_16PCC_20180221T235803_vh.tif; S1_16PCC_20180221T235803_vv.tif,"curl -u ""$PL_API_KEY:"" -X POST ""https://api.planet.com/data/v1/quick-search"" -H ""Content-Type: application/json"" -d '{""item_types"":[""PSScene""],""filter"":{""type"":""AndFilter"",""config"":[{""type"":""GeometryFilter"",""field_name"":""geometry"",""config"":{""type"":""Polygon"",""coordinates"":[[[-88.212029696424,16.315052489995],[-85.537249884495,16.313464654347],[-85.550758855479,14.363874546764],[-88.200834706056,14.365264188192],[-88.212029696424,16.315052489995]]]}},{""type"":""DateRangeFilter"",""field_name"":""acquired"",""config"":{""gte"":""2018-02-21T11:58:03Z"",""lte"":""2018-02-22T11:58:03Z""}}]},""sort"":[{""field_name"":""acquired"",""direction"":""asc""}],""limit"":250}'"
16PCC,2018-02-26,SAR_+7.9h,S1_16PCC_20180227T000604,2018-02-27T00:06:04Z,-88.770166,14.602786,"-90.093022, 13.622413, -87.459331, 15.581698",2,"VH,VV",S1_16PCC_20180227T000604_vh.tif; S1_16PCC_20180227T000604_vv.tif,"curl -u ""$PL_API_KEY:"" -X POST ""https://api.planet.com/data/v1/quick-search"" -H ""Content-Type: application/json"" -d '{""item_types"":[""PSScene""],""filter"":{""type"":""AndFilter"",""config"":[{""type"":""GeometryFilter"",""field_name"":""geometry"",""config"":{""type"":""Polygon"",""coordinates"":[[[-90.093022423967,15.560451916383],[-87.463379518895,15.581698034397],[-87.459330614777,13.640907447986],[-90.066046931292,13.622413480883],[-90.093022423967,15.560451916383]]]}},{""type"":""DateRangeFilter"",""field_name"":""acquired"",""config"":{""gte"":""2018-02-26T12:06:04Z"",""lte"":""2018-02-27T12:06:04Z""}}]},""sort"":[{""field_name"":""acquired"",""direction"":""asc""}],""limit"":250}'"
16PCC,2018-02-26,SAR_+7.9h,S1_16PCC_20180227T000629,2018-02-27T00:06:29Z,-89.091096,16.114077,"-90.431939, 15.137891, -87.763669, 17.088793",2,"VH,VV",S1_16PCC_20180227T000629_vh.tif; S1_16PCC_20180227T000629_vv.tif,"curl -u ""$PL_API_KEY:"" -X POST ""https://api.planet.com/data/v1/quick-search"" -H ""Content-Type: application/json"" -d '{""item_types"":[""PSScene""],""filter"":{""type"":""AndFilter"",""config"":[{""type"":""GeometryFilter"",""field_name"":""geometry"",""config"":{""type"":""Polygon"",""coordinates"":[[[-90.431938871264,17.061213195561],[-87.771084079578,17.088792723675],[-87.763668866447,15.162207525111],[-90.399009093361,15.1378908613],[-90.431938871264,17.061213195561]]]}},{""type"":""DateRangeFilter"",""field_name"":""acquired"",""config"":{""gte"":""2018-02-26T12:06:29Z"",""lte"":""2018-02-27T12:06:29Z""}}]},""sort"":[{""field_name"":""acquired"",""direction"":""asc""}],""limit"":250}'"
16PCC,2018-08-30,SAR_-4.4h,S1_16PCC_20180830T114546,2018-08-30T11:45:46Z,-88.471853,16.348959,"-89.802087, 15.362027, -87.155150, 17.333809",2,"VH,VV",S1_16PCC_20180830T114546_vh.tif; S1_16PCC_20180830T114546_vv.tif,"curl -u ""$PL_API_KEY:"" -X POST ""https://api.planet.com/data/v1/quick-search"" -H ""Content-Type: application/json"" -d '{""item_types"":[""PSScene""],""filter"":{""type"":""AndFilter"",""config"":[{""type"":""GeometryFilter"",""field_name"":""geometry"",""config"":{""type"":""Polygon"",""coordinates"":[[[-89.802086827993,17.314264636236],[-87.156701291503,17.333808600743],[-87.155149635354,15.379255357449],[-89.774383994353,15.362027347119],[-89.802086827993,17.314264636236]]]}},{""type"":""DateRangeFilter"",""field_name"":""acquired"",""config"":{""gte"":""2018-08-29T23:45:46Z"",""lte"":""2018-08-30T23:45:46Z""}}]},""sort"":[{""field_name"":""acquired"",""direction"":""asc""}],""limit"":250}'"
16PCC,2020-12-12,SAR_+7.8h,S1_16PCC_20201213T000626,2020-12-13T00:06:26Z,-88.769936,14.602969,"-90.092839, 13.622596, -87.459054, 15.581879",2,"VH,VV",S1_16PCC_20201213T000626_vh.tif; S1_16PCC_20201213T000626_vv.tif,"curl -u ""$PL_API_KEY:"" -X POST ""https://api.planet.com/data/v1/quick-search"" -H ""Content-Type: application/json"" -d '{""item_types"":[""PSScene""],""filter"":{""type"":""AndFilter"",""config"":[{""type"":""GeometryFilter"",""field_name"":""geometry"",""config"":{""type"":""Polygon"",""coordinates"":[[[-90.0928388687,15.560635084139],[-87.463100111924,15.581879432665],[-87.459053596924,13.641088800085],[-90.065864623649,13.622596344111],[-90.0928388687,15.560635084139]]]}},{""type"":""DateRangeFilter"",""field_name"":""acquired"",""config"":{""gte"":""2020-12-12T12:06:26Z"",""lte"":""2020-12-13T12:06:26Z""}}]},""sort"":[{""field_name"":""acquired"",""direction"":""asc""}],""limit"":250}'"
16PCC,2020-12-12,SAR_+7.8h,S1_16PCC_20201213T000651,2020-12-13T00:06:51Z,-89.09077,16.114216,"-90.431661, 15.137985, -87.763297, 17.088975",2,"VH,VV",S1_16PCC_20201213T000651_vh.tif; S1_16PCC_20201213T000651_vv.tif,"curl -u ""$PL_API_KEY:"" -X POST ""https://api.planet.com/data/v1/quick-search"" -H ""Content-Type: application/json"" -d '{""item_types"":[""PSScene""],""filter"":{""type"":""AndFilter"",""config"":[{""type"":""GeometryFilter"",""field_name"":""geometry"",""config"":{""type"":""Polygon"",""coordinates"":[[[-90.431660748534,17.061398422218],[-87.770708892189,17.088974926158],[-87.763296874693,15.162299188423],[-90.398731798279,15.1379853119],[-90.431660748534,17.061398422218]]]}},{""type"":""DateRangeFilter"",""field_name"":""acquired"",""config"":{""gte"":""2020-12-12T12:06:51Z"",""lte"":""2020-12-13T12:06:51Z""}}]},""sort"":[{""field_name"":""acquired"",""direction"":""asc""}],""limit"":250}'"
16PDC,2018-10-24,SAR_-4.6h,S1_16PDC_20181024T113731,2018-10-24T11:37:31Z,-86.371129,16.54483,"-87.707292, 15.451373, -85.027722, 17.634779",2,"VH,VV",S1_16PDC_20181024T113731_vh.tif; S1_16PDC_20181024T113731_vv.tif,"curl -u ""$PL_API_KEY:"" -X POST ""https://api.planet.com/data/v1/quick-search"" -H ""Content-Type: application/json"" -d '{""item_types"":[""PSScene""],""filter"":{""type"":""AndFilter"",""config"":[{""type"":""GeometryFilter"",""field_name"":""geometry"",""config"":{""type"":""Polygon"",""coordinates"":[[[-87.707292247628,17.634779291643],[-85.027721944269,17.626186790249],[-85.049703985241,15.45137325838],[-87.699403777591,15.458850573118],[-87.707292247628,17.634779291643]]]}},{""type"":""DateRangeFilter"",""field_name"":""acquired"",""config"":{""gte"":""2018-10-23T23:37:31Z"",""lte"":""2018-10-24T23:37:31Z""}}]},""sort"":[{""field_name"":""acquired"",""direction"":""asc""}],""limit"":250}'"
16PDC,2018-10-24,SAR_-4.6h,S1_16PDC_20181024T113758,2018-10-24T11:37:58Z,-86.709747,14.914115,"-88.014874, 13.940990, -85.401928, 15.884564",2,"VH,VV",S1_16PDC_20181024T113758_vh.tif; S1_16PDC_20181024T113758_vv.tif,"curl -u ""$PL_API_KEY:"" -X POST ""https://api.planet.com/data/v1/quick-search"" -H ""Content-Type: application/json"" -d '{""item_types"":[""PSScene""],""filter"":{""type"":""AndFilter"",""config"":[{""type"":""GeometryFilter"",""field_name"":""geometry"",""config"":{""type"":""Polygon"",""coordinates"":[[[-88.014874469713,15.884564485534],[-85.4019281954,15.881041616236],[-85.416188323847,13.940990383408],[-88.005815640022,13.944064876455],[-88.014874469713,15.884564485534]]]}},{""type"":""DateRangeFilter"",""field_name"":""acquired"",""config"":{""gte"":""2018-10-23T23:37:58Z"",""lte"":""2018-10-24T23:37:58Z""}}]},""sort"":[{""field_name"":""acquired"",""direction"":""asc""}],""limit"":250}'"
18QYF,2020-03-19,SAR_+7.6h,S1_18QYF_20200319T230134,2020-03-19T23:01:34Z,-73.135125,18.589634,"-74.492411, 17.591834, -71.761722, 19.585187",2,"VH,VV",S1_18QYF_20200319T230134_vh.tif; S1_18QYF_20200319T230134_vv.tif,"curl -u ""$PL_API_KEY:"" -X POST ""https://api.planet.com/data/v1/quick-search"" -H ""Content-Type: application/json"" -d '{""item_types"":[""PSScene""],""filter"":{""type"":""AndFilter"",""config"":[{""type"":""GeometryFilter"",""field_name"":""geometry"",""config"":{""type"":""Polygon"",""coordinates"":[[[-74.486544330099,19.585186558607],[-71.761721991699,19.556845430636],[-71.798649409817,17.591834009459],[-74.492411441862,17.617136174662],[-74.486544330099,19.585186558607]]]}},{""type"":""DateRangeFilter"",""field_name"":""acquired"",""config"":{""gte"":""2020-03-19T11:01:34Z"",""lte"":""2020-03-20T11:01:34Z""}}]},""sort"":[{""field_name"":""acquired"",""direction"":""asc""}],""limit"":250}'"
18QYF,2020-09-15,SAR_+7.6h,S1_18QYF_20200915T230143,2020-09-15T23:01:43Z,-73.133842,18.589984,"-74.490997, 17.592177, -71.760573, 19.585544",2,"VH,VV",S1_18QYF_20200915T230143_vh.tif; S1_18QYF_20200915T230143_vv.tif,"curl -u ""$PL_API_KEY:"" -X POST ""https://api.planet.com/data/v1/quick-search"" -H ""Content-Type: application/json"" -d '{""item_types"":[""PSScene""],""filter"":{""type"":""AndFilter"",""config"":[{""type"":""GeometryFilter"",""field_name"":""geometry"",""config"":{""type"":""Polygon"",""coordinates"":[[[-74.485112985532,19.585543950534],[-71.7605726126,19.557185825531],[-71.797513848743,17.592176691395],[-74.49099657315,17.617494079653],[-74.485112985532,19.585543950534]]]}},{""type"":""DateRangeFilter"",""field_name"":""acquired"",""config"":{""gte"":""2020-09-15T11:01:43Z"",""lte"":""2020-09-16T11:01:43Z""}}]},""sort"":[{""field_name"":""acquired"",""direction"":""asc""}],""limit"":250}'"
18QYF,2021-01-23,SAR_-4.6h,S1_18QYF_20210123T104743,2021-01-23T10:47:43Z,-73.602676,18.674804,"-74.922195, 17.690428, -72.267691, 19.656570",2,"VH,VV",S1_18QYF_20210123T104743_vh.tif; S1_18QYF_20210123T104743_vv.tif,"curl -u ""$PL_API_KEY:"" -X POST ""https://api.planet.com/data/v1/quick-search"" -H ""Content-Type: application/json"" -d '{""item_types"":[""PSScene""],""filter"":{""type"":""AndFilter"",""config"":[{""type"":""GeometryFilter"",""field_name"":""geometry"",""config"":{""type"":""Polygon"",""coordinates"":[[[-74.921301333958,19.656570182637],[-72.26769095029,19.635827407754],[-72.298687502251,17.690428150695],[-74.922195458127,17.708976347746],[-74.921301333958,19.656570182637]]]}},{""type"":""DateRangeFilter"",""field_name"":""acquired"",""config"":{""gte"":""2021-01-22T22:47:43Z"",""lte"":""2021-01-23T22:47:43Z""}}]},""sort"":[{""field_name"":""acquired"",""direction"":""asc""}],""limit"":250}'"
30VWH,2018-04-20,SAR_+6.5h,S1_30VWH_20180420T175102,2018-04-20T17:51:02Z,-1.898779,56.725199,"-4.252135, 55.731440, 0.510806, 57.703950",2,"VH,VV",S1_30VWH_20180420T175102_vh.tif; S1_30VWH_20180420T175102_vv.tif,"curl -u ""$PL_API_KEY:"" -X POST ""https://api.planet.com/data/v1/quick-search"" -H ""Content-Type: application/json"" -d '{""item_types"":[""PSScene""],""filter"":{""type"":""AndFilter"",""config"":[{""type"":""GeometryFilter"",""field_name"":""geometry"",""config"":{""type"":""Polygon"",""coordinates"":[[[-4.252134722891,57.703949626309],[0.510805906747,57.66142291632],[0.335422989375,55.73143978698],[-4.189457336119,55.770969274025],[-4.252134722891,57.703949626309]]]}},{""type"":""DateRangeFilter"",""field_name"":""acquired"",""config"":{""gte"":""2018-04-20T05:51:02Z"",""lte"":""2018-04-21T05:51:02Z""}}]},""sort"":[{""field_name"":""acquired"",""direction"":""asc""}],""limit"":250}'"
48MYU,2019-12-01,SAR_-4.6h,S1_48MYU_20191130T222549,2019-11-30T22:25:49Z,108.360351,-6.587828,"107.060739, -7.594843, 109.653922, -5.581564",2,"VH,VV",S1_48MYU_20191130T222549_vh.tif; S1_48MYU_20191130T222549_vv.tif,"curl -u ""$PL_API_KEY:"" -X POST ""https://api.planet.com/data/v1/quick-search"" -H ""Content-Type: application/json"" -d '{""item_types"":[""PSScene""],""filter"":{""type"":""AndFilter"",""config"":[{""type"":""GeometryFilter"",""field_name"":""geometry"",""config"":{""type"":""Polygon"",""coordinates"":[[[107.076472203371,-5.581563938627],[109.653921569961,-5.593136213699],[109.648508824114,-7.594843183395],[107.060738965587,-7.579088712501],[107.076472203371,-5.581563938627]]]}},{""type"":""DateRangeFilter"",""field_name"":""acquired"",""config"":{""gte"":""2019-11-30T10:25:49Z"",""lte"":""2019-12-01T10:25:49Z""}}]},""sort"":[{""field_name"":""acquired"",""direction"":""asc""}],""limit"":250}'"
48PZC,2019-11-24,SAR_+7.8h,S1_48PZC_20191124T105647,2019-11-24T10:56:47Z,108.413452,16.005818,"107.077325, 15.028800, 109.736205, 16.981769",2,"VH,VV",S1_48PZC_20191124T105647_vh.tif; S1_48PZC_20191124T105647_vv.tif,"curl -u ""$PL_API_KEY:"" -X POST ""https://api.planet.com/data/v1/quick-search"" -H ""Content-Type: application/json"" -d '{""item_types"":[""PSScene""],""filter"":{""type"":""AndFilter"",""config"":[{""type"":""GeometryFilter"",""field_name"":""geometry"",""config"":{""type"":""Polygon"",""coordinates"":[[[107.077325342415,16.948021396315],[109.724038242527,16.981768500711],[109.73620462816,15.05853941483],[107.114625372206,15.028800289288],[107.077325342415,16.948021396315]]]}},{""type"":""DateRangeFilter"",""field_name"":""acquired"",""config"":{""gte"":""2019-11-23T22:56:47Z"",""lte"":""2019-11-24T22:56:47Z""}}]},""sort"":[{""field_name"":""acquired"",""direction"":""asc""}],""limit"":250}'"
51PTS,2016-07-17,SAR_-4.5h,S1_51PTS_20160716T214643,2016-07-16T21:46:43Z,120.987361,14.503268,"119.670905, 13.509897, 122.291740, 15.495325",2,"VH,VV",S1_51PTS_20160716T214643_vh.tif; S1_51PTS_20160716T214643_vv.tif,"curl -u ""$PL_API_KEY:"" -X POST ""https://api.planet.com/data/v1/quick-search"" -H ""Content-Type: application/json"" -d '{""item_types"":[""PSScene""],""filter"":{""type"":""AndFilter"",""config"":[{""type"":""GeometryFilter"",""field_name"":""geometry"",""config"":{""type"":""Polygon"",""coordinates"":[[[119.670905153328,15.471426016663],[122.285463859285,15.495324863864],[122.291739774871,13.530646830077],[119.700083350837,13.509897454424],[119.670905153328,15.471426016663]]]}},{""type"":""DateRangeFilter"",""field_name"":""acquired"",""config"":{""gte"":""2016-07-16T09:46:43Z"",""lte"":""2016-07-17T09:46:43Z""}}]},""sort"":[{""field_name"":""acquired"",""direction"":""asc""}],""limit"":250}'"
