key,tile,scene_date,s2_product,s2_acquired_utc,s1_product,s1_acquired_utc,s1_delta_hours,centroid_lon,centroid_lat,bbox_wgs84,planet_quick_search_curl_extended,s1_catalog_query_url
16PCC/2016-09-04,16PCC,2016-09-04,S2A_MSIL2A_20160904T161342_N0500_R140_T16PCC_20230924T042913.SAFE,2016-09-04T16:13:42Z,S1A_IW_GRDH_1SSV_20160905T000548_20160905T000613_012910_014685_276F.SAFE,2016-09-05T00:05:48Z,+7.87,-88.354572,15.780086,"-88.871582, 15.280429, -87.840115, 16.279149","curl -u ""$PL_API_KEY:"" -X POST ""https://api.planet.com/data/v1/quick-search"" -H ""Content-Type: application/json"" -d '{""item_types"":[""PSScene""],""filter"":{""type"":""AndFilter"",""config"":[{""type"":""GeometryFilter"",""field_name"":""geometry"",""config"":{""type"":""Polygon"",""coordinates"":[[[-88.862501334991,15.280429154985],[-88.871582182422,16.272556693544],[-87.84421324856,16.279149270631],[-87.840114852151,15.286600159131],[-88.862501334991,15.280429154985]]]}},{""type"":""DateRangeFilter"",""field_name"":""acquired"",""config"":{""gte"":""2016-09-03T16:13:42Z"",""lte"":""2016-09-05T16:13:42Z""}}]},""sort"":[{""field_name"":""acquired"",""direction"":""asc""}],""limit"":250}'","https://catalogue.dataspace.copernicus.eu/odata/v1/Products?$top=200&$orderby=ContentDate/Start%20asc&$filter=Collection/Name%20eq%20'SENTINEL-1'%20and%20OData.CSC.Intersects(area=geography'SRID=4326;POLYGON((-88.871582182422%2015.280429154985,-88.871582182422%2016.279149270631,-87.840114852151%2016.279149270631,-87.840114852151%2015.280429154985,-88.871582182422%2015.280429154985))')%20and%20ContentDate/Start%20gt%202016-08-20T16:13:42Z%20and%20ContentDate/Start%20lt%202016-09-19T16:13:42Z%20and%20contains(Name,'_GRD')"
16PCC/2017-01-12,16PCC,2017-01-12,S2A_MSIL2A_20170112T161621_N0500_R140_T16PCC_20230915T220922.SAFE,2017-01-12T16:16:21Z,S1B_IW_GRDH_1SSV_20170113T114449_20170113T114518_003829_006961_BE5B.SAFE,2017-01-13T11:44:49Z,+19.47,-88.354572,15.780086,"-88.871582, 15.280429, -87.840115, 16.279149","curl -u ""$PL_API_KEY:"" -X POST ""https://api.planet.com/data/v1/quick-search"" -H ""Content-Type: application/json"" -d '{""item_types"":[""PSScene""],""filter"":{""type"":""AndFilter"",""config"":[{""type"":""GeometryFilter"",""field_name"":""geometry"",""config"":{""type"":""Polygon"",""coordinates"":[[[-88.862501334991,15.280429154985],[-88.871582182422,16.272556693544],[-87.84421324856,16.279149270631],[-87.840114852151,15.286600159131],[-88.862501334991,15.280429154985]]]}},{""type"":""DateRangeFilter"",""field_name"":""acquired"",""config"":{""gte"":""2017-01-11T16:16:21Z"",""lte"":""2017-01-13T16:16:21Z""}}]},""sort"":[{""field_name"":""acquired"",""direction"":""asc""}],""limit"":250}'","https://catalogue.dataspace.copernicus.eu/odata/v1/Products?$top=200&$orderby=ContentDate/Start%20asc&$filter=Collection/Name%20eq%20'SENTINEL-1'%20and%20OData.CSC.Intersects(area=geography'SRID=4326;POLYGON((-88.871582182422%2015.280429154985,-88.871582182422%2016.279149270631,-87.840114852151%2016.279149270631,-87.840114852151%2015.280429154985,-88.871582182422%2015.280429154985))')%20and%20ContentDate/Start%20gt%202016-12-28T16:16:21Z%20and%20ContentDate/Start%20lt%202017-01-27T16:16:21Z%20and%20contains(Name,'_GRD')"
16PCC/2017-02-21,16PCC,2017-02-21,S2A_MSIL2A_20170221T161341_N0500_R140_T16PCC_20230926T022700.SAFE,2017-02-21T16:13:41Z,S1A_IW_GRDH_1SDV_20170220T000610_20170220T000635_015360_019327_5795.SAFE,2017-02-20T00:06:10Z,-40.13,-88.354572,15.780086,"-88.871582, 15.280429, -87.840115, 16.279149","curl -u ""$PL_API_KEY:"" -X POST ""https://api.planet.com/data/v1/quick-search"" -H ""Content-Type: application/json"" -d '{""item_types"":[""PSScene""],""filter"":{""type"":""AndFilter"",""config"":[{""type"":""GeometryFilter"",""field_name"":""geometry"",""config"":{""type"":""Polygon"",""coordinates"":[[[-88.862501334991,15.280429154985],[-88.871582182422,16.272556693544],[-87.84421324856,16.279149270631],[-87.840114852151,15.286600159131],[-88.862501334991,15.280429154985]]]}},{""type"":""DateRangeFilter"",""field_name"":""acquired"",""config"":{""gte"":""2017-02-20T16:13:41Z"",""lte"":""2017-02-22T16:13:41Z""}}]},""sort"":[{""field_name"":""acquired"",""direction"":""asc""}],""limit"":250}'","https://catalogue.dataspace.copernicus.eu/odata/v1/Products?$top=200&$orderby=ContentDate/Start%20asc&$filter=Collection/Name%20eq%20'SENTINEL-1'%20and%20OData.CSC.Intersects(area=geography'SRID=4326;POLYGON((-88.871582182422%2015.280429154985,-88.871582182422%2016.279149270631,-87.840114852151%2016.279149270631,-87.840114852151%2015.280429154985,-88.871582182422%2015.280429154985))')%20and%20ContentDate/Start%20gt%202017-02-06T16:13:41Z%20and%20ContentDate/Start%20lt%202017-03-08T16:13:41Z%20and%20contains(Name,'_GRD')"
16PCC/2017-08-30,16PCC,2017-08-30,S2A_MSIL2A_20170830T160901_N0500_R140_T16PCC_20231019T093317.SAFE,2017-08-30T16:09:01Z,S1A_IW_GRDH_1SDV_20170831T000554_20170831T000619_018160_01E82D_7C26.SAFE,2017-08-31T00:05:54Z,+7.95,-88.354572,15.780086,"-88.871582, 15.280429, -87.840115, 16.279149","curl -u ""$PL_API_KEY:"" -X POST ""https://api.planet.com/data/v1/quick-search"" -H ""Content-Type: application/json"" -d '{""item_types"":[""PSScene""],""filter"":{""type"":""AndFilter"",""config"":[{""type"":""GeometryFilter"",""field_name"":""geometry"",""config"":{""type"":""Polygon"",""coordinates"":[[[-88.862501334991,15.280429154985],[-88.871582182422,16.272556693544],[-87.84421324856,16.279149270631],[-87.840114852151,15.286600159131],[-88.862501334991,15.280429154985]]]}},{""type"":""DateRangeFilter"",""field_name"":""acquired"",""config"":{""gte"":""2017-08-29T16:09:01Z"",""lte"":""2017-08-31T16:09:01Z""}}]},""sort"":[{""field_name"":""acquired"",""direction"":""asc""}],""limit"":250}'","https://catalogue.dataspace.copernicus.eu/odata/v1/Products?$top=200&$orderby=ContentDate/Start%20asc&$filter=Collection/Name%20eq%20'SENTINEL-1'%20and%20OData.CSC.Intersects(area=geography'SRID=4326;POLYGON((-88.871582182422%2015.280429154985,-88.871582182422%2016.279149270631,-87.840114852151%2016.279149270631,-87.840114852151%2015.280429154985,-88.871582182422%2015.280429154985))')%20and%20ContentDate/Start%20gt%202017-08-15T16:09:01Z%20and%20ContentDate/Start%20lt%202017-09-14T16:09:01Z%20and%20contains(Name,'_GRD')"
16PCC/2018-02-21,16PCC,2018-02-21,S2B_MSIL2A_20180221T161339_N0500_R140_T16PCC_20230805T224636.SAFE,2018-02-21T16:13:39Z,S1A_IW_GRDH_1SDV_20180221T235750_20180221T235815_020712_0237C2_961B.SAFE,2018-02-21T23:57:50Z,+7.74,-88.354572,15.780086,"-88.871582, 15.280429, -87.840115, 16.279149","curl -u ""$PL_API_KEY:"" -X POST ""https://api.planet.com/data/v1/quick-search"" -H ""Content-Type: application/json"" -d '{""item_types"":[""PSScene""],""filter"":{""type"":""AndFilter"",""config"":[{""type"":""GeometryFilter"",""field_name"":""geometry"",""config"":{""type"":""Polygon"",""coordinates"":[[[-88.862501334991,15.280429154985],[-88.871582182422,16.272556693544],[-87.84421324856,16.279149270631],[-87.840114852151,15.286600159131],[-88.862501334991,15.280429154985]]]}},{""type"":""DateRangeFilter"",""field_name"":""acquired"",""config"":{""gte"":""2018-02-20T16:13:39Z"",""lte"":""2018-02-22T16:13:39Z""}}]},""sort"":[{""field_name"":""acquired"",""direction"":""asc""}],""limit"":250}'","https://catalogue.dataspace.copernicus.eu/odata/v1/Products?$top=200&$orderby=ContentDate/Start%20asc&$filter=Collection/Name%20eq%20'SENTINEL-1'%20and%20OData.CSC.Intersects(area=geography'SRID=4326;POLYGON((-88.871582182422%2015.280429154985,-88.871582182422%2016.279149270631,-87.840114852151%2016.279149270631,-87.840114852151%2015.280429154985,-88.871582182422%2015.280429154985))')%20and%20ContentDate/Start%20gt%202018-02-06T16:13:39Z%20and%20ContentDate/Start%20lt%202018-03-08T16:13:39Z%20and%20contains(Name,'_GRD')"
16PCC/2018-02-26,16PCC,2018-02-26,S2A_MSIL2A_20180226T161341_N0500_R140_T16PCC_20230804T153450.SAFE,2018-02-26T16:13:41Z,S1A_IW_GRDH_1SDV_20180227T000552_20180227T000617_020785_023A21_1E30.SAFE,2018-02-27T00:05:52Z,+7.87,-88.354572,15.780086,"-88.871582, 15.280429, -87.840115, 16.279149","curl -u ""$PL_API_KEY:"" -X POST ""https://api.planet.com/data/v1/quick-search"" -H ""Content-Type: application/json"" -d '{""item_types"":[""PSScene""],""filter"":{""type"":""AndFilter"",""config"":[{""type"":""GeometryFilter"",""field_name"":""geometry"",""config"":{""type"":""Polygon"",""coordinates"":[[[-88.862501334991,15.280429154985],[-88.871582182422,16.272556693544],[-87.84421324856,16.279149270631],[-87.840114852151,15.286600159131],[-88.862501334991,15.280429154985]]]}},{""type"":""DateRangeFilter"",""field_name"":""acquired"",""config"":{""gte"":""2018-02-25T16:13:41Z"",""lte"":""2018-02-27T16:13:41Z""}}]},""sort"":[{""field_name"":""acquired"",""direction"":""asc""}],""limit"":250}'","https://catalogue.dataspace.copernicus.eu/odata/v1/Products?$top=200&$orderby=ContentDate/Start%20asc&$filter=Collection/Name%20eq%20'SENTINEL-1'%20and%20OData.CSC.Intersects(area=geography'SRID=4326;POLYGON((-88.871582182422%2015.280429154985,-88.871582182422%2016.279149270631,-87.840114852151%2016.279149270631,-87.840114852151%2015.280429154985,-88.871582182422%2015.280429154985))')%20and%20ContentDate/Start%20gt%202018-02-11T16:13:41Z%20and%20ContentDate/Start%20lt%202018-03-13T16:13:41Z%20and%20contains(Name,'_GRD')"
16PCC/2018-06-11,16PCC,2018-06-11,S2B_MSIL2A_20180611T160829_N0500_R140_T16PCC_20230716T060336.SAFE,2018-06-11T16:08:29Z,S1A_IW_GRDH_1SDV_20180609T235819_20180609T235844_022287_026979_038C.SAFE,2018-06-09T23:58:19Z,-40.17,-88.354572,15.780086,"-88.871582, 15.280429, -87.840115, 16.279149","curl -u ""$PL_API_KEY:"" -X POST ""https://api.planet.com/data/v1/quick-search"" -H ""Content-Type: application/json"" -d '{""item_types"":[""PSScene""],""filter"":{""type"":""AndFilter"",""config"":[{""type"":""GeometryFilter"",""field_name"":""geometry"",""config"":{""type"":""Polygon"",""coordinates"":[[[-88.862501334991,15.280429154985],[-88.871582182422,16.272556693544],[-87.84421324856,16.279149270631],[-87.840114852151,15.286600159131],[-88.862501334991,15.280429154985]]]}},{""type"":""DateRangeFilter"",""field_name"":""acquired"",""config"":{""gte"":""2018-06-10T16:08:29Z"",""lte"":""2018-06-12T16:08:29Z""}}]},""sort"":[{""field_name"":""acquired"",""direction"":""asc""}],""limit"":250}'","https://catalogue.dataspace.copernicus.eu/odata/v1/Products?$top=200&$orderby=ContentDate/Start%20asc&$filter=Collection/Name%20eq%20'SENTINEL-1'%20and%20OData.CSC.Intersects(area=geography'SRID=4326;POLYGON((-88.871582182422%2015.280429154985,-88.871582182422%2016.279149270631,-87.840114852151%2016.279149270631,-87.840114852151%2015.280429154985,-88.871582182422%2015.280429154985))')%20and%20ContentDate/Start%20gt%202018-05-27T16:08:29Z%20and%20ContentDate/Start%20lt%202018-06-26T16:08:29Z%20and%20contains(Name,'_GRD')"
16PCC/2018-08-30,16PCC,2018-08-30,S2B_MSIL2A_20180830T160819_N0500_R140_T16PCC_20230730T224016.SAFE,2018-08-30T16:08:19Z,S1A_IW_GRDH_1SDV_20180830T114559_20180830T114624_023475_028E42_AE8A.SAFE,2018-08-30T11:45:59Z,-4.37,-88.354572,15.780086,"-88.871582, 15.280429, -87.840115, 16.279149","curl -u ""$PL_API_KEY:"" -X POST ""https://api.planet.com/data/v1/quick-search"" -H ""Content-Type: application/json"" -d '{""item_types"":[""PSScene""],""filter"":{""type"":""AndFilter"",""config"":[{""type"":""GeometryFilter"",""field_name"":""geometry"",""config"":{""type"":""Polygon"",""coordinates"":[[[-88.862501334991,15.280429154985],[-88.871582182422,16.272556693544],[-87.84421324856,16.279149270631],[-87.840114852151,15.286600159131],[-88.862501334991,15.280429154985]]]}},{""type"":""DateRangeFilter"",""field_name"":""acquired"",""config"":{""gte"":""2018-08-29T16:08:19Z"",""lte"":""2018-08-31T16:08:19Z""}}]},""sort"":[{""field_name"":""acquired"",""direction"":""asc""}],""limit"":250}'","https://catalogue.dataspace.copernicus.eu/odata/v1/Products?$top=200&$orderby=ContentDate/Start%20asc&$filter=Collection/Name%20eq%20'SENTINEL-1'%20and%20OData.CSC.Intersects(area=geography'SRID=4326;POLYGON((-88.871582182422%2015.280429154985,-88.871582182422%2016.279149270631,-87.840114852151%2016.279149270631,-87.840114852151%2015.280429154985,-88.871582182422%2015.280429154985))')%20and%20ContentDate/Start%20gt%202018-08-15T16:08:19Z%20and%20ContentDate/Start%20lt%202018-09-14T16:08:19Z%20and%20contains(Name,'_GRD')"
16PCC/2018-09-14,16PCC,2018-09-14,S2A_MSIL2A_20180914T160901_N0500_R140_T16PCC_20230706T225849.SAFE,2018-09-14T16:09:01Z,S1A_IW_GRDH_1SDV_20180913T235825_20180913T235850_023687_0294FD_8A38.SAFE,2018-09-13T23:58:25Z,-16.18,-88.354572,15.780086,"-88.871582, 15.280429, -87.840115, 16.279149","curl -u ""$PL_API_KEY:"" -X POST ""https://api.planet.com/data/v1/quick-search"" -H ""Content-Type: application/json"" -d '{""item_types"":[""PSScene""],""filter"":{""type"":""AndFilter"",""config"":[{""type"":""GeometryFilter"",""field_name"":""geometry"",""config"":{""type"":""Polygon"",""coordinates"":[[[-88.862501334991,15.280429154985],[-88.871582182422,16.272556693544],[-87.84421324856,16.279149270631],[-87.840114852151,15.286600159131],[-88.862501334991,15.280429154985]]]}},{""type"":""DateRangeFilter"",""field_name"":""acquired"",""config"":{""gte"":""2018-09-13T16:09:01Z"",""lte"":""2018-09-15T16:09:01Z""}}]},""sort"":[{""field_name"":""acquired"",""direction"":""asc""}],""limit"":250}'","https://catalogue.dataspace.copernicus.eu/odata/v1/Products?$top=200&$orderby=ContentDate/Start%20asc&$filter=Collection/Name%20eq%20'SENTINEL-1'%20and%20OData.CSC.Intersects(area=geography'SRID=4326;POLYGON((-88.871582182422%2015.280429154985,-88.871582182422%2016.279149270631,-87.840114852151%2016.279149270631,-87.840114852151%2015.280429154985,-88.871582182422%2015.280429154985))')%20and%20ContentDate/Start%20gt%202018-08-30T16:09:01Z%20and%20ContentDate/Start%20lt%202018-09-29T16:09:01Z%20and%20contains(Name,'_GRD')"
16PCC/2018-09-19,16PCC,2018-09-19,S2B_MSIL2A_20180919T160929_N0500_R140_T16PCC_20230623T052740.SAFE,2018-09-19T16:09:29Z,S1A_IW_GRDH_1SDV_20180919T000626_20180919T000651_023760_029754_FD6F.SAFE,2018-09-19T00:06:26Z,-16.05,-88.354572,15.780086,"-88.871582, 15.280429, -87.840115, 16.279149","curl -u ""$PL_API_KEY:"" -X POST ""https://api.planet.com/data/v1/quick-search"" -H ""Content-Type: application/json"" -d '{""item_types"":[""PSScene""],""filter"":{""type"":""AndFilter"",""config"":[{""type"":""GeometryFilter"",""field_name"":""geometry"",""config"":{""type"":""Polygon"",""coordinates"":[[[-88.862501334991,15.280429154985],[-88.871582182422,16.272556693544],[-87.84421324856,16.279149270631],[-87.840114852151,15.286600159131],[-88.862501334991,15.280429154985]]]}},{""type"":""DateRangeFilter"",""field_name"":""acquired"",""config"":{""gte"":""2018-09-18T16:09:29Z"",""lte"":""2018-09-20T16:09:29Z""}}]},""sort"":[{""field_name"":""acquired"",""direction"":""asc""}],""limit"":250}'","https://catalogue.dataspace.copernicus.eu/odata/v1/Products?$top=200&$orderby=ContentDate/Start%20asc&$filter=Collection/Name%20eq%20'SENTINEL-1'%20and%20OData.CSC.Intersects(area=geography'SRID=4326;POLYGON((-88.871582182422%2015.280429154985,-88.871582182422%2016.279149270631,-87.840114852151%2016.279149270631,-87.840114852151%2015.280429154985,-88.871582182422%2015.280429154985))')%20and%20ContentDate/Start%20gt%202018-09-04T16:09:29Z%20and%20ContentDate/Start%20lt%202018-10-04T16:09:29Z%20and%20contains(Name,'_GRD')"
16PCC/2018-12-13,16PCC,2018-12-13,S2A_MSIL2A_20181213T161651_N0500_R140_T16PCC_20230701T222407.SAFE,2018-12-13T16:16:51Z,S1A_IW_GRDH_1SDV_20181212T000625_20181212T000650_024985_02C127_1865.SAFE,2018-12-12T00:06:25Z,-40.17,-88.354572,15.780086,"-88.871582, 15.280429, -87.840115, 16.279149","curl -u ""$PL_API_KEY:"" -X POST ""https://api.planet.com/data/v1/quick-search"" -H ""Content-Type: application/json"" -d '{""item_types"":[""PSScene""],""filter"":{""type"":""AndFilter"",""config"":[{""type"":""GeometryFilter"",""field_name"":""geometry"",""config"":{""type"":""Polygon"",""coordinates"":[[[-88.862501334991,15.280429154985],[-88.871582182422,16.272556693544],[-87.84421324856,16.279149270631],[-87.840114852151,15.286600159131],[-88.862501334991,15.280429154985]]]}},{""type"":""DateRangeFilter"",""field_name"":""acquired"",""config"":{""gte"":""2018-12-12T16:16:51Z"",""lte"":""2018-12-14T16:16:51Z""}}]},""sort"":[{""field_name"":""acquired"",""direction"":""asc""}],""limit"":250}'","https://catalogue.dataspace.copernicus.eu/odata/v1/Products?$top=200&$orderby=ContentDate/Start%20asc&$filter=Collection/Name%20eq%20'SENTINEL-1'%20and%20OData.CSC.Intersects(area=geography'SRID=4326;POLYGON((-88.871582182422%2015.280429154985,-88.871582182422%2016.279149270631,-87.840114852151%2016.279149270631,-87.840114852151%2015.280429154985,-88.871582182422%2015.280429154985))')%20and%20ContentDate/Start%20gt%202018-11-28T16:16:51Z%20and%20ContentDate/Start%20lt%202018-12-28T16:16:51Z%20and%20contains(Name,'_GRD')"
16PCC/2019-01-27,16PCC,2019-01-27,S2B_MSIL2A_20190127T161539_N0500_R140_T16PCC_20221220T023711.SAFE,2019-01-27T16:15:39Z,S1A_IW_GRDH_1SDV_20190129T000559_20190129T000624_025685_02DA7E_9FCB.SAFE,2019-01-29T00:05:59Z,+31.84,-88.354572,15.780086,"-88.871582, 15.280429, -87.840115, 16.279149","curl -u ""$PL_API_KEY:"" -X POST ""https://api.planet.com/data/v1/quick-search"" -H ""Content-Type: application/json"" -d '{""item_types"":[""PSScene""],""filter"":{""type"":""AndFilter"",""config"":[{""type"":""GeometryFilter"",""field_name"":""geometry"",""config"":{""type"":""Polygon"",""coordinates"":[[[-88.862501334991,15.280429154985],[-88.871582182422,16.272556693544],[-87.84421324856,16.279149270631],[-87.840114852151,15.286600159131],[-88.862501334991,15.280429154985]]]}},{""type"":""DateRangeFilter"",""field_name"":""acquired"",""config"":{""gte"":""2019-01-26T16:15:39Z"",""lte"":""2019-01-28T16:15:39Z""}}]},""sort"":[{""field_name"":""acquired"",""direction"":""asc""}],""limit"":250}'","https://catalogue.dataspace.copernicus.eu/odata/v1/Products?$top=200&$orderby=ContentDate/Start%20asc&$filter=Collection/Name%20eq%20'SENTINEL-1'%20and%20OData.CSC.Intersects(area=geography'SRID=4326;POLYGON((-88.871582182422%2015.280429154985,-88.871582182422%2016.279149270631,-87.840114852151%2016.279149270631,-87.840114852151%2015.280429154985,-88.871582182422%2015.280429154985))')%20and%20ContentDate/Start%20gt%202019-01-12T16:15:39Z%20and%20ContentDate/Start%20lt%202019-02-11T16:15:39Z%20and%20contains(Name,'_GRD')"
16PCC/2019-09-04,16PCC,2019-09-04,S2B_MSIL2A_20190904T160829_N0500_R140_T16PCC_20230430T074425.SAFE,2019-09-04T16:08:29Z,S1A_IW_GRDH_1SDV_20190906T114540_20190906T114605_028900_0346B6_1415.SAFE,2019-09-06T11:45:40Z,+43.62,-88.354572,15.780086,"-88.871582, 15.280429, -87.840115, 16.279149","curl -u ""$PL_API_KEY:"" -X POST ""https://api.planet.com/data/v1/quick-search"" -H ""Content-Type: application/json"" -d '{""item_types"":[""PSScene""],""filter"":{""type"":""AndFilter"",""config"":[{""type"":""GeometryFilter"",""field_name"":""geometry"",""config"":{""type"":""Polygon"",""coordinates"":[[[-88.862501334991,15.280429154985],[-88.871582182422,16.272556693544],[-87.84421324856,16.279149270631],[-87.840114852151,15.286600159131],[-88.862501334991,15.280429154985]]]}},{""type"":""DateRangeFilter"",""field_name"":""acquired"",""config"":{""gte"":""2019-09-03T16:08:29Z"",""lte"":""2019-09-05T16:08:29Z""}}]},""sort"":[{""field_name"":""acquired"",""direction"":""asc""}],""limit"":250}'","https://catalogue.dataspace.copernicus.eu/odata/v1/Products?$top=200&$orderby=ContentDate/Start%20asc&$filter=Collection/Name%20eq%20'SENTINEL-1'%20and%20OData.CSC.Intersects(area=geography'SRID=4326;POLYGON((-88.871582182422%2015.280429154985,-88.871582182422%2016.279149270631,-87.840114852151%2016.279149270631,-87.840114852151%2015.280429154985,-88.871582182422%2015.280429154985))')%20and%20ContentDate/Start%20gt%202019-08-20T16:08:29Z%20and%20ContentDate/Start%20lt%202019-09-19T16:08:29Z%20and%20contains(Name,'_GRD')"
16PCC/2020-08-24,16PCC,2020-08-24,S2A_MSIL2A_20200824T160911_N0500_R140_T16PCC_20230407T104832.SAFE,2020-08-24T16:09:11Z,S1A_IW_GRDH_1SDV_20200827T000613_20200827T000638_034085_03F518_9B19.SAFE,2020-08-27T00:06:13Z,+55.95,-88.354572,15.780086,"-88.871582, 15.280429, -87.840115, 16.279149","curl -u ""$PL_API_KEY:"" -X POST ""https://api.planet.com/data/v1/quick-search"" -H ""Content-Type: application/json"" -d '{""item_types"":[""PSScene""],""filter"":{""type"":""AndFilter"",""config"":[{""type"":""GeometryFilter"",""field_name"":""geometry"",""config"":{""type"":""Polygon"",""coordinates"":[[[-88.862501334991,15.280429154985],[-88.871582182422,16.272556693544],[-87.84421324856,16.279149270631],[-87.840114852151,15.286600159131],[-88.862501334991,15.280429154985]]]}},{""type"":""DateRangeFilter"",""field_name"":""acquired"",""config"":{""gte"":""2020-08-23T16:09:11Z"",""lte"":""2020-08-25T16:09:11Z""}}]},""sort"":[{""field_name"":""acquired"",""direction"":""asc""}],""limit"":250}'","https://catalogue.dataspace.copernicus.eu/odata/v1/Products?$top=200&$orderby=ContentDate/Start%20asc&$filter=Collection/Name%20eq%20'SENTINEL-1'%20and%20OData.CSC.Intersects(area=geography'SRID=4326;POLYGON((-88.871582182422%2015.280429154985,-88.871582182422%2016.279149270631,-87.840114852151%2016.279149270631,-87.840114852151%2015.280429154985,-88.871582182422%2015.280429154985))')%20and%20ContentDate/Start%20gt%202020-08-09T16:09:11Z%20and%20ContentDate/Start%20lt%202020-09-08T16:09:11Z%20and%20contains(Name,'_GRD')"
16PCC/2020-09-18,16PCC,2020-09-18,S2B_MSIL2A_20200918T160839_N0500_R140_T16PCC_20230417T044949.SAFE,2020-09-18T16:08:39Z,S1A_IW_GRDH_1SDV_20200920T000614_20200920T000639_034435_040179_1CB8.SAFE,2020-09-20T00:06:14Z,+31.96,-88.354572,15.780086,"-88.871582, 15.280429, -87.840115, 16.279149","curl -u ""$PL_API_KEY:"" -X POST ""https://api.planet.com/data/v1/quick-search"" -H ""Content-Type: application/json"" -d '{""item_types"":[""PSScene""],""filter"":{""type"":""AndFilter"",""config"":[{""type"":""GeometryFilter"",""field_name"":""geometry"",""config"":{""type"":""Polygon"",""coordinates"":[[[-88.862501334991,15.280429154985],[-88.871582182422,16.272556693544],[-87.84421324856,16.279149270631],[-87.840114852151,15.286600159131],[-88.862501334991,15.280429154985]]]}},{""type"":""DateRangeFilter"",""field_name"":""acquired"",""config"":{""gte"":""2020-09-17T16:08:39Z"",""lte"":""2020-09-19T16:08:39Z""}}]},""sort"":[{""field_name"":""acquired"",""direction"":""asc""}],""limit"":250}'","https://catalogue.dataspace.copernicus.eu/odata/v1/Products?$top=200&$orderby=ContentDate/Start%20asc&$filter=Collection/Name%20eq%20'SENTINEL-1'%20and%20OData.CSC.Intersects(area=geography'SRID=4326;POLYGON((-88.871582182422%2015.280429154985,-88.871582182422%2016.279149270631,-87.840114852151%2016.279149270631,-87.840114852151%2015.280429154985,-88.871582182422%2015.280429154985))')%20and%20ContentDate/Start%20gt%202020-09-03T16:08:39Z%20and%20ContentDate/Start%20lt%202020-10-03T16:08:39Z%20and%20contains(Name,'_GRD')"
16PCC/2020-09-23,16PCC,2020-09-23,S2A_MSIL2A_20200923T161011_N0500_R140_T16PCC_20230313T074653.SAFE,2020-09-23T16:10:11Z,S1A_IW_GRDH_1SDV_20200924T114548_20200924T114613_034500_0403CA_5D76.SAFE,2020-09-24T11:45:48Z,+19.59,-88.354572,15.780086,"-88.871582, 15.280429, -87.840115, 16.279149","curl -u ""$PL_API_KEY:"" -X POST ""https://api.planet.com/data/v1/quick-search"" -H ""Content-Type: application/json"" -d '{""item_types"":[""PSScene""],""filter"":{""type"":""AndFilter"",""config"":[{""type"":""GeometryFilter"",""field_name"":""geometry"",""config"":{""type"":""Polygon"",""coordinates"":[[[-88.862501334991,15.280429154985],[-88.871582182422,16.272556693544],[-87.84421324856,16.279149270631],[-87.840114852151,15.286600159131],[-88.862501334991,15.280429154985]]]}},{""type"":""DateRangeFilter"",""field_name"":""acquired"",""config"":{""gte"":""2020-09-22T16:10:11Z"",""lte"":""2020-09-24T16:10:11Z""}}]},""sort"":[{""field_name"":""acquired"",""direction"":""asc""}],""limit"":250}'","https://catalogue.dataspace.copernicus.eu/odata/v1/Products?$top=200&$orderby=ContentDate/Start%20asc&$filter=Collection/Name%20eq%20'SENTINEL-1'%20and%20OData.CSC.Intersects(area=geography'SRID=4326;POLYGON((-88.871582182422%2015.280429154985,-88.871582182422%2016.279149270631,-87.840114852151%2016.279149270631,-87.840114852151%2015.280429154985,-88.871582182422%2015.280429154985))')%20and%20ContentDate/Start%20gt%202020-09-08T16:10:11Z%20and%20ContentDate/Start%20lt%202020-10-08T16:10:11Z%20and%20contains(Name,'_GRD')"
16PCC/2020-09-28,16PCC,2020-09-28,S2B_MSIL2A_20200928T160949_N0500_R140_T16PCC_20230405T115718.SAFE,2020-09-28T16:09:49Z,S1A_IW_GRDH_1SDV_20200926T235838_20200926T235903_034537_04050D_EE25.SAFE,2020-09-26T23:58:38Z,-40.19,-88.354572,15.780086,"-88.871582, 15.280429, -87.840115, 16.279149","curl -u ""$PL_API_KEY:"" -X POST ""https://api.planet.com/data/v1/quick-search"" -H ""Content-Type: application/json"" -d '{""item_types"":[""PSScene""],""filter"":{""type"":""AndFilter"",""config"":[{""type"":""GeometryFilter"",""field_name"":""geometry"",""config"":{""type"":""Polygon"",""coordinates"":[[[-88.862501334991,15.280429154985],[-88.871582182422,16.272556693544],[-87.84421324856,16.279149270631],[-87.840114852151,15.286600159131],[-88.862501334991,15.280429154985]]]}},{""type"":""DateRangeFilter"",""field_name"":""acquired"",""config"":{""gte"":""2020-09-27T16:09:49Z"",""lte"":""2020-09-29T16:09:49Z""}}]},""sort"":[{""field_name"":""acquired"",""direction"":""asc""}],""limit"":250}'","https://catalogue.dataspace.copernicus.eu/odata/v1/Products?$top=200&$orderby=ContentDate/Start%20asc&$filter=Collection/Name%20eq%20'SENTINEL-1'%20and%20OData.CSC.Intersects(area=geography'SRID=4326;POLYGON((-88.871582182422%2015.280429154985,-88.871582182422%2016.279149270631,-87.840114852151%2016.279149270631,-87.840114852151%2015.280429154985,-88.871582182422%2015.280429154985))')%20and%20ContentDate/Start%20gt%202020-09-13T16:09:49Z%20and%20ContentDate/Start%20lt%202020-10-13T16:09:49Z%20and%20contains(Name,'_GRD')"
16PCC/2020-11-15,16PCC,2020-11-15,S2A_MSIL2A_20201115T162541_N0500_R040_T16PCC_20230303T072731.SAFE,2020-11-15T16:25:41Z,S1A_IW_GRDH_1SDV_20201113T235838_20201113T235903_035237_041D66_520E.SAFE,2020-11-13T23:58:38Z,-40.45,-88.354572,15.780086,"-88.871582, 15.280429, -87.840115, 16.279149","curl -u ""$PL_API_KEY:"" -X POST ""https://api.planet.com/data/v1/quick-search"" -H ""Content-Type: application/json"" -d '{""item_types"":[""PSScene""],""filter"":{""type"":""AndFilter"",""config"":[{""type"":""GeometryFilter"",""field_name"":""geometry"",""config"":{""type"":""Polygon"",""coordinates"":[[[-88.862501334991,15.280429154985],[-88.871582182422,16.272556693544],[-87.84421324856,16.279149270631],[-87.840114852151,15.286600159131],[-88.862501334991,15.280429154985]]]}},{""type"":""DateRangeFilter"",""field_name"":""acquired"",""config"":{""gte"":""2020-11-14T16:25:41Z"",""lte"":""2020-11-16T16:25:41Z""}}]},""sort"":[{""field_name"":""acquired"",""direction"":""asc""}],""limit"":250}'","https://catalogue.dataspace.copernicus.eu/odata/v1/Products?$top=200&$orderby=ContentDate/Start%20asc&$filter=Collection/Name%20eq%20'SENTINEL-1'%20and%20OData.CSC.Intersects(area=geography'SRID=4326;POLYGON((-88.871582182422%2015.280429154985,-88.871582182422%2016.279149270631,-87.840114852151%2016.279149270631,-87.840114852151%2015.280429154985,-88.871582182422%2015.280429154985))')%20and%20ContentDate/Start%20gt%202020-10-31T16:25:41Z%20and%20ContentDate/Start%20lt%202020-11-30T16:25:41Z%20and%20contains(Name,'_GRD')"
16PCC/2020-12-12,16PCC,2020-12-12,S2A_MSIL2A_20201212T161651_N0500_R140_T16PCC_20230226T060828.SAFE,2020-12-12T16:16:51Z,S1A_IW_GRDH_1SDV_20201213T000613_20201213T000638_035660_042BF6_F569.SAFE,2020-12-13T00:06:13Z,+7.82,-88.354572,15.780086,"-88.871582, 15.280429, -87.840115, 16.279149","curl -u ""$PL_API_KEY:"" -X POST ""https://api.planet.com/data/v1/quick-search"" -H ""Content-Type: application/json"" -d '{""item_types"":[""PSScene""],""filter"":{""type"":""AndFilter"",""config"":[{""type"":""GeometryFilter"",""field_name"":""geometry"",""config"":{""type"":""Polygon"",""coordinates"":[[[-88.862501334991,15.280429154985],[-88.871582182422,16.272556693544],[-87.84421324856,16.279149270631],[-87.840114852151,15.286600159131],[-88.862501334991,15.280429154985]]]}},{""type"":""DateRangeFilter"",""field_name"":""acquired"",""config"":{""gte"":""2020-12-11T16:16:51Z"",""lte"":""2020-12-13T16:16:51Z""}}]},""sort"":[{""field_name"":""acquired"",""direction"":""asc""}],""limit"":250}'","https://catalogue.dataspace.copernicus.eu/odata/v1/Products?$top=200&$orderby=ContentDate/Start%20asc&$filter=Collection/Name%20eq%20'SENTINEL-1'%20and%20OData.CSC.Intersects(area=geography'SRID=4326;POLYGON((-88.871582182422%2015.280429154985,-88.871582182422%2016.279149270631,-87.840114852151%2016.279149270631,-87.840114852151%2015.280429154985,-88.871582182422%2015.280429154985))')%20and%20ContentDate/Start%20gt%202020-11-27T16:16:51Z%20and%20ContentDate/Start%20lt%202020-12-27T16:16:51Z%20and%20contains(Name,'_GRD')"
16PDC/2016-11-03,16PDC,2016-11-03,S2A_MSIL2A_20161103T161432_N0500_R140_T16PDC_20231016T124602.SAFE,2016-11-03T16:14:32Z,S1B_IW_GRDH_1SSV_20161102T114453_20161102T114522_002779_004B4B_E162.SAFE,2016-11-02T11:44:53Z,-28.49,-87.42144,15.783895,"-87.936301, 15.286238, -86.908649, 16.280814","curl -u ""$PL_API_KEY:"" -X POST ""https://api.planet.com/data/v1/quick-search"" -H ""Content-Type: application/json"" -d '{""item_types"":[""PSScene""],""filter"":{""type"":""AndFilter"",""config"":[{""type"":""GeometryFilter"",""field_name"":""geometry"",""config"":{""type"":""Polygon"",""coordinates"":[[[-87.931755484482,15.286237505127],[-87.936300787397,16.278761841138],[-86.908649214991,16.280813604394],[-86.909092758013,15.288158060474],[-87.931755484482,15.286237505127]]]}},{""type"":""DateRangeFilter"",""field_name"":""acquired"",""config"":{""gte"":""2016-11-02T16:14:32Z"",""lte"":""2016-11-04T16:14:32Z""}}]},""sort"":[{""field_name"":""acquired"",""direction"":""asc""}],""limit"":250}'","https://catalogue.dataspace.copernicus.eu/odata/v1/Products?$top=200&$orderby=ContentDate/Start%20asc&$filter=Collection/Name%20eq%20'SENTINEL-1'%20and%20OData.CSC.Intersects(area=geography'SRID=4326;POLYGON((-87.936300787397%2015.286237505127,-87.936300787397%2016.280813604394,-86.908649214991%2016.280813604394,-86.908649214991%2015.286237505127,-87.936300787397%2015.286237505127))')%20and%20ContentDate/Start%20gt%202016-10-19T16:14:32Z%20and%20ContentDate/Start%20lt%202016-11-18T16:14:32Z%20and%20contains(Name,'_GRD')"
16PDC/2018-09-19,16PDC,2018-09-19,S2B_MSIL2A_20180919T160929_N0500_R140_T16PDC_20230623T052740.SAFE,2018-09-19T16:09:29Z,S1A_IW_GRDH_1SDV_20180919T000626_20180919T000651_023760_029754_FD6F.SAFE,2018-09-19T00:06:26Z,-16.05,-87.42144,15.783895,"-87.936301, 15.286238, -86.908649, 16.280814","curl -u ""$PL_API_KEY:"" -X POST ""https://api.planet.com/data/v1/quick-search"" -H ""Content-Type: application/json"" -d '{""item_types"":[""PSScene""],""filter"":{""type"":""AndFilter"",""config"":[{""type"":""GeometryFilter"",""field_name"":""geometry"",""config"":{""type"":""Polygon"",""coordinates"":[[[-87.931755484482,15.286237505127],[-87.936300787397,16.278761841138],[-86.908649214991,16.280813604394],[-86.909092758013,15.288158060474],[-87.931755484482,15.286237505127]]]}},{""type"":""DateRangeFilter"",""field_name"":""acquired"",""config"":{""gte"":""2018-09-18T16:09:29Z"",""lte"":""2018-09-20T16:09:29Z""}}]},""sort"":[{""field_name"":""acquired"",""direction"":""asc""}],""limit"":250}'","https://catalogue.dataspace.copernicus.eu/odata/v1/Products?$top=200&$orderby=ContentDate/Start%20asc&$filter=Collection/Name%20eq%20'SENTINEL-1'%20and%20OData.CSC.Intersects(area=geography'SRID=4326;POLYGON((-87.936300787397%2015.286237505127,-87.936300787397%2016.280813604394,-86.908649214991%2016.280813604394,-86.908649214991%2015.286237505127,-87.936300787397%2015.286237505127))')%20and%20ContentDate/Start%20gt%202018-09-04T16:09:29Z%20and%20ContentDate/Start%20lt%202018-10-04T16:09:29Z%20and%20contains(Name,'_GRD')"
16PDC/2018-10-24,16PDC,2018-10-24,S2A_MSIL2A_20181024T161331_N0500_R140_T16PDC_20230729T044439.SAFE,2018-10-24T16:13:31Z,S1A_IW_GRDH_1SDV_20181024T113745_20181024T113810_024277_02A836_510F.SAFE,2018-10-24T11:37:45Z,-4.60,-87.42144,15.783895,"-87.936301, 15.286238, -86.908649, 16.280814","curl -u ""$PL_API_KEY:"" -X POST ""https://api.planet.com/data/v1/quick-search"" -H ""Content-Type: application/json"" -d '{""item_types"":[""PSScene""],""filter"":{""type"":""AndFilter"",""config"":[{""type"":""GeometryFilter"",""field_name"":""geometry"",""config"":{""type"":""Polygon"",""coordinates"":[[[-87.931755484482,15.286237505127],[-87.936300787397,16.278761841138],[-86.908649214991,16.280813604394],[-86.909092758013,15.288158060474],[-87.931755484482,15.286237505127]]]}},{""type"":""DateRangeFilter"",""field_name"":""acquired"",""config"":{""gte"":""2018-10-23T16:13:31Z"",""lte"":""2018-10-25T16:13:31Z""}}]},""sort"":[{""field_name"":""acquired"",""direction"":""asc""}],""limit"":250}'","https://catalogue.dataspace.copernicus.eu/odata/v1/Products?$top=200&$orderby=ContentDate/Start%20asc&$filter=Collection/Name%20eq%20'SENTINEL-1'%20and%20OData.CSC.Intersects(area=geography'SRID=4326;POLYGON((-87.936300787397%2015.286237505127,-87.936300787397%2016.280813604394,-86.908649214991%2016.280813604394,-86.908649214991%2015.286237505127,-87.936300787397%2015.286237505127))')%20and%20ContentDate/Start%20gt%202018-10-09T16:13:31Z%20and%20ContentDate/Start%20lt%202018-11-08T16:13:31Z%20and%20contains(Name,'_GRD')"
16PDC/2018-11-03,16PDC,2018-11-03,S2A_MSIL2A_20181103T161431_N0500_R140_T16PDC_20230708T055417.SAFE,2018-11-03T16:14:31Z,S1A_IW_GRDH_1SDV_20181105T113716_20181105T113745_024452_02AE25_2BA4.SAFE,2018-11-05T11:37:16Z,+43.38,-87.42144,15.783895,"-87.936301, 15.286238, -86.908649, 16.280814","curl -u ""$PL_API_KEY:"" -X POST ""https://api.planet.com/data/v1/quick-search"" -H ""Content-Type: application/json"" -d '{""item_types"":[""PSScene""],""filter"":{""type"":""AndFilter"",""config"":[{""type"":""GeometryFilter"",""field_name"":""geometry"",""config"":{""type"":""Polygon"",""coordinates"":[[[-87.931755484482,15.286237505127],[-87.936300787397,16.278761841138],[-86.908649214991,16.280813604394],[-86.909092758013,15.288158060474],[-87.931755484482,15.286237505127]]]}},{""type"":""DateRangeFilter"",""field_name"":""acquired"",""config"":{""gte"":""2018-11-02T16:14:31Z"",""lte"":""2018-11-04T16:14:31Z""}}]},""sort"":[{""field_name"":""acquired"",""direction"":""asc""}],""limit"":250}'","https://catalogue.dataspace.copernicus.eu/odata/v1/Products?$top=200&$orderby=ContentDate/Start%20asc&$filter=Collection/Name%20eq%20'SENTINEL-1'%20and%20OData.CSC.Intersects(area=geography'SRID=4326;POLYGON((-87.936300787397%2015.286237505127,-87.936300787397%2016.280813604394,-86.908649214991%2016.280813604394,-86.908649214991%2015.286237505127,-87.936300787397%2015.286237505127))')%20and%20ContentDate/Start%20gt%202018-10-19T16:14:31Z%20and%20ContentDate/Start%20lt%202018-11-18T16:14:31Z%20and%20contains(Name,'_GRD')"
16PDC/2020-09-18,16PDC,2020-09-18,S2B_MSIL2A_20200918T160839_N0500_R140_T16PDC_20230417T044949.SAFE,2020-09-18T16:08:39Z,S1A_IW_GRDH_1SDV_20200919T113728_20200919T113757_034427_040131_4EA8.SAFE,2020-09-19T11:37:28Z,+19.48,-87.42144,15.783895,"-87.936301, 15.286238, -86.908649, 16.280814","curl -u ""$PL_API_KEY:"" -X POST ""https://api.planet.com/data/v1/quick-search"" -H ""Content-Type: application/json"" -d '{""item_types"":[""PSScene""],""filter"":{""type"":""AndFilter"",""config"":[{""type"":""GeometryFilter"",""field_name"":""geometry"",""config"":{""type"":""Polygon"",""coordinates"":[[[-87.931755484482,15.286237505127],[-87.936300787397,16.278761841138],[-86.908649214991,16.280813604394],[-86.909092758013,15.288158060474],[-87.931755484482,15.286237505127]]]}},{""type"":""DateRangeFilter"",""field_name"":""acquired"",""config"":{""gte"":""2020-09-17T16:08:39Z"",""lte"":""2020-09-19T16:08:39Z""}}]},""sort"":[{""field_name"":""acquired"",""direction"":""asc""}],""limit"":250}'","https://catalogue.dataspace.copernicus.eu/odata/v1/Products?$top=200&$orderby=ContentDate/Start%20asc&$filter=Collection/Name%20eq%20'SENTINEL-1'%20and%20OData.CSC.Intersects(area=geography'SRID=4326;POLYGON((-87.936300787397%2015.286237505127,-87.936300787397%2016.280813604394,-86.908649214991%2016.280813604394,-86.908649214991%2015.286237505127,-87.936300787397%2015.286237505127))')%20and%20ContentDate/Start%20gt%202020-09-03T16:08:39Z%20and%20ContentDate/Start%20lt%202020-10-03T16:08:39Z%20and%20contains(Name,'_GRD')"
16PDC/2020-09-28,16PDC,2020-09-28,S2B_MSIL2A_20200928T160949_N0500_R140_T16PDC_20230405T115718.SAFE,2020-09-28T16:09:49Z,S1A_IW_GRDH_1SDV_20200926T235838_20200926T235903_034537_04050D_EE25.SAFE,2020-09-26T23:58:38Z,-40.19,-87.42144,15.783895,"-87.936301, 15.286238, -86.908649, 16.280814","curl -u ""$PL_API_KEY:"" -X POST ""https://api.planet.com/data/v1/quick-search"" -H ""Content-Type: application/json"" -d '{""item_types"":[""PSScene""],""filter"":{""type"":""AndFilter"",""config"":[{""type"":""GeometryFilter"",""field_name"":""geometry"",""config"":{""type"":""Polygon"",""coordinates"":[[[-87.931755484482,15.286237505127],[-87.936300787397,16.278761841138],[-86.908649214991,16.280813604394],[-86.909092758013,15.288158060474],[-87.931755484482,15.286237505127]]]}},{""type"":""DateRangeFilter"",""field_name"":""acquired"",""config"":{""gte"":""2020-09-27T16:09:49Z"",""lte"":""2020-09-29T16:09:49Z""}}]},""sort"":[{""field_name"":""acquired"",""direction"":""asc""}],""limit"":250}'","https://catalogue.dataspace.copernicus.eu/odata/v1/Products?$top=200&$orderby=ContentDate/Start%20asc&$filter=Collection/Name%20eq%20'SENTINEL-1'%20and%20OData.CSC.Intersects(area=geography'SRID=4326;POLYGON((-87.936300787397%2015.286237505127,-87.936300787397%2016.280813604394,-86.908649214991%2016.280813604394,-86.908649214991%2015.286237505127,-87.936300787397%2015.286237505127))')%20and%20ContentDate/Start%20gt%202020-09-13T16:09:49Z%20and%20ContentDate/Start%20lt%202020-10-13T16:09:49Z%20and%20contains(Name,'_GRD')"
16PEC/2015-11-29,16PEC,2015-11-29,S2A_MSIL2A_20151129T161622_N0500_R140_T16PEC_20231015T182659.SAFE,2015-11-29T16:16:22Z,S1A_IW_GRDH_1SSV_20151203T113710_20151203T113739_008877_00CB13_040C.SAFE,2015-12-03T11:37:10Z,+91.35,-86.487627,15.7837,"-87.000187, 15.285842, -85.972550, 16.280833","curl -u ""$PL_API_KEY:"" -X POST ""https://api.planet.com/data/v1/quick-search"" -H ""Content-Type: application/json"" -d '{""item_types"":[""PSScene""],""filter"":{""type"":""AndFilter"",""config"":[{""type"":""GeometryFilter"",""field_name"":""geometry"",""config"":{""type"":""Polygon"",""coordinates"":[[[-87.000186285416,15.288176518162],[-87.000187194318,16.28083332308],[-85.972550104722,16.278338896752],[-85.977537713982,15.28584160725],[-87.000186285416,15.288176518162]]]}},{""type"":""DateRangeFilter"",""field_name"":""acquired"",""config"":{""gte"":""2015-11-28T16:16:22Z"",""lte"":""2015-11-30T16:16:22Z""}}]},""sort"":[{""field_name"":""acquired"",""direction"":""asc""}],""limit"":250}'","https://catalogue.dataspace.copernicus.eu/odata/v1/Products?$top=200&$orderby=ContentDate/Start%20asc&$filter=Collection/Name%20eq%20'SENTINEL-1'%20and%20OData.CSC.Intersects(area=geography'SRID=4326;POLYGON((-87.000187194318%2015.28584160725,-87.000187194318%2016.28083332308,-85.972550104722%2016.28083332308,-85.972550104722%2015.28584160725,-87.000187194318%2015.28584160725))')%20and%20ContentDate/Start%20gt%202015-11-14T16:16:22Z%20and%20ContentDate/Start%20lt%202015-12-14T16:16:22Z%20and%20contains(Name,'_GRD')"
16PEC/2017-01-12,16PEC,2017-01-12,S2A_MSIL2A_20170112T161621_N0500_R140_T16PEC_20231026T055304.SAFE,2017-01-12T16:16:21Z,S1A_IW_GRDH_1SDV_20170109T235750_20170109T235815_014762_01808F_95EC.SAFE,2017-01-09T23:57:50Z,-64.31,-86.487627,15.7837,"-87.000187, 15.285842, -85.972550, 16.280833","curl -u ""$PL_API_KEY:"" -X POST ""https://api.planet.com/data/v1/quick-search"" -H ""Content-Type: application/json"" -d '{""item_types"":[""PSScene""],""filter"":{""type"":""AndFilter"",""config"":[{""type"":""GeometryFilter"",""field_name"":""geometry"",""config"":{""type"":""Polygon"",""coordinates"":[[[-87.000186285416,15.288176518162],[-87.000187194318,16.28083332308],[-85.972550104722,16.278338896752],[-85.977537713982,15.28584160725],[-87.000186285416,15.288176518162]]]}},{""type"":""DateRangeFilter"",""field_name"":""acquired"",""config"":{""gte"":""2017-01-11T16:16:21Z"",""lte"":""2017-01-13T16:16:21Z""}}]},""sort"":[{""field_name"":""acquired"",""direction"":""asc""}],""limit"":250}'","https://catalogue.dataspace.copernicus.eu/odata/v1/Products?$top=200&$orderby=ContentDate/Start%20asc&$filter=Collection/Name%20eq%20'SENTINEL-1'%20and%20OData.CSC.Intersects(area=geography'SRID=4326;POLYGON((-87.000187194318%2015.28584160725,-87.000187194318%2016.28083332308,-85.972550104722%2016.28083332308,-85.972550104722%2015.28584160725,-87.000187194318%2015.28584160725))')%20and%20ContentDate/Start%20gt%202016-12-28T16:16:21Z%20and%20ContentDate/Start%20lt%202017-01-27T16:16:21Z%20and%20contains(Name,'_GRD')"
16PEC/2018-02-16,16PEC,2018-02-16,S2A_MSIL2A_20180216T161341_N0500_R140_T16PEC_20230731T233308.SAFE,2018-02-16T16:13:41Z,S1A_IW_GRDH_1SDV_20180216T234944_20180216T235018_020639_023576_744C.SAFE,2018-02-16T23:49:44Z,+7.60,-86.487627,15.7837,"-87.000187, 15.285842, -85.972550, 16.280833","curl -u ""$PL_API_KEY:"" -X POST ""https://api.planet.com/data/v1/quick-search"" -H ""Content-Type: application/json"" -d '{""item_types"":[""PSScene""],""filter"":{""type"":""AndFilter"",""config"":[{""type"":""GeometryFilter"",""field_name"":""geometry"",""config"":{""type"":""Polygon"",""coordinates"":[[[-87.000186285416,15.288176518162],[-87.000187194318,16.28083332308],[-85.972550104722,16.278338896752],[-85.977537713982,15.28584160725],[-87.000186285416,15.288176518162]]]}},{""type"":""DateRangeFilter"",""field_name"":""acquired"",""config"":{""gte"":""2018-02-15T16:13:41Z"",""lte"":""2018-02-17T16:13:41Z""}}]},""sort"":[{""field_name"":""acquired"",""direction"":""asc""}],""limit"":250}'","https://catalogue.dataspace.copernicus.eu/odata/v1/Products?$top=200&$orderby=ContentDate/Start%20asc&$filter=Collection/Name%20eq%20'SENTINEL-1'%20and%20OData.CSC.Intersects(area=geography'SRID=4326;POLYGON((-87.000187194318%2015.28584160725,-87.000187194318%2016.28083332308,-85.972550104722%2016.28083332308,-85.972550104722%2015.28584160725,-87.000187194318%2015.28584160725))')%20and%20ContentDate/Start%20gt%202018-02-01T16:13:41Z%20and%20ContentDate/Start%20lt%202018-03-03T16:13:41Z%20and%20contains(Name,'_GRD')"
16PEC/2019-01-12,16PEC,2019-01-12,S2A_MSIL2A_20190112T161631_N0500_R140_T16PEC_20221201T023038.SAFE,2019-01-12T16:16:31Z,S1A_IW_GRDH_1SDV_20190111T235823_20190111T235848_025437_02D177_B0A1.SAFE,2019-01-11T23:58:23Z,-16.30,-86.487627,15.7837,"-87.000187, 15.285842, -85.972550, 16.280833","curl -u ""$PL_API_KEY:"" -X POST ""https://api.planet.com/data/v1/quick-search"" -H ""Content-Type: application/json"" -d '{""item_types"":[""PSScene""],""filter"":{""type"":""AndFilter"",""config"":[{""type"":""GeometryFilter"",""field_name"":""geometry"",""config"":{""type"":""Polygon"",""coordinates"":[[[-87.000186285416,15.288176518162],[-87.000187194318,16.28083332308],[-85.972550104722,16.278338896752],[-85.977537713982,15.28584160725],[-87.000186285416,15.288176518162]]]}},{""type"":""DateRangeFilter"",""field_name"":""acquired"",""config"":{""gte"":""2019-01-11T16:16:31Z"",""lte"":""2019-01-13T16:16:31Z""}}]},""sort"":[{""field_name"":""acquired"",""direction"":""asc""}],""limit"":250}'","https://catalogue.dataspace.copernicus.eu/odata/v1/Products?$top=200&$orderby=ContentDate/Start%20asc&$filter=Collection/Name%20eq%20'SENTINEL-1'%20and%20OData.CSC.Intersects(area=geography'SRID=4326;POLYGON((-87.000187194318%2015.28584160725,-87.000187194318%2016.28083332308,-85.972550104722%2016.28083332308,-85.972550104722%2015.28584160725,-87.000187194318%2015.28584160725))')%20and%20ContentDate/Start%20gt%202018-12-28T16:16:31Z%20and%20ContentDate/Start%20lt%202019-01-27T16:16:31Z%20and%20contains(Name,'_GRD')"
16QED/2019-01-27,16QED,2019-01-27,S2B_MSIL2A_20190127T161539_N0500_R140_T16QED_20221220T023711.SAFE,2019-01-27T16:15:39Z,S1A_IW_GRDH_1SDV_20190128T113713_20190128T113742_025677_02DA37_D0ED.SAFE,2019-01-28T11:37:13Z,+19.36,-86.485281,16.687853,"-87.000188, 16.189940, -85.967695, 17.184992","curl -u ""$PL_API_KEY:"" -X POST ""https://api.planet.com/data/v1/quick-search"" -H ""Content-Type: application/json"" -d '{""item_types"":[""PSScene""],""filter"":{""type"":""AndFilter"",""config"":[{""type"":""GeometryFilter"",""field_name"":""geometry"",""config"":{""type"":""Polygon"",""coordinates"":[[[-87.000187110734,16.192420048588],[-87.000188079068,17.184992362534],[-85.967695040155,17.182351280374],[-85.973008771526,16.189939891755],[-87.000187110734,16.192420048588]]]}},{""type"":""DateRangeFilter"",""field_name"":""acquired"",""config"":{""gte"":""2019-01-26T16:15:39Z"",""lte"":""2019-01-28T16:15:39Z""}}]},""sort"":[{""field_name"":""acquired"",""direction"":""asc""}],""limit"":250}'","https://catalogue.dataspace.copernicus.eu/odata/v1/Products?$top=200&$orderby=ContentDate/Start%20asc&$filter=Collection/Name%20eq%20'SENTINEL-1'%20and%20OData.CSC.Intersects(area=geography'SRID=4326;POLYGON((-87.000188079068%2016.189939891755,-87.000188079068%2017.184992362534,-85.967695040155%2017.184992362534,-85.967695040155%2016.189939891755,-87.000188079068%2016.189939891755))')%20and%20ContentDate/Start%20gt%202019-01-12T16:15:39Z%20and%20ContentDate/Start%20lt%202019-02-11T16:15:39Z%20and%20contains(Name,'_GRD')"
18QWF/2020-03-22,18QWF,2020-03-22,S2A_MSIL2A_20200322T153621_N0500_R068_T18QWF_20230409T004032.SAFE,2020-03-22T15:36:21Z,S1A_IW_GRDH_1SDV_20200322T105528_20200322T105545_031787_03AABF_D9D0.SAFE,2020-03-22T10:55:28Z,-4.68,-74.480138,18.495374,"-75.000190, 17.997356, -73.957069, 18.992522","curl -u ""$PL_API_KEY:"" -X POST ""https://api.planet.com/data/v1/quick-search"" -H ""Content-Type: application/json"" -d '{""item_types"":[""PSScene""],""filter"":{""type"":""AndFilter"",""config"":[{""type"":""GeometryFilter"",""field_name"":""geometry"",""config"":{""type"":""Polygon"",""coordinates"":[[[-75.000188924236,18.000130679619],[-75.000190015461,18.99252174743],[-73.957069143733,18.989583216997],[-73.963057198647,17.997356190908],[-75.000188924236,18.000130679619]]]}},{""type"":""DateRangeFilter"",""field_name"":""acquired"",""config"":{""gte"":""2020-03-21T15:36:21Z"",""lte"":""2020-03-23T15:36:21Z""}}]},""sort"":[{""field_name"":""acquired"",""direction"":""asc""}],""limit"":250}'","https://catalogue.dataspace.copernicus.eu/odata/v1/Products?$top=200&$orderby=ContentDate/Start%20asc&$filter=Collection/Name%20eq%20'SENTINEL-1'%20and%20OData.CSC.Intersects(area=geography'SRID=4326;POLYGON((-75.000190015461%2017.997356190908,-75.000190015461%2018.99252174743,-73.957069143733%2018.99252174743,-73.957069143733%2017.997356190908,-75.000190015461%2017.997356190908))')%20and%20ContentDate/Start%20gt%202020-03-07T15:36:21Z%20and%20ContentDate/Start%20lt%202020-04-06T15:36:21Z%20and%20contains(Name,'_GRD')"
18QYF/2020-03-14,18QYF,2020-03-14,S2B_MSIL2A_20200314T152639_N0500_R025_T18QYF_20230413T052342.SAFE,2020-03-14T15:26:39Z,S1A_IW_GRDH_1SDV_20200314T225255_20200314T225324_031678_03A6F0_5E0A.SAFE,2020-03-14T22:52:55Z,+7.44,-72.586539,18.480704,"-73.111512, 17.978061, -72.058477, 18.982776","curl -u ""$PL_API_KEY:"" -X POST ""https://api.planet.com/data/v1/quick-search"" -H ""Content-Type: application/json"" -d '{""item_types"":[""PSScene""],""filter"":{""type"":""AndFilter"",""config"":[{""type"":""GeometryFilter"",""field_name"":""geometry"",""config"":{""type"":""Polygon"",""coordinates"":[[[-73.111512064312,17.990928500792],[-73.100612138549,18.98277551047],[-72.058477454288,18.969147645145],[-72.07534068337,17.978061280425],[-73.111512064312,17.990928500792]]]}},{""type"":""DateRangeFilter"",""field_name"":""acquired"",""config"":{""gte"":""2020-03-13T15:26:39Z"",""lte"":""2020-03-15T15:26:39Z""}}]},""sort"":[{""field_name"":""acquired"",""direction"":""asc""}],""limit"":250}'","https://catalogue.dataspace.copernicus.eu/odata/v1/Products?$top=200&$orderby=ContentDate/Start%20asc&$filter=Collection/Name%20eq%20'SENTINEL-1'%20and%20OData.CSC.Intersects(area=geography'SRID=4326;POLYGON((-73.111512064312%2017.978061280425,-73.111512064312%2018.98277551047,-72.058477454288%2018.98277551047,-72.058477454288%2017.978061280425,-73.111512064312%2017.978061280425))')%20and%20ContentDate/Start%20gt%202020-02-28T15:26:39Z%20and%20ContentDate/Start%20lt%202020-03-29T15:26:39Z%20and%20contains(Name,'_GRD')"
18QYF/2020-03-19,18QYF,2020-03-19,S2A_MSIL2A_20200319T152641_N0500_R025_T18QYF_20230628T061226.SAFE,2020-03-19T15:26:41Z,S1A_IW_GRDH_1SDV_20200319T230056_20200319T230121_031751_03A974_0F6A.SAFE,2020-03-19T23:00:56Z,+7.57,-72.586539,18.480704,"-73.111512, 17.978061, -72.058477, 18.982776","curl -u ""$PL_API_KEY:"" -X POST ""https://api.planet.com/data/v1/quick-search"" -H ""Content-Type: application/json"" -d '{""item_types"":[""PSScene""],""filter"":{""type"":""AndFilter"",""config"":[{""type"":""GeometryFilter"",""field_name"":""geometry"",""config"":{""type"":""Polygon"",""coordinates"":[[[-73.111512064312,17.990928500792],[-73.100612138549,18.98277551047],[-72.058477454288,18.969147645145],[-72.07534068337,17.978061280425],[-73.111512064312,17.990928500792]]]}},{""type"":""DateRangeFilter"",""field_name"":""acquired"",""config"":{""gte"":""2020-03-18T15:26:41Z"",""lte"":""2020-03-20T15:26:41Z""}}]},""sort"":[{""field_name"":""acquired"",""direction"":""asc""}],""limit"":250}'","https://catalogue.dataspace.copernicus.eu/odata/v1/Products?$top=200&$orderby=ContentDate/Start%20asc&$filter=Collection/Name%20eq%20'SENTINEL-1'%20and%20OData.CSC.Intersects(area=geography'SRID=4326;POLYGON((-73.111512064312%2017.978061280425,-73.111512064312%2018.98277551047,-72.058477454288%2018.98277551047,-72.058477454288%2017.978061280425,-73.111512064312%2017.978061280425))')%20and%20ContentDate/Start%20gt%202020-03-04T15:26:41Z%20and%20ContentDate/Start%20lt%202020-04-03T15:26:41Z%20and%20contains(Name,'_GRD')"
18QYF/2020-03-24,18QYF,2020-03-24,S2B_MSIL2A_20200324T152639_N0500_R025_T18QYF_20230419T140420.SAFE,2020-03-24T15:26:39Z,S1A_IW_GRDH_1SDV_20200326T225255_20200326T225324_031853_03AD19_A84D.SAFE,2020-03-26T22:52:55Z,+55.44,-72.586539,18.480704,"-73.111512, 17.978061, -72.058477, 18.982776","curl -u ""$PL_API_KEY:"" -X POST ""https://api.planet.com/data/v1/quick-search"" -H ""Content-Type: application/json"" -d '{""item_types"":[""PSScene""],""filter"":{""type"":""AndFilter"",""config"":[{""type"":""GeometryFilter"",""field_name"":""geometry"",""config"":{""type"":""Polygon"",""coordinates"":[[[-73.111512064312,17.990928500792],[-73.100612138549,18.98277551047],[-72.058477454288,18.969147645145],[-72.07534068337,17.978061280425],[-73.111512064312,17.990928500792]]]}},{""type"":""DateRangeFilter"",""field_name"":""acquired"",""config"":{""gte"":""2020-03-23T15:26:39Z"",""lte"":""2020-03-25T15:26:39Z""}}]},""sort"":[{""field_name"":""acquired"",""direction"":""asc""}],""limit"":250}'","https://catalogue.dataspace.copernicus.eu/odata/v1/Products?$top=200&$orderby=ContentDate/Start%20asc&$filter=Collection/Name%20eq%20'SENTINEL-1'%20and%20OData.CSC.Intersects(area=geography'SRID=4326;POLYGON((-73.111512064312%2017.978061280425,-73.111512064312%2018.98277551047,-72.058477454288%2018.98277551047,-72.058477454288%2017.978061280425,-73.111512064312%2017.978061280425))')%20and%20ContentDate/Start%20gt%202020-03-09T15:26:39Z%20and%20ContentDate/Start%20lt%202020-04-08T15:26:39Z%20and%20contains(Name,'_GRD')"
18QYF/2020-09-15,18QYF,2020-09-15,S2A_MSIL2A_20200915T152641_N0500_R025_T18QYF_20230421T222824.SAFE,2020-09-15T15:26:41Z,S1A_IW_GRDH_1SDV_20200915T230105_20200915T230130_034376_03FF59_88A1.SAFE,2020-09-15T23:01:05Z,+7.57,-72.586539,18.480704,"-73.111512, 17.978061, -72.058477, 18.982776","curl -u ""$PL_API_KEY:"" -X POST ""https://api.planet.com/data/v1/quick-search"" -H ""Content-Type: application/json"" -d '{""item_types"":[""PSScene""],""filter"":{""type"":""AndFilter"",""config"":[{""type"":""GeometryFilter"",""field_name"":""geometry"",""config"":{""type"":""Polygon"",""coordinates"":[[[-73.111512064312,17.990928500792],[-73.100612138549,18.98277551047],[-72.058477454288,18.969147645145],[-72.07534068337,17.978061280425],[-73.111512064312,17.990928500792]]]}},{""type"":""DateRangeFilter"",""field_name"":""acquired"",""config"":{""gte"":""2020-09-14T15:26:41Z"",""lte"":""2020-09-16T15:26:41Z""}}]},""sort"":[{""field_name"":""acquired"",""direction"":""asc""}],""limit"":250}'","https://catalogue.dataspace.copernicus.eu/odata/v1/Products?$top=200&$orderby=ContentDate/Start%20asc&$filter=Collection/Name%20eq%20'SENTINEL-1'%20and%20OData.CSC.Intersects(area=geography'SRID=4326;POLYGON((-73.111512064312%2017.978061280425,-73.111512064312%2018.98277551047,-72.058477454288%2018.98277551047,-72.058477454288%2017.978061280425,-73.111512064312%2017.978061280425))')%20and%20ContentDate/Start%20gt%202020-08-31T15:26:41Z%20and%20ContentDate/Start%20lt%202020-09-30T15:26:41Z%20and%20contains(Name,'_GRD')"
18QYF/2020-10-15,18QYF,2020-10-15,S2A_MSIL2A_20201015T152651_N0500_R025_T18QYF_20230325T082659.SAFE,2020-10-15T15:26:51Z,S1A_IW_GRDH_1SDV_20201014T103932_20201014T103958_034791_040DF9_D62F.SAFE,2020-10-14T10:39:32Z,-28.79,-72.586539,18.480704,"-73.111512, 17.978061, -72.058477, 18.982776","curl -u ""$PL_API_KEY:"" -X POST ""https://api.planet.com/data/v1/quick-search"" -H ""Content-Type: application/json"" -d '{""item_types"":[""PSScene""],""filter"":{""type"":""AndFilter"",""config"":[{""type"":""GeometryFilter"",""field_name"":""geometry"",""config"":{""type"":""Polygon"",""coordinates"":[[[-73.111512064312,17.990928500792],[-73.100612138549,18.98277551047],[-72.058477454288,18.969147645145],[-72.07534068337,17.978061280425],[-73.111512064312,17.990928500792]]]}},{""type"":""DateRangeFilter"",""field_name"":""acquired"",""config"":{""gte"":""2020-10-14T15:26:51Z"",""lte"":""2020-10-16T15:26:51Z""}}]},""sort"":[{""field_name"":""acquired"",""direction"":""asc""}],""limit"":250}'","https://catalogue.dataspace.copernicus.eu/odata/v1/Products?$top=200&$orderby=ContentDate/Start%20asc&$filter=Collection/Name%20eq%20'SENTINEL-1'%20and%20OData.CSC.Intersects(area=geography'SRID=4326;POLYGON((-73.111512064312%2017.978061280425,-73.111512064312%2018.98277551047,-72.058477454288%2018.98277551047,-72.058477454288%2017.978061280425,-73.111512064312%2017.978061280425))')%20and%20ContentDate/Start%20gt%202020-09-30T15:26:51Z%20and%20ContentDate/Start%20lt%202020-10-30T15:26:51Z%20and%20contains(Name,'_GRD')"
18QYF/2020-10-20,18QYF,2020-10-20,S2B_MSIL2A_20201020T152639_N0500_R025_T18QYF_20230326T095308.SAFE,2020-10-20T15:26:39Z,S1A_IW_GRDH_1SDV_20201019T104733_20201019T104758_034864_041080_7270.SAFE,2020-10-19T10:47:33Z,-28.65,-72.586539,18.480704,"-73.111512, 17.978061, -72.058477, 18.982776","curl -u ""$PL_API_KEY:"" -X POST ""https://api.planet.com/data/v1/quick-search"" -H ""Content-Type: application/json"" -d '{""item_types"":[""PSScene""],""filter"":{""type"":""AndFilter"",""config"":[{""type"":""GeometryFilter"",""field_name"":""geometry"",""config"":{""type"":""Polygon"",""coordinates"":[[[-73.111512064312,17.990928500792],[-73.100612138549,18.98277551047],[-72.058477454288,18.969147645145],[-72.07534068337,17.978061280425],[-73.111512064312,17.990928500792]]]}},{""type"":""DateRangeFilter"",""field_name"":""acquired"",""config"":{""gte"":""2020-10-19T15:26:39Z"",""lte"":""2020-10-21T15:26:39Z""}}]},""sort"":[{""field_name"":""acquired"",""direction"":""asc""}],""limit"":250}'","https://catalogue.dataspace.copernicus.eu/odata/v1/Products?$top=200&$orderby=ContentDate/Start%20asc&$filter=Collection/Name%20eq%20'SENTINEL-1'%20and%20OData.CSC.Intersects(area=geography'SRID=4326;POLYGON((-73.111512064312%2017.978061280425,-73.111512064312%2018.98277551047,-72.058477454288%2018.98277551047,-72.058477454288%2017.978061280425,-73.111512064312%2017.978061280425))')%20and%20ContentDate/Start%20gt%202020-10-05T15:26:39Z%20and%20ContentDate/Start%20lt%202020-11-04T15:26:39Z%20and%20contains(Name,'_GRD')"
18QYF/2020-11-29,18QYF,2020-11-29,S2B_MSIL2A_20201129T152639_N0500_R025_T18QYF_20230304T135612.SAFE,2020-11-29T15:26:39Z,S1A_IW_GRDH_1SDV_20201201T103906_20201201T103931_035491_042635_8D3F.SAFE,2020-12-01T10:39:06Z,+43.21,-72.586539,18.480704,"-73.111512, 17.978061, -72.058477, 18.982776","curl -u ""$PL_API_KEY:"" -X POST ""https://api.planet.com/data/v1/quick-search"" -H ""Content-Type: application/json"" -d '{""item_types"":[""PSScene""],""filter"":{""type"":""AndFilter"",""config"":[{""type"":""GeometryFilter"",""field_name"":""geometry"",""config"":{""type"":""Polygon"",""coordinates"":[[[-73.111512064312,17.990928500792],[-73.100612138549,18.98277551047],[-72.058477454288,18.969147645145],[-72.07534068337,17.978061280425],[-73.111512064312,17.990928500792]]]}},{""type"":""DateRangeFilter"",""field_name"":""acquired"",""config"":{""gte"":""2020-11-28T15:26:39Z"",""lte"":""2020-11-30T15:26:39Z""}}]},""sort"":[{""field_name"":""acquired"",""direction"":""asc""}],""limit"":250}'","https://catalogue.dataspace.copernicus.eu/odata/v1/Products?$top=200&$orderby=ContentDate/Start%20asc&$filter=Collection/Name%20eq%20'SENTINEL-1'%20and%20OData.CSC.Intersects(area=geography'SRID=4326;POLYGON((-73.111512064312%2017.978061280425,-73.111512064312%2018.98277551047,-72.058477454288%2018.98277551047,-72.058477454288%2017.978061280425,-73.111512064312%2017.978061280425))')%20and%20ContentDate/Start%20gt%202020-11-14T15:26:39Z%20and%20ContentDate/Start%20lt%202020-12-14T15:26:39Z%20and%20contains(Name,'_GRD')"
18QYF/2020-12-04,18QYF,2020-12-04,S2A_MSIL2A_20201204T152641_N0500_R025_T18QYF_20230301T233824.SAFE,2020-12-04T15:26:41Z,S1A_IW_GRDH_1SDV_20201203T225333_20201203T225358_035528_04276A_5AA8.SAFE,2020-12-03T22:53:33Z,-16.55,-72.586539,18.480704,"-73.111512, 17.978061, -72.058477, 18.982776","curl -u ""$PL_API_KEY:"" -X POST ""https://api.planet.com/data/v1/quick-search"" -H ""Content-Type: application/json"" -d '{""item_types"":[""PSScene""],""filter"":{""type"":""AndFilter"",""config"":[{""type"":""GeometryFilter"",""field_name"":""geometry"",""config"":{""type"":""Polygon"",""coordinates"":[[[-73.111512064312,17.990928500792],[-73.100612138549,18.98277551047],[-72.058477454288,18.969147645145],[-72.07534068337,17.978061280425],[-73.111512064312,17.990928500792]]]}},{""type"":""DateRangeFilter"",""field_name"":""acquired"",""config"":{""gte"":""2020-12-03T15:26:41Z"",""lte"":""2020-12-05T15:26:41Z""}}]},""sort"":[{""field_name"":""acquired"",""direction"":""asc""}],""limit"":250}'","https://catalogue.dataspace.copernicus.eu/odata/v1/Products?$top=200&$orderby=ContentDate/Start%20asc&$filter=Collection/Name%20eq%20'SENTINEL-1'%20and%20OData.CSC.Intersects(area=geography'SRID=4326;POLYGON((-73.111512064312%2017.978061280425,-73.111512064312%2018.98277551047,-72.058477454288%2018.98277551047,-72.058477454288%2017.978061280425,-73.111512064312%2017.978061280425))')%20and%20ContentDate/Start%20gt%202020-11-19T15:26:41Z%20and%20ContentDate/Start%20lt%202020-12-19T15:26:41Z%20and%20contains(Name,'_GRD')"
18QYF/2020-12-14,18QYF,2020-12-14,S2A_MSIL2A_20201214T152641_N0500_R025_T18QYF_20230226T234123.SAFE,2020-12-14T15:26:41Z,S1A_IW_GRDH_1SDV_20201213T103931_20201213T103957_035666_042C30_87CB.SAFE,2020-12-13T10:39:31Z,-28.79,-72.586539,18.480704,"-73.111512, 17.978061, -72.058477, 18.982776","curl -u ""$PL_API_KEY:"" -X POST ""https://api.planet.com/data/v1/quick-search"" -H ""Content-Type: application/json"" -d '{""item_types"":[""PSScene""],""filter"":{""type"":""AndFilter"",""config"":[{""type"":""GeometryFilter"",""field_name"":""geometry"",""config"":{""type"":""Polygon"",""coordinates"":[[[-73.111512064312,17.990928500792],[-73.100612138549,18.98277551047],[-72.058477454288,18.969147645145],[-72.07534068337,17.978061280425],[-73.111512064312,17.990928500792]]]}},{""type"":""DateRangeFilter"",""field_name"":""acquired"",""config"":{""gte"":""2020-12-13T15:26:41Z"",""lte"":""2020-12-15T15:26:41Z""}}]},""sort"":[{""field_name"":""acquired"",""direction"":""asc""}],""limit"":250}'","https://catalogue.dataspace.copernicus.eu/odata/v1/Products?$top=200&$orderby=ContentDate/Start%20asc&$filter=Collection/Name%20eq%20'SENTINEL-1'%20and%20OData.CSC.Intersects(area=geography'SRID=4326;POLYGON((-73.111512064312%2017.978061280425,-73.111512064312%2018.98277551047,-72.058477454288%2018.98277551047,-72.058477454288%2017.978061280425,-73.111512064312%2017.978061280425))')%20and%20ContentDate/Start%20gt%202020-11-29T15:26:41Z%20and%20ContentDate/Start%20lt%202020-12-29T15:26:41Z%20and%20contains(Name,'_GRD')"
18QYF/2020-12-22,18QYF,2020-12-22,S2B_MSIL2A_20201222T153619_N0500_R068_T18QYF_20230320T143352.SAFE,2020-12-22T15:36:19Z,S1A_IW_GRDH_1SDV_20201220T230129_20201220T230154_035776_042FF7_9AD2.SAFE,2020-12-20T23:01:29Z,-40.58,-72.586539,18.480704,"-73.111512, 17.978061, -72.058477, 18.982776","curl -u ""$PL_API_KEY:"" -X POST ""https://api.planet.com/data/v1/quick-search"" -H ""Content-Type: application/json"" -d '{""item_types"":[""PSScene""],""filter"":{""type"":""AndFilter"",""config"":[{""type"":""GeometryFilter"",""field_name"":""geometry"",""config"":{""type"":""Polygon"",""coordinates"":[[[-73.111512064312,17.990928500792],[-73.100612138549,18.98277551047],[-72.058477454288,18.969147645145],[-72.07534068337,17.978061280425],[-73.111512064312,17.990928500792]]]}},{""type"":""DateRangeFilter"",""field_name"":""acquired"",""config"":{""gte"":""2020-12-21T15:36:19Z"",""lte"":""2020-12-23T15:36:19Z""}}]},""sort"":[{""field_name"":""acquired"",""direction"":""asc""}],""limit"":250}'","https://catalogue.dataspace.copernicus.eu/odata/v1/Products?$top=200&$orderby=ContentDate/Start%20asc&$filter=Collection/Name%20eq%20'SENTINEL-1'%20and%20OData.CSC.Intersects(area=geography'SRID=4326;POLYGON((-73.111512064312%2017.978061280425,-73.111512064312%2018.98277551047,-72.058477454288%2018.98277551047,-72.058477454288%2017.978061280425,-73.111512064312%2017.978061280425))')%20and%20ContentDate/Start%20gt%202020-12-07T15:36:19Z%20and%20ContentDate/Start%20lt%202021-01-06T15:36:19Z%20and%20contains(Name,'_GRD')"
18QYF/2020-12-29,18QYF,2020-12-29,S2B_MSIL2A_20201229T152639_N0500_R025_T18QYF_20230228T122104.SAFE,2020-12-29T15:26:39Z,S1A_IW_GRDH_1SDV_20201230T104731_20201230T104756_035914_0434CF_3FB2.SAFE,2020-12-30T10:47:31Z,+19.35,-72.586539,18.480704,"-73.111512, 17.978061, -72.058477, 18.982776","curl -u ""$PL_API_KEY:"" -X POST ""https://api.planet.com/data/v1/quick-search"" -H ""Content-Type: application/json"" -d '{""item_types"":[""PSScene""],""filter"":{""type"":""AndFilter"",""config"":[{""type"":""GeometryFilter"",""field_name"":""geometry"",""config"":{""type"":""Polygon"",""coordinates"":[[[-73.111512064312,17.990928500792],[-73.100612138549,18.98277551047],[-72.058477454288,18.969147645145],[-72.07534068337,17.978061280425],[-73.111512064312,17.990928500792]]]}},{""type"":""DateRangeFilter"",""field_name"":""acquired"",""config"":{""gte"":""2020-12-28T15:26:39Z"",""lte"":""2020-12-30T15:26:39Z""}}]},""sort"":[{""field_name"":""acquired"",""direction"":""asc""}],""limit"":250}'","https://catalogue.dataspace.copernicus.eu/odata/v1/Products?$top=200&$orderby=ContentDate/Start%20asc&$filter=Collection/Name%20eq%20'SENTINEL-1'%20and%20OData.CSC.Intersects(area=geography'SRID=4326;POLYGON((-73.111512064312%2017.978061280425,-73.111512064312%2018.98277551047,-72.058477454288%2018.98277551047,-72.058477454288%2017.978061280425,-73.111512064312%2017.978061280425))')%20and%20ContentDate/Start%20gt%202020-12-14T15:26:39Z%20and%20ContentDate/Start%20lt%202021-01-13T15:26:39Z%20and%20contains(Name,'_GRD')"
18QYF/2021-01-03,18QYF,2021-01-03,S2A_MSIL2A_20210103T152641_N0500_R025_T18QYF_20230224T115751.SAFE,2021-01-03T15:26:41Z,S1A_IW_GRDH_1SDV_20210101T230129_20210101T230154_035951_04360B_8AE5.SAFE,2021-01-01T23:01:29Z,-40.42,-72.586539,18.480704,"-73.111512, 17.978061, -72.058477, 18.982776","curl -u ""$PL_API_KEY:"" -X POST ""https://api.planet.com/data/v1/quick-search"" -H ""Content-Type: application/json"" -d '{""item_types"":[""PSScene""],""filter"":{""type"":""AndFilter"",""config"":[{""type"":""GeometryFilter"",""field_name"":""geometry"",""config"":{""type"":""Polygon"",""coordinates"":[[[-73.111512064312,17.990928500792],[-73.100612138549,18.98277551047],[-72.058477454288,18.969147645145],[-72.07534068337,17.978061280425],[-73.111512064312,17.990928500792]]]}},{""type"":""DateRangeFilter"",""field_name"":""acquired"",""config"":{""gte"":""2021-01-02T15:26:41Z"",""lte"":""2021-01-04T15:26:41Z""}}]},""sort"":[{""field_name"":""acquired"",""direction"":""asc""}],""limit"":250}'","https://catalogue.dataspace.copernicus.eu/odata/v1/Products?$top=200&$orderby=ContentDate/Start%20asc&$filter=Collection/Name%20eq%20'SENTINEL-1'%20and%20OData.CSC.Intersects(area=geography'SRID=4326;POLYGON((-73.111512064312%2017.978061280425,-73.111512064312%2018.98277551047,-72.058477454288%2018.98277551047,-72.058477454288%2017.978061280425,-73.111512064312%2017.978061280425))')%20and%20ContentDate/Start%20gt%202020-12-19T15:26:41Z%20and%20ContentDate/Start%20lt%202021-01-18T15:26:41Z%20and%20contains(Name,'_GRD')"
18QYF/2021-01-23,18QYF,2021-01-23,S2A_MSIL2A_20210123T152641_N0500_R025_T18QYF_20230522T075438.SAFE,2021-01-23T15:26:41Z,S1A_IW_GRDH_1SDV_20210123T104730_20210123T104755_036264_0440FD_0044.SAFE,2021-01-23T10:47:30Z,-4.65,-72.586539,18.480704,"-73.111512, 17.978061, -72.058477, 18.982776","curl -u ""$PL_API_KEY:"" -X POST ""https://api.planet.com/data/v1/quick-search"" -H ""Content-Type: application/json"" -d '{""item_types"":[""PSScene""],""filter"":{""type"":""AndFilter"",""config"":[{""type"":""GeometryFilter"",""field_name"":""geometry"",""config"":{""type"":""Polygon"",""coordinates"":[[[-73.111512064312,17.990928500792],[-73.100612138549,18.98277551047],[-72.058477454288,18.969147645145],[-72.07534068337,17.978061280425],[-73.111512064312,17.990928500792]]]}},{""type"":""DateRangeFilter"",""field_name"":""acquired"",""config"":{""gte"":""2021-01-22T15:26:41Z"",""lte"":""2021-01-24T15:26:41Z""}}]},""sort"":[{""field_name"":""acquired"",""direction"":""asc""}],""limit"":250}'","https://catalogue.dataspace.copernicus.eu/odata/v1/Products?$top=200&$orderby=ContentDate/Start%20asc&$filter=Collection/Name%20eq%20'SENTINEL-1'%20and%20OData.CSC.Intersects(area=geography'SRID=4326;POLYGON((-73.111512064312%2017.978061280425,-73.111512064312%2018.98277551047,-72.058477454288%2018.98277551047,-72.058477454288%2017.978061280425,-73.111512064312%2017.978061280425))')%20and%20ContentDate/Start%20gt%202021-01-08T15:26:41Z%20and%20ContentDate/Start%20lt%202021-02-07T15:26:41Z%20and%20contains(Name,'_GRD')"
19QDA/2019-01-11,19QDA,2019-01-11,S2A_MSIL2A_20190111T151701_N0500_R125_T19QDA_20221216T230603.SAFE,2019-01-11T15:17:01Z,S1A_IW_GRDH_1SDV_20190114T224426_20190114T224451_025480_02D2FE_D290.SAFE,2019-01-14T22:44:26Z,+79.46,-69.4276,18.495605,"-69.950409, 17.997827, -68.907273, 18.992499","curl -u ""$PL_API_KEY:"" -X POST ""https://api.planet.com/data/v1/quick-search"" -H ""Content-Type: application/json"" -d '{""item_types"":[""PSScene""],""filter"":{""type"":""AndFilter"",""config"":[{""type"":""GeometryFilter"",""field_name"":""geometry"",""config"":{""type"":""Polygon"",""coordinates"":[[[-69.944951859406,17.997826620919],[-69.950408896139,18.990081460811],[-68.907272500084,18.992498518002],[-68.9078050167,18.00010874698],[-69.944951859406,17.997826620919]]]}},{""type"":""DateRangeFilter"",""field_name"":""acquired"",""config"":{""gte"":""2019-01-10T15:17:01Z"",""lte"":""2019-01-12T15:17:01Z""}}]},""sort"":[{""field_name"":""acquired"",""direction"":""asc""}],""limit"":250}'","https://catalogue.dataspace.copernicus.eu/odata/v1/Products?$top=200&$orderby=ContentDate/Start%20asc&$filter=Collection/Name%20eq%20'SENTINEL-1'%20and%20OData.CSC.Intersects(area=geography'SRID=4326;POLYGON((-69.950408896139%2017.997826620919,-69.950408896139%2018.992498518002,-68.907272500084%2018.992498518002,-68.907272500084%2017.997826620919,-69.950408896139%2017.997826620919))')%20and%20ContentDate/Start%20gt%202018-12-27T15:17:01Z%20and%20ContentDate/Start%20lt%202019-01-26T15:17:01Z%20and%20contains(Name,'_GRD')"
30VWH/2018-04-20,30VWH,2018-04-20,S2A_MSIL2A_20180420T112121_N0500_R037_T30VWH_20230724T141102.SAFE,2018-04-20T11:21:21Z,S1A_IW_GRDH_1SDV_20180420T063802_20180420T063827_021547_02521F_5A49.SAFE,2018-04-20T06:38:02Z,-4.72,-2.112036,56.346324,"-3.000328, 55.844831, -1.200894, 56.843812","curl -u ""$PL_API_KEY:"" -X POST ""https://api.planet.com/data/v1/quick-search"" -H ""Content-Type: application/json"" -d '{""item_types"":[""PSScene""],""filter"":{""type"":""AndFilter"",""config"":[{""type"":""GeometryFilter"",""field_name"":""geometry"",""config"":{""type"":""Polygon"",""coordinates"":[[[-3.00031950214,55.857321125169],[-3.00032785736,56.843811817216],[-1.200894148486,56.83084907243],[-1.246714135803,55.844830526215],[-3.00031950214,55.857321125169]]]}},{""type"":""DateRangeFilter"",""field_name"":""acquired"",""config"":{""gte"":""2018-04-19T11:21:21Z"",""lte"":""2018-04-21T11:21:21Z""}}]},""sort"":[{""field_name"":""acquired"",""direction"":""asc""}],""limit"":250}'","https://catalogue.dataspace.copernicus.eu/odata/v1/Products?$top=200&$orderby=ContentDate/Start%20asc&$filter=Collection/Name%20eq%20'SENTINEL-1'%20and%20OData.CSC.Intersects(area=geography'SRID=4326;POLYGON((-3.00032785736%2055.844830526215,-3.00032785736%2056.843811817216,-1.200894148486%2056.843811817216,-1.200894148486%2055.844830526215,-3.00032785736%2055.844830526215))')%20and%20ContentDate/Start%20gt%202018-04-05T11:21:21Z%20and%20ContentDate/Start%20lt%202018-05-05T11:21:21Z%20and%20contains(Name,'_GRD')"
36JUN/2019-04-24,36JUN,2019-04-24,S2B_MSIL2A_20190424T073619_N0500_R092_T36JUN_20221021T090529.SAFE,2019-04-24T07:36:19Z,S1B_IW_GRDH_1SDV_20190425T031056_20190425T031121_015957_01DFC7_79A2.SAFE,2019-04-25T03:10:56Z,+19.58,31.504368,-29.414439,"30.928589, -29.915419, 32.074614, -28.912113","curl -u ""$PL_API_KEY:"" -X POST ""https://api.planet.com/data/v1/quick-search"" -H ""Content-Type: application/json"" -d '{""item_types"":[""PSScene""],""filter"":{""type"":""AndFilter"",""config"":[{""type"":""GeometryFilter"",""field_name"":""geometry"",""config"":{""type"":""Polygon"",""coordinates"":[[[30.928588551878,-29.902459801629],[30.948578714587,-28.912112670223],[32.074614028227,-28.924561092507],[32.06559033326,-29.915419091433],[30.928588551878,-29.902459801629]]]}},{""type"":""DateRangeFilter"",""field_name"":""acquired"",""config"":{""gte"":""2019-04-23T07:36:19Z"",""lte"":""2019-04-25T07:36:19Z""}}]},""sort"":[{""field_name"":""acquired"",""direction"":""asc""}],""limit"":250}'","https://catalogue.dataspace.copernicus.eu/odata/v1/Products?$top=200&$orderby=ContentDate/Start%20asc&$filter=Collection/Name%20eq%20'SENTINEL-1'%20and%20OData.CSC.Intersects(area=geography'SRID=4326;POLYGON((30.928588551878%20-29.915419091433,30.928588551878%20-28.912112670223,32.074614028227%20-28.912112670223,32.074614028227%20-29.915419091433,30.928588551878%20-29.915419091433))')%20and%20ContentDate/Start%20gt%202019-04-09T07:36:19Z%20and%20ContentDate/Start%20lt%202019-05-09T07:36:19Z%20and%20contains(Name,'_GRD')"
48MXU/2018-12-06,48MXU,2018-12-06,S2A_MSIL2A_20181206T030101_N0500_R032_T48MXU_20230726T030419.SAFE,2018-12-06T03:01:01Z,S1A_IW_GRDH_1SDV_20181207T112307_20181207T112336_024918_02BEB6_124A.SAFE,2018-12-07T11:23:07Z,+32.37,106.399297,-5.92303,"105.902658, -6.420716, 106.896891, -5.425259","curl -u ""$PL_API_KEY:"" -X POST ""https://api.planet.com/data/v1/quick-search"" -H ""Content-Type: application/json"" -d '{""item_types"":[""PSScene""],""filter"":{""type"":""AndFilter"",""config"":[{""type"":""GeometryFilter"",""field_name"":""geometry"",""config"":{""type"":""Polygon"",""coordinates"":[[[105.904272518934,-6.420715587361],[105.902658066358,-5.42755134191],[106.893506054654,-5.425259436845],[106.896890781931,-6.418001169942],[105.904272518934,-6.420715587361]]]}},{""type"":""DateRangeFilter"",""field_name"":""acquired"",""config"":{""gte"":""2018-12-05T03:01:01Z"",""lte"":""2018-12-07T03:01:01Z""}}]},""sort"":[{""field_name"":""acquired"",""direction"":""asc""}],""limit"":250}'","https://catalogue.dataspace.copernicus.eu/odata/v1/Products?$top=200&$orderby=ContentDate/Start%20asc&$filter=Collection/Name%20eq%20'SENTINEL-1'%20and%20OData.CSC.Intersects(area=geography'SRID=4326;POLYGON((105.902658066358%20-6.420715587361,105.902658066358%20-5.425259436845,106.896890781931%20-5.425259436845,106.896890781931%20-6.420715587361,105.902658066358%20-6.420715587361))')%20and%20ContentDate/Start%20gt%202018-11-21T03:01:01Z%20and%20ContentDate/Start%20lt%202018-12-21T03:01:01Z%20and%20contains(Name,'_GRD')"
48MXU/2019-05-25,48MXU,2019-05-25,S2A_MSIL2A_20190525T025551_N0500_R032_T48MXU_20221214T015914.SAFE,2019-05-25T02:55:51Z,S1A_IW_GRDH_1SDV_20190524T112307_20190524T112336_027368_031646_D86A.SAFE,2019-05-24T11:23:07Z,-15.55,106.399297,-5.92303,"105.902658, -6.420716, 106.896891, -5.425259","curl -u ""$PL_API_KEY:"" -X POST ""https://api.planet.com/data/v1/quick-search"" -H ""Content-Type: application/json"" -d '{""item_types"":[""PSScene""],""filter"":{""type"":""AndFilter"",""config"":[{""type"":""GeometryFilter"",""field_name"":""geometry"",""config"":{""type"":""Polygon"",""coordinates"":[[[105.904272518934,-6.420715587361],[105.902658066358,-5.42755134191],[106.893506054654,-5.425259436845],[106.896890781931,-6.418001169942],[105.904272518934,-6.420715587361]]]}},{""type"":""DateRangeFilter"",""field_name"":""acquired"",""config"":{""gte"":""2019-05-24T02:55:51Z"",""lte"":""2019-05-26T02:55:51Z""}}]},""sort"":[{""field_name"":""acquired"",""direction"":""asc""}],""limit"":250}'","https://catalogue.dataspace.copernicus.eu/odata/v1/Products?$top=200&$orderby=ContentDate/Start%20asc&$filter=Collection/Name%20eq%20'SENTINEL-1'%20and%20OData.CSC.Intersects(area=geography'SRID=4326;POLYGON((105.902658066358%20-6.420715587361,105.902658066358%20-5.425259436845,106.896890781931%20-5.425259436845,106.896890781931%20-6.420715587361,105.902658066358%20-6.420715587361))')%20and%20ContentDate/Start%20gt%202019-05-10T02:55:51Z%20and%20ContentDate/Start%20lt%202019-06-09T02:55:51Z%20and%20contains(Name,'_GRD')"
48MYU/2017-12-06,48MYU,2017-12-06,S2B_MSIL2A_20171206T030059_N0500_R032_T48MYU_20230908T033818.SAFE,2017-12-06T03:00:59Z,S1A_IW_GRDH_1SDV_20171207T111434_20171207T111503_019595_021487_44F2.SAFE,2017-12-07T11:14:34Z,+32.23,107.301894,-5.920017,"106.804728, -6.418323, 107.800057, -5.421763","curl -u ""$PL_API_KEY:"" -X POST ""https://api.planet.com/data/v1/quick-search"" -H ""Content-Type: application/json"" -d '{""item_types"":[""PSScene""],""filter"":{""type"":""AndFilter"",""config"":[{""type"":""GeometryFilter"",""field_name"":""geometry"",""config"":{""type"":""Polygon"",""coordinates"":[[[106.807954000271,-6.418322819481],[106.804727752473,-5.425531020236],[107.795064553776,-5.42176328824],[107.800056557084,-6.413860514555],[106.807954000271,-6.418322819481]]]}},{""type"":""DateRangeFilter"",""field_name"":""acquired"",""config"":{""gte"":""2017-12-05T03:00:59Z"",""lte"":""2017-12-07T03:00:59Z""}}]},""sort"":[{""field_name"":""acquired"",""direction"":""asc""}],""limit"":250}'","https://catalogue.dataspace.copernicus.eu/odata/v1/Products?$top=200&$orderby=ContentDate/Start%20asc&$filter=Collection/Name%20eq%20'SENTINEL-1'%20and%20OData.CSC.Intersects(area=geography'SRID=4326;POLYGON((106.804727752473%20-6.418322819481,106.804727752473%20-5.42176328824,107.800056557084%20-5.42176328824,107.800056557084%20-6.418322819481,106.804727752473%20-6.418322819481))')%20and%20ContentDate/Start%20gt%202017-11-21T03:00:59Z%20and%20ContentDate/Start%20lt%202017-12-21T03:00:59Z%20and%20contains(Name,'_GRD')"
48MYU/2019-12-01,48MYU,2019-12-01,S2A_MSIL2A_20191201T030101_N0500_R032_T48MYU_20230525T050029.SAFE,2019-12-01T03:01:01Z,S1A_IW_GRDH_1SDV_20191130T222537_20191130T222602_030146_0371CB_0E1E.SAFE,2019-11-30T22:25:37Z,-4.59,107.301894,-5.920017,"106.804728, -6.418323, 107.800057, -5.421763","curl -u ""$PL_API_KEY:"" -X POST ""https://api.planet.com/data/v1/quick-search"" -H ""Content-Type: application/json"" -d '{""item_types"":[""PSScene""],""filter"":{""type"":""AndFilter"",""config"":[{""type"":""GeometryFilter"",""field_name"":""geometry"",""config"":{""type"":""Polygon"",""coordinates"":[[[106.807954000271,-6.418322819481],[106.804727752473,-5.425531020236],[107.795064553776,-5.42176328824],[107.800056557084,-6.413860514555],[106.807954000271,-6.418322819481]]]}},{""type"":""DateRangeFilter"",""field_name"":""acquired"",""config"":{""gte"":""2019-11-30T03:01:01Z"",""lte"":""2019-12-02T03:01:01Z""}}]},""sort"":[{""field_name"":""acquired"",""direction"":""asc""}],""limit"":250}'","https://catalogue.dataspace.copernicus.eu/odata/v1/Products?$top=200&$orderby=ContentDate/Start%20asc&$filter=Collection/Name%20eq%20'SENTINEL-1'%20and%20OData.CSC.Intersects(area=geography'SRID=4326;POLYGON((106.804727752473%20-6.418322819481,106.804727752473%20-5.42176328824,107.800056557084%20-5.42176328824,107.800056557084%20-6.418322819481,106.804727752473%20-6.418322819481))')%20and%20ContentDate/Start%20gt%202019-11-16T03:01:01Z%20and%20ContentDate/Start%20lt%202019-12-16T03:01:01Z%20and%20contains(Name,'_GRD')"
48PZC/2018-01-18,48PZC,2018-01-18,S2B_MSIL2A_20180118T031039_N0500_R075_T48PZC_20230902T130044.SAFE,2018-01-18T03:10:39Z,S1A_IW_GRDH_1SDV_20180118T224348_20180118T224413_020215_0227E8_5C75.SAFE,2018-01-18T22:43:48Z,+19.55,108.311301,15.759105,"107.792905, 15.255698, 108.832323, 16.262223","curl -u ""$PL_API_KEY:"" -X POST ""https://api.planet.com/data/v1/quick-search"" -H ""Content-Type: application/json"" -d '{""item_types"":[""PSScene""],""filter"":{""type"":""AndFilter"",""config"":[{""type"":""GeometryFilter"",""field_name"":""geometry"",""config"":{""type"":""Polygon"",""coordinates"":[[[107.792904868215,15.270756596368],[107.806509943819,16.262223406147],[108.832322523995,16.246135896158],[108.813770144337,15.255697629233],[107.792904868215,15.270756596368]]]}},{""type"":""DateRangeFilter"",""field_name"":""acquired"",""config"":{""gte"":""2018-01-17T03:10:39Z"",""lte"":""2018-01-19T03:10:39Z""}}]},""sort"":[{""field_name"":""acquired"",""direction"":""asc""}],""limit"":250}'","https://catalogue.dataspace.copernicus.eu/odata/v1/Products?$top=200&$orderby=ContentDate/Start%20asc&$filter=Collection/Name%20eq%20'SENTINEL-1'%20and%20OData.CSC.Intersects(area=geography'SRID=4326;POLYGON((107.792904868215%2015.255697629233,107.792904868215%2016.262223406147,108.832322523995%2016.262223406147,108.832322523995%2015.255697629233,107.792904868215%2015.255697629233))')%20and%20ContentDate/Start%20gt%202018-01-03T03:10:39Z%20and%20ContentDate/Start%20lt%202018-02-02T03:10:39Z%20and%20contains(Name,'_GRD')"
48PZC/2018-11-14,48PZC,2018-11-14,S2B_MSIL2A_20181114T030959_N0500_R075_T48PZC_20230815T074008.SAFE,2018-11-14T03:09:59Z,S1A_IW_GRDH_1SDV_20181114T224357_20181114T224422_024590_02B33B_66D2.SAFE,2018-11-14T22:43:57Z,+19.57,108.311301,15.759105,"107.792905, 15.255698, 108.832323, 16.262223","curl -u ""$PL_API_KEY:"" -X POST ""https://api.planet.com/data/v1/quick-search"" -H ""Content-Type: application/json"" -d '{""item_types"":[""PSScene""],""filter"":{""type"":""AndFilter"",""config"":[{""type"":""GeometryFilter"",""field_name"":""geometry"",""config"":{""type"":""Polygon"",""coordinates"":[[[107.792904868215,15.270756596368],[107.806509943819,16.262223406147],[108.832322523995,16.246135896158],[108.813770144337,15.255697629233],[107.792904868215,15.270756596368]]]}},{""type"":""DateRangeFilter"",""field_name"":""acquired"",""config"":{""gte"":""2018-11-13T03:09:59Z"",""lte"":""2018-11-15T03:09:59Z""}}]},""sort"":[{""field_name"":""acquired"",""direction"":""asc""}],""limit"":250}'","https://catalogue.dataspace.copernicus.eu/odata/v1/Products?$top=200&$orderby=ContentDate/Start%20asc&$filter=Collection/Name%20eq%20'SENTINEL-1'%20and%20OData.CSC.Intersects(area=geography'SRID=4326;POLYGON((107.792904868215%2015.255697629233,107.792904868215%2016.262223406147,108.832322523995%2016.262223406147,108.832322523995%2015.255697629233,107.792904868215%2015.255697629233))')%20and%20ContentDate/Start%20gt%202018-10-30T03:09:59Z%20and%20ContentDate/Start%20lt%202018-11-29T03:09:59Z%20and%20contains(Name,'_GRD')"
48PZC/2019-11-24,48PZC,2019-11-24,S2A_MSIL2A_20191124T031041_N0500_R075_T48PZC_20230615T080017.SAFE,2019-11-24T03:10:41Z,S1A_IW_GRDH_1SDV_20191124T105609_20191124T105634_030052_036E82_E062.SAFE,2019-11-24T10:56:09Z,+7.76,108.311301,15.759105,"107.792905, 15.255698, 108.832323, 16.262223","curl -u ""$PL_API_KEY:"" -X POST ""https://api.planet.com/data/v1/quick-search"" -H ""Content-Type: application/json"" -d '{""item_types"":[""PSScene""],""filter"":{""type"":""AndFilter"",""config"":[{""type"":""GeometryFilter"",""field_name"":""geometry"",""config"":{""type"":""Polygon"",""coordinates"":[[[107.792904868215,15.270756596368],[107.806509943819,16.262223406147],[108.832322523995,16.246135896158],[108.813770144337,15.255697629233],[107.792904868215,15.270756596368]]]}},{""type"":""DateRangeFilter"",""field_name"":""acquired"",""config"":{""gte"":""2019-11-23T03:10:41Z"",""lte"":""2019-11-25T03:10:41Z""}}]},""sort"":[{""field_name"":""acquired"",""direction"":""asc""}],""limit"":250}'","https://catalogue.dataspace.copernicus.eu/odata/v1/Products?$top=200&$orderby=ContentDate/Start%20asc&$filter=Collection/Name%20eq%20'SENTINEL-1'%20and%20OData.CSC.Intersects(area=geography'SRID=4326;POLYGON((107.792904868215%2015.255697629233,107.792904868215%2016.262223406147,108.832322523995%2016.262223406147,108.832322523995%2015.255697629233,107.792904868215%2015.255697629233))')%20and%20ContentDate/Start%20gt%202019-11-09T03:10:41Z%20and%20ContentDate/Start%20lt%202019-12-09T03:10:41Z%20and%20contains(Name,'_GRD')"
50LLR/2018-03-04,50LLR,2018-03-04,S2B_MSIL2A_20180304T021559_N0500_R003_T50LLR_20230809T001216.SAFE,2018-03-04T02:15:59Z,S1B_IW_GRDH_1SDV_20180302T215218_20180302T215252_009858_011D4A_3D75.SAFE,2018-03-02T21:52:18Z,-28.39,115.681311,-8.636243,"115.180030, -9.134276, 116.181225, -8.137976","curl -u ""$PL_API_KEY:"" -X POST ""https://api.planet.com/data/v1/quick-search"" -H ""Content-Type: application/json"" -d '{""item_types"":[""PSScene""],""filter"":{""type"":""AndFilter"",""config"":[{""type"":""GeometryFilter"",""field_name"":""geometry"",""config"":{""type"":""Polygon"",""coordinates"":[[[115.180030254015,-9.130643546573],[115.184782467414,-8.137976445065],[116.181224881124,-8.141208532494],[116.179080192187,-9.134276021597],[115.180030254015,-9.130643546573]]]}},{""type"":""DateRangeFilter"",""field_name"":""acquired"",""config"":{""gte"":""2018-03-03T02:15:59Z"",""lte"":""2018-03-05T02:15:59Z""}}]},""sort"":[{""field_name"":""acquired"",""direction"":""asc""}],""limit"":250}'","https://catalogue.dataspace.copernicus.eu/odata/v1/Products?$top=200&$orderby=ContentDate/Start%20asc&$filter=Collection/Name%20eq%20'SENTINEL-1'%20and%20OData.CSC.Intersects(area=geography'SRID=4326;POLYGON((115.180030254015%20-9.134276021597,115.180030254015%20-8.137976445065,116.181224881124%20-8.137976445065,116.181224881124%20-9.134276021597,115.180030254015%20-9.134276021597))')%20and%20ContentDate/Start%20gt%202018-02-17T02:15:59Z%20and%20ContentDate/Start%20lt%202018-03-19T02:15:59Z%20and%20contains(Name,'_GRD')"
51PTS/2016-07-17,51PTS,2016-07-17,S2A_MSIL2A_20160717T021612_N0500_R003_T51PTS_20231005T175024.SAFE,2016-07-17T02:16:12Z,S1A_IW_GRDH_1SDV_20160716T214631_20160716T214656_012179_012E3A_B51E.SAFE,2016-07-16T21:46:31Z,-4.49,120.721926,14.869272,"120.205543, 14.368052, 121.235879, 15.370088","curl -u ""$PL_API_KEY:"" -X POST ""https://api.planet.com/data/v1/quick-search"" -H ""Content-Type: application/json"" -d '{""item_types"":[""PSScene""],""filter"":{""type"":""AndFilter"",""config"":[{""type"":""GeometryFilter"",""field_name"":""geometry"",""config"":{""type"":""Polygon"",""coordinates"":[[[120.218279188562,14.368052294337],[120.205542908778,15.359608800802],[121.227793842089,15.370088377261],[121.235878626903,14.377826199028],[120.218279188562,14.368052294337]]]}},{""type"":""DateRangeFilter"",""field_name"":""acquired"",""config"":{""gte"":""2016-07-16T02:16:12Z"",""lte"":""2016-07-18T02:16:12Z""}}]},""sort"":[{""field_name"":""acquired"",""direction"":""asc""}],""limit"":250}'","https://catalogue.dataspace.copernicus.eu/odata/v1/Products?$top=200&$orderby=ContentDate/Start%20asc&$filter=Collection/Name%20eq%20'SENTINEL-1'%20and%20OData.CSC.Intersects(area=geography'SRID=4326;POLYGON((120.205542908778%2014.368052294337,120.205542908778%2015.370088377261,121.235878626903%2015.370088377261,121.235878626903%2014.368052294337,120.205542908778%2014.368052294337))')%20and%20ContentDate/Start%20gt%202016-07-02T02:16:12Z%20and%20ContentDate/Start%20lt%202016-08-01T02:16:12Z%20and%20contains(Name,'_GRD')"
51PTS/2019-05-18,51PTS,2019-05-18,S2B_MSIL2A_20190518T021609_N0500_R003_T51PTS_20221205T022039.SAFE,2019-05-18T02:16:09Z,S1B_IW_GRDH_1SDV_20190516T100611_20190516T100636_016268_01E9DC_B46C.SAFE,2019-05-16T10:06:11Z,-40.17,120.721926,14.869272,"120.205543, 14.368052, 121.235879, 15.370088","curl -u ""$PL_API_KEY:"" -X POST ""https://api.planet.com/data/v1/quick-search"" -H ""Content-Type: application/json"" -d '{""item_types"":[""PSScene""],""filter"":{""type"":""AndFilter"",""config"":[{""type"":""GeometryFilter"",""field_name"":""geometry"",""config"":{""type"":""Polygon"",""coordinates"":[[[120.218279188562,14.368052294337],[120.205542908778,15.359608800802],[121.227793842089,15.370088377261],[121.235878626903,14.377826199028],[120.218279188562,14.368052294337]]]}},{""type"":""DateRangeFilter"",""field_name"":""acquired"",""config"":{""gte"":""2019-05-17T02:16:09Z"",""lte"":""2019-05-19T02:16:09Z""}}]},""sort"":[{""field_name"":""acquired"",""direction"":""asc""}],""limit"":250}'","https://catalogue.dataspace.copernicus.eu/odata/v1/Products?$top=200&$orderby=ContentDate/Start%20asc&$filter=Collection/Name%20eq%20'SENTINEL-1'%20and%20OData.CSC.Intersects(area=geography'SRID=4326;POLYGON((120.205542908778%2014.368052294337,120.205542908778%2015.370088377261,121.235878626903%2015.370088377261,121.235878626903%2014.368052294337,120.205542908778%2014.368052294337))')%20and%20ContentDate/Start%20gt%202019-05-03T02:16:09Z%20and%20ContentDate/Start%20lt%202019-06-02T02:16:09Z%20and%20contains(Name,'_GRD')"
51RVQ/2017-08-29,51RVQ,2017-08-29,S2B_MSIL2A_20170829T022549_N0500_R046_T51RVQ_20230920T083657.SAFE,2017-08-29T02:25:49Z,S1A_IW_GRDH_1SDV_20170826T095437_20170826T095502_018093_01E622_9A3C.SAFE,2017-08-26T09:54:37Z,-64.52,122.526482,31.138883,"121.945103, 30.640627, 123.102924, 31.635506","curl -u ""$PL_API_KEY:"" -X POST ""https://api.planet.com/data/v1/quick-search"" -H ""Content-Type: application/json"" -d '{""item_types"":[""PSScene""],""filter"":{""type"":""AndFilter"",""config"":[{""type"":""GeometryFilter"",""field_name"":""geometry"",""config"":{""type"":""Polygon"",""coordinates"":[[[121.956010969442,30.640626789849],[121.945103014028,31.631189145315],[123.102924143664,31.63550562835],[123.101859642169,30.644778741641],[121.956010969442,30.640626789849]]]}},{""type"":""DateRangeFilter"",""field_name"":""acquired"",""config"":{""gte"":""2017-08-28T02:25:49Z"",""lte"":""2017-08-30T02:25:49Z""}}]},""sort"":[{""field_name"":""acquired"",""direction"":""asc""}],""limit"":250}'","https://catalogue.dataspace.copernicus.eu/odata/v1/Products?$top=200&$orderby=ContentDate/Start%20asc&$filter=Collection/Name%20eq%20'SENTINEL-1'%20and%20OData.CSC.Intersects(area=geography'SRID=4326;POLYGON((121.945103014028%2030.640626789849,121.945103014028%2031.63550562835,123.102924143664%2031.63550562835,123.102924143664%2030.640626789849,121.945103014028%2030.640626789849))')%20and%20ContentDate/Start%20gt%202017-08-14T02:25:49Z%20and%20ContentDate/Start%20lt%202017-09-13T02:25:49Z%20and%20contains(Name,'_GRD')"
