sample_id,image_path,scene_id,normalized_class_label
before_20181030T181758_05,D:\Masters\Data_Creation\Patches\meria_global\before_20181030T181758\plastic\before_20181030T181758_05_image.tif,before_20181030T181758,plastic
before_20181030T181758_06,D:\Masters\Data_Creation\Patches\meria_global\before_20181030T181758\plastic\before_20181030T181758_06_image.tif,before_20181030T181758,plastic
before_20181030T181758_07,D:\Masters\Data_Creation\Patches\meria_global\before_20181030T181758\plastic\before_20181030T181758_07_image.tif,before_20181030T181758,plastic
before_20181030T181758_09,D:\Masters\Data_Creation\Patches\meria_global\before_20181030T181758\plastic\before_20181030T181758_09_image.tif,before_20181030T181758,plastic
before_20181030T181758_10,D:\Masters\Data_Creation\Patches\meria_global\before_20181030T181758\plastic\before_20181030T181758_10_image.tif,before_20181030T181758,plastic
before_20181030T181758_01,D:\Masters\Data_Creation\Patches\meria_global\before_20181030T181758\plastic\before_20181030T181758_01_image.tif,before_20181030T181758,plastic
before_20181030T181758_02,D:\Masters\Data_Creation\Patches\meria_global\before_20181030T181758\plastic\before_20181030T181758_02_image.tif,before_20181030T181758,plastic
before_20181030T181758_03,D:\Masters\Data_Creation\Patches\meria_global\before_20181030T181758\plastic\before_20181030T181758_03_image.tif,before_20181030T181758,plastic
before_20181030T181758_04,D:\Masters\Data_Creation\Patches\meria_global\before_20181030T181758\plastic\before_20181030T181758_04_image.tif,before_20181030T181758,plastic
